{
"type": "FeatureCollection",
"name": "candidate_sites_prepped",
"crs": { "type": "name", "properties": { "name": "urn:ogc:def:crs:EPSG::3857" } },
"features": [
{ "type": "Feature", "properties": { "degree": 3, "GEOID": "11001010602", "population": 6682.0, "median_income": 2931.0, "demand_score": 2.4080268663889082 }, "geometry": { "type": "Point", "coordinates": [ -8571174.0, 4707988.0 ] } },
{ "type": "Feature", "properties": { "degree": 4, "GEOID": "11001010602", "population": 6682.0, "median_income": 2931.0, "demand_score": 2.4046307762694861 }, "geometry": { "type": "Point", "coordinates": [ -8570906.0, 4707870.0 ] } },
{ "type": "Feature", "properties": { "degree": 4, "GEOID": "11001010602", "population": 6682.0, "median_income": 2931.0, "demand_score": 2.4023830619859732 }, "geometry": { "type": "Point", "coordinates": [ -8571174.0, 4707891.999999999068677 ] } },
{ "type": "Feature", "properties": { "degree": 4, "GEOID": "11001010602", "population": 6682.0, "median_income": 2931.0, "demand_score": 2.4021162941150052 }, "geometry": { "type": "Point", "coordinates": [ -8570906.0, 4707891.999999999068677 ] } },
{ "type": "Feature", "properties": { "degree": 4, "GEOID": "11001010602", "population": 6682.0, "median_income": 2931.0, "demand_score": 2.402036941054194 }, "geometry": { "type": "Point", "coordinates": [ -8570880.999999998137355, 4707891.999999999068677 ] } },
{ "type": "Feature", "properties": { "degree": 4, "GEOID": "11001010602", "population": 6682.0, "median_income": 2931.0, "demand_score": 2.4004703208228499 }, "geometry": { "type": "Point", "coordinates": [ -8571040.0, 4707890.999999999068677 ] } },
{ "type": "Feature", "properties": { "degree": 3, "GEOID": "11001002802", "population": 5415.0, "median_income": 2777.0, "demand_score": 2.1719321688049562 }, "geometry": { "type": "Point", "coordinates": [ -8575659.0, 4711735.0 ] } },
{ "type": "Feature", "properties": { "degree": 4, "GEOID": "11001002802", "population": 5415.0, "median_income": 2777.0, "demand_score": 2.1716920624034834 }, "geometry": { "type": "Point", "coordinates": [ -8575659.0, 4711715.000000001862645 ] } },
{ "type": "Feature", "properties": { "degree": 4, "GEOID": "11001002802", "population": 5415.0, "median_income": 2777.0, "demand_score": 2.1643952579821528 }, "geometry": { "type": "Point", "coordinates": [ -8575630.0, 4711461.0 ] } },
{ "type": "Feature", "properties": { "degree": 4, "GEOID": "11001002802", "population": 5415.0, "median_income": 2777.0, "demand_score": 2.1518272502935076 }, "geometry": { "type": "Point", "coordinates": [ -8575555.999999998137355, 4711229.0 ] } },
{ "type": "Feature", "properties": { "degree": 4, "GEOID": "11001007703", "population": 6923.0, "median_income": 2340.0, "demand_score": 2.1515220923179887 }, "geometry": { "type": "Point", "coordinates": [ -8566273.0, 4705760.0 ] } },
{ "type": "Feature", "properties": { "degree": 4, "GEOID": "11001002101", "population": 6019.0, "median_income": 2458.0, "demand_score": 2.1481412951129513 }, "geometry": { "type": "Point", "coordinates": [ -8574287.999999998137355, 4715724.999999999068677 ] } },
{ "type": "Feature", "properties": { "degree": 4, "GEOID": "11001000300", "population": 5979.0, "median_income": 2471.0, "demand_score": 2.1470724760913837 }, "geometry": { "type": "Point", "coordinates": [ -8579517.0, 4709305.999999999068677 ] } },
{ "type": "Feature", "properties": { "degree": 3, "GEOID": "11001000300", "population": 5979.0, "median_income": 2471.0, "demand_score": 2.1468582578623834 }, "geometry": { "type": "Point", "coordinates": [ -8580065.0, 4710317.0 ] } },
{ "type": "Feature", "properties": { "degree": 3, "GEOID": "11001000300", "population": 5979.0, "median_income": 2471.0, "demand_score": 2.14679987252042 }, "geometry": { "type": "Point", "coordinates": [ -8580178.0, 4710467.000000000931323 ] } },
{ "type": "Feature", "properties": { "degree": 4, "GEOID": "11001002802", "population": 5415.0, "median_income": 2777.0, "demand_score": 2.1422048367789239 }, "geometry": { "type": "Point", "coordinates": [ -8575550.999999998137355, 4711125.0 ] } },
{ "type": "Feature", "properties": { "degree": 4, "GEOID": "11001007703", "population": 6923.0, "median_income": 2340.0, "demand_score": 2.1416713836160159 }, "geometry": { "type": "Point", "coordinates": [ -8566414.0, 4705582.999999999068677 ] } },
{ "type": "Feature", "properties": { "degree": 3, "GEOID": "11001002101", "population": 6019.0, "median_income": 2458.0, "demand_score": 2.1406429585052629 }, "geometry": { "type": "Point", "coordinates": [ -8574179.0, 4715729.0 ] } },
{ "type": "Feature", "properties": { "degree": 4, "GEOID": "11001002101", "population": 6019.0, "median_income": 2458.0, "demand_score": 2.1391610270149104 }, "geometry": { "type": "Point", "coordinates": [ -8574473.999999998137355, 4715565.000000000931323 ] } },
{ "type": "Feature", "properties": { "degree": 4, "GEOID": "11001000300", "population": 5979.0, "median_income": 2471.0, "demand_score": 2.139081872677612 }, "geometry": { "type": "Point", "coordinates": [ -8579706.0, 4709558.999999999068677 ] } },
{ "type": "Feature", "properties": { "degree": 4, "GEOID": "11001007703", "population": 6923.0, "median_income": 2340.0, "demand_score": 2.1382052591490388 }, "geometry": { "type": "Point", "coordinates": [ -8566200.999999998137355, 4705667.999999999068677 ] } },
{ "type": "Feature", "properties": { "degree": 3, "GEOID": "11001000300", "population": 5979.0, "median_income": 2471.0, "demand_score": 2.1378363219375913 }, "geometry": { "type": "Point", "coordinates": [ -8580065.0, 4710101.999999999068677 ] } },
{ "type": "Feature", "properties": { "degree": 5, "GEOID": "11001002802", "population": 5415.0, "median_income": 2777.0, "demand_score": 2.1375886298689331 }, "geometry": { "type": "Point", "coordinates": [ -8575663.0, 4711154.0 ] } },
{ "type": "Feature", "properties": { "degree": 4, "GEOID": "11001000300", "population": 5979.0, "median_income": 2471.0, "demand_score": 2.1374147470352201 }, "geometry": { "type": "Point", "coordinates": [ -8580179.0, 4710317.999999999068677 ] } },
{ "type": "Feature", "properties": { "degree": 4, "GEOID": "11001002101", "population": 6019.0, "median_income": 2458.0, "demand_score": 2.1369390440706484 }, "geometry": { "type": "Point", "coordinates": [ -8574737.0, 4715555.000000000931323 ] } },
{ "type": "Feature", "properties": { "degree": 4, "GEOID": "11001000300", "population": 5979.0, "median_income": 2471.0, "demand_score": 2.1358617074417778 }, "geometry": { "type": "Point", "coordinates": [ -8579702.0, 4709430.0 ] } },
{ "type": "Feature", "properties": { "degree": 3, "GEOID": "11001000300", "population": 5979.0, "median_income": 2471.0, "demand_score": 2.1356964061942776 }, "geometry": { "type": "Point", "coordinates": [ -8579512.0, 4709163.000000000931323 ] } },
{ "type": "Feature", "properties": { "degree": 3, "GEOID": "11001007703", "population": 6923.0, "median_income": 2340.0, "demand_score": 2.1353807880934208 }, "geometry": { "type": "Point", "coordinates": [ -8566551.0, 4705471.0 ] } },
{ "type": "Feature", "properties": { "degree": 4, "GEOID": "11001002101", "population": 6019.0, "median_income": 2458.0, "demand_score": 2.1352110956726089 }, "geometry": { "type": "Point", "coordinates": [ -8574654.0, 4714780.999999999068677 ] } },
{ "type": "Feature", "properties": { "degree": 3, "GEOID": "11001007703", "population": 6923.0, "median_income": 2340.0, "demand_score": 2.1347804957897472 }, "geometry": { "type": "Point", "coordinates": [ -8566183.0, 4705643.999999999068677 ] } },
{ "type": "Feature", "properties": { "degree": 4, "GEOID": "11001002101", "population": 6019.0, "median_income": 2458.0, "demand_score": 2.1340823681645085 }, "geometry": { "type": "Point", "coordinates": [ -8574669.999999998137355, 4714929.0 ] } },
{ "type": "Feature", "properties": { "degree": 4, "GEOID": "11001002101", "population": 6019.0, "median_income": 2458.0, "demand_score": 2.1340222815169883 }, "geometry": { "type": "Point", "coordinates": [ -8574095.999999998137355, 4715732.000000000931323 ] } },
{ "type": "Feature", "properties": { "degree": 4, "GEOID": "11001002101", "population": 6019.0, "median_income": 2458.0, "demand_score": 2.1327484253174251 }, "geometry": { "type": "Point", "coordinates": [ -8574281.999999998137355, 4715572.0 ] } },
{ "type": "Feature", "properties": { "degree": 4, "GEOID": "11001002101", "population": 6019.0, "median_income": 2458.0, "demand_score": 2.1299888709065624 }, "geometry": { "type": "Point", "coordinates": [ -8574093.999999998137355, 4715682.0 ] } },
{ "type": "Feature", "properties": { "degree": 4, "GEOID": "11001007703", "population": 6923.0, "median_income": 2340.0, "demand_score": 2.1298363872007311 }, "geometry": { "type": "Point", "coordinates": [ -8565842.0, 4705897.999999999068677 ] } },
{ "type": "Feature", "properties": { "degree": 4, "GEOID": "11001000300", "population": 5979.0, "median_income": 2471.0, "demand_score": 2.1298258574949851 }, "geometry": { "type": "Point", "coordinates": [ -8579698.0, 4709300.0 ] } },
{ "type": "Feature", "properties": { "degree": 3, "GEOID": "11001007703", "population": 6923.0, "median_income": 2340.0, "demand_score": 2.1289312964189486 }, "geometry": { "type": "Point", "coordinates": [ -8566322.999999998137355, 4705502.999999999068677 ] } },
{ "type": "Feature", "properties": { "degree": 4, "GEOID": "11001000300", "population": 5979.0, "median_income": 2471.0, "demand_score": 2.1286308212005065 }, "geometry": { "type": "Point", "coordinates": [ -8580274.0, 4710317.0 ] } },
{ "type": "Feature", "properties": { "degree": 4, "GEOID": "11001000300", "population": 5979.0, "median_income": 2471.0, "demand_score": 2.1283163845408537 }, "geometry": { "type": "Point", "coordinates": [ -8579865.0, 4709554.0 ] } },
{ "type": "Feature", "properties": { "degree": 4, "GEOID": "11001002101", "population": 6019.0, "median_income": 2458.0, "demand_score": 2.1282634896085368 }, "geometry": { "type": "Point", "coordinates": [ -8574688.0, 4715097.0 ] } },
{ "type": "Feature", "properties": { "degree": 3, "GEOID": "11001007703", "population": 6923.0, "median_income": 2340.0, "demand_score": 2.1256907648285308 }, "geometry": { "type": "Point", "coordinates": [ -8566031.0, 4705658.0 ] } },
{ "type": "Feature", "properties": { "degree": 4, "GEOID": "11001000300", "population": 5979.0, "median_income": 2471.0, "demand_score": 2.1248071118769625 }, "geometry": { "type": "Point", "coordinates": [ -8580179.0, 4710101.999999999068677 ] } },
{ "type": "Feature", "properties": { "degree": 4, "GEOID": "11001002101", "population": 6019.0, "median_income": 2458.0, "demand_score": 2.1218035756041567 }, "geometry": { "type": "Point", "coordinates": [ -8574468.0, 4715412.0 ] } },
{ "type": "Feature", "properties": { "degree": 4, "GEOID": "11001002101", "population": 6019.0, "median_income": 2458.0, "demand_score": 2.1214966420942565 }, "geometry": { "type": "Point", "coordinates": [ -8574656.0, 4715403.999999999068677 ] } },
{ "type": "Feature", "properties": { "degree": 4, "GEOID": "11001002101", "population": 6019.0, "median_income": 2458.0, "demand_score": 2.1211634161656483 }, "geometry": { "type": "Point", "coordinates": [ -8574090.999999998137355, 4715578.999999999068677 ] } },
{ "type": "Feature", "properties": { "degree": 4, "GEOID": "11001000300", "population": 5979.0, "median_income": 2471.0, "demand_score": 2.1211125364204486 }, "geometry": { "type": "Point", "coordinates": [ -8579691.0, 4709160.000000000931323 ] } },
{ "type": "Feature", "properties": { "degree": 4, "GEOID": "11001002101", "population": 6019.0, "median_income": 2458.0, "demand_score": 2.1203525862932073 }, "geometry": { "type": "Point", "coordinates": [ -8574721.0, 4715403.0 ] } },
{ "type": "Feature", "properties": { "degree": 3, "GEOID": "11001007703", "population": 6923.0, "median_income": 2340.0, "demand_score": 2.1194777599410779 }, "geometry": { "type": "Point", "coordinates": [ -8565728.0, 4705896.999999999068677 ] } },
{ "type": "Feature", "properties": { "degree": 4, "GEOID": "11001000300", "population": 5979.0, "median_income": 2471.0, "demand_score": 2.1193361117983796 }, "geometry": { "type": "Point", "coordinates": [ -8580370.0, 4710317.0 ] } },
{ "type": "Feature", "properties": { "degree": 4, "GEOID": "11001000300", "population": 5979.0, "median_income": 2471.0, "demand_score": 2.1185400152751179 }, "geometry": { "type": "Point", "coordinates": [ -8579860.0, 4709424.999999999068677 ] } },
{ "type": "Feature", "properties": { "degree": 3, "GEOID": "11001002101", "population": 6019.0, "median_income": 2458.0, "demand_score": 2.117467485364152 }, "geometry": { "type": "Point", "coordinates": [ -8573909.0, 4715743.0 ] } },
{ "type": "Feature", "properties": { "degree": 3, "GEOID": "11001007703", "population": 6923.0, "median_income": 2340.0, "demand_score": 2.1168587195539894 }, "geometry": { "type": "Point", "coordinates": [ -8565986.0, 4705595.000000000931323 ] } },
{ "type": "Feature", "properties": { "degree": 4, "GEOID": "11001002101", "population": 6019.0, "median_income": 2458.0, "demand_score": 2.1165920294015996 }, "geometry": { "type": "Point", "coordinates": [ -8574276.0, 4715419.000000000931323 ] } },
{ "type": "Feature", "properties": { "degree": 3, "GEOID": "11001007703", "population": 6923.0, "median_income": 2340.0, "demand_score": 2.1164716669936214 }, "geometry": { "type": "Point", "coordinates": [ -8566081.999999998137355, 4705519.0 ] } },
{ "type": "Feature", "properties": { "degree": 3, "GEOID": "11001000300", "population": 5979.0, "median_income": 2471.0, "demand_score": 2.1162210266361039 }, "geometry": { "type": "Point", "coordinates": [ -8580022.0, 4709549.0 ] } },
{ "type": "Feature", "properties": { "degree": 3, "GEOID": "11001000300", "population": 5979.0, "median_income": 2471.0, "demand_score": 2.1154469160958458 }, "geometry": { "type": "Point", "coordinates": [ -8580479.999999998137355, 4710494.0 ] } },
{ "type": "Feature", "properties": { "degree": 3, "GEOID": "11001000300", "population": 5979.0, "median_income": 2471.0, "demand_score": 2.1138350237562626 }, "geometry": { "type": "Point", "coordinates": [ -8580275.0, 4710101.999999999068677 ] } },
{ "type": "Feature", "properties": { "degree": 3, "GEOID": "11001000300", "population": 5979.0, "median_income": 2471.0, "demand_score": 2.1138075565953258 }, "geometry": { "type": "Point", "coordinates": [ -8580083.0, 4709584.0 ] } },
{ "type": "Feature", "properties": { "degree": 3, "GEOID": "11001000300", "population": 5979.0, "median_income": 2471.0, "demand_score": 2.1137737911176293 }, "geometry": { "type": "Point", "coordinates": [ -8579854.999999998137355, 4709296.0 ] } },
{ "type": "Feature", "properties": { "degree": 4, "GEOID": "11001002101", "population": 6019.0, "median_income": 2458.0, "demand_score": 2.1113148946683911 }, "geometry": { "type": "Point", "coordinates": [ -8574445.0, 4714787.999999999068677 ] } },
{ "type": "Feature", "properties": { "degree": 3, "GEOID": "11001000300", "population": 5979.0, "median_income": 2471.0, "demand_score": 2.1110314901429792 }, "geometry": { "type": "Point", "coordinates": [ -8580193.0, 4709700.0 ] } },
{ "type": "Feature", "properties": { "degree": 4, "GEOID": "11001002101", "population": 6019.0, "median_income": 2458.0, "demand_score": 2.1099935821790528 }, "geometry": { "type": "Point", "coordinates": [ -8574454.0, 4714936.0 ] } },
{ "type": "Feature", "properties": { "degree": 4, "GEOID": "11001002101", "population": 6019.0, "median_income": 2458.0, "demand_score": 2.1097389822182429 }, "geometry": { "type": "Point", "coordinates": [ -8574509.000000001862645, 4715104.0 ] } },
{ "type": "Feature", "properties": { "degree": 3, "GEOID": "11001000300", "population": 5979.0, "median_income": 2471.0, "demand_score": 2.1092443869620725 }, "geometry": { "type": "Point", "coordinates": [ -8580052.0, 4709493.0 ] } },
{ "type": "Feature", "properties": { "degree": 4, "GEOID": "11001002101", "population": 6019.0, "median_income": 2458.0, "demand_score": 2.1084630505264346 }, "geometry": { "type": "Point", "coordinates": [ -8574454.0, 4714989.000000000931323 ] } },
{ "type": "Feature", "properties": { "degree": 4, "GEOID": "11001002101", "population": 6019.0, "median_income": 2458.0, "demand_score": 2.1083822659384439 }, "geometry": { "type": "Point", "coordinates": [ -8574583.0, 4715254.0 ] } },
{ "type": "Feature", "properties": { "degree": 4, "GEOID": "11001000300", "population": 5979.0, "median_income": 2471.0, "demand_score": 2.1082591730960663 }, "geometry": { "type": "Point", "coordinates": [ -8580479.999999998137355, 4710317.0 ] } },
{ "type": "Feature", "properties": { "degree": 4, "GEOID": "11001002101", "population": 6019.0, "median_income": 2458.0, "demand_score": 2.1071816172849425 }, "geometry": { "type": "Point", "coordinates": [ -8574429.000000001862645, 4714937.0 ] } },
{ "type": "Feature", "properties": { "degree": 4, "GEOID": "11001002101", "population": 6019.0, "median_income": 2458.0, "demand_score": 2.1068348826639443 }, "geometry": { "type": "Point", "coordinates": [ -8574085.0, 4715426.0 ] } },
{ "type": "Feature", "properties": { "degree": 3, "GEOID": "11001000300", "population": 5979.0, "median_income": 2471.0, "demand_score": 2.1063311265157081 }, "geometry": { "type": "Point", "coordinates": [ -8579851.999999998137355, 4709158.999999999068677 ] } },
{ "type": "Feature", "properties": { "degree": 3, "GEOID": "11001000300", "population": 5979.0, "median_income": 2471.0, "demand_score": 2.1055811746922348 }, "geometry": { "type": "Point", "coordinates": [ -8580016.0, 4709419.0 ] } },
{ "type": "Feature", "properties": { "degree": 4, "GEOID": "11001000300", "population": 5979.0, "median_income": 2471.0, "demand_score": 2.1047547590679954 }, "geometry": { "type": "Point", "coordinates": [ -8580370.0, 4710101.999999999068677 ] } },
{ "type": "Feature", "properties": { "degree": 4, "GEOID": "11001002101", "population": 6019.0, "median_income": 2458.0, "demand_score": 2.1042997400590799 }, "geometry": { "type": "Point", "coordinates": [ -8574463.0, 4715257.999999999068677 ] } },
{ "type": "Feature", "properties": { "degree": 4, "GEOID": "11001002101", "population": 6019.0, "median_income": 2458.0, "demand_score": 2.1042213424209013 }, "geometry": { "type": "Point", "coordinates": [ -8574457.0, 4715106.0 ] } },
{ "type": "Feature", "properties": { "degree": 4, "GEOID": "11001002101", "population": 6019.0, "median_income": 2458.0, "demand_score": 2.1020839783922574 }, "geometry": { "type": "Point", "coordinates": [ -8573822.0, 4715629.999999999068677 ] } },
{ "type": "Feature", "properties": { "degree": 4, "GEOID": "11001000300", "population": 5979.0, "median_income": 2471.0, "demand_score": 2.1019744902118984 }, "geometry": { "type": "Point", "coordinates": [ -8579898.0, 4709160.000000000931323 ] } },
{ "type": "Feature", "properties": { "degree": 3, "GEOID": "11001007703", "population": 6923.0, "median_income": 2340.0, "demand_score": 2.1018847586183411 }, "geometry": { "type": "Point", "coordinates": [ -8565915.0, 4705483.999999999068677 ] } },
{ "type": "Feature", "properties": { "degree": 3, "GEOID": "11001007703", "population": 6923.0, "median_income": 2340.0, "demand_score": 2.1014198388610064 }, "geometry": { "type": "Point", "coordinates": [ -8565998.0, 4705416.999999999068677 ] } },
{ "type": "Feature", "properties": { "degree": 4, "GEOID": "11001002101", "population": 6019.0, "median_income": 2458.0, "demand_score": 2.1013665071106784 }, "geometry": { "type": "Point", "coordinates": [ -8574357.999999998137355, 4714790.999999999068677 ] } },
{ "type": "Feature", "properties": { "degree": 3, "GEOID": "11001000300", "population": 5979.0, "median_income": 2471.0, "demand_score": 2.1010237189937948 }, "geometry": { "type": "Point", "coordinates": [ -8580248.0, 4709620.999999999068677 ] } },
{ "type": "Feature", "properties": { "degree": 4, "GEOID": "11001002101", "population": 6019.0, "median_income": 2458.0, "demand_score": 2.1000528495601434 }, "geometry": { "type": "Point", "coordinates": [ -8574271.0, 4715265.999999998137355 ] } },
{ "type": "Feature", "properties": { "degree": 4, "GEOID": "11001000300", "population": 5979.0, "median_income": 2471.0, "demand_score": 2.0996855504981289 }, "geometry": { "type": "Point", "coordinates": [ -8580303.0, 4709695.999999999068677 ] } },
{ "type": "Feature", "properties": { "degree": 3, "GEOID": "11001000300", "population": 5979.0, "median_income": 2471.0, "demand_score": 2.0996282007803164 }, "geometry": { "type": "Point", "coordinates": [ -8580014.0, 4709351.999999999068677 ] } },
{ "type": "Feature", "properties": { "degree": 3, "GEOID": "11001000300", "population": 5979.0, "median_income": 2471.0, "demand_score": 2.0988932552828445 }, "geometry": { "type": "Point", "coordinates": [ -8580349.999999998137355, 4709789.0 ] } },
{ "type": "Feature", "properties": { "degree": 2, "GEOID": "11001000300", "population": 5979.0, "median_income": 2471.0, "demand_score": 2.0987183375746596 }, "geometry": { "type": "Point", "coordinates": [ -8580580.0, 4710335.000000000931323 ] } },
{ "type": "Feature", "properties": { "degree": 4, "GEOID": "11001000300", "population": 5979.0, "median_income": 2471.0, "demand_score": 2.0979210690169481 }, "geometry": { "type": "Point", "coordinates": [ -8580153.0, 4709454.0 ] } },
{ "type": "Feature", "properties": { "degree": 3, "GEOID": "11001000300", "population": 5979.0, "median_income": 2471.0, "demand_score": 2.0955804729463385 }, "geometry": { "type": "Point", "coordinates": [ -8580109.0, 4709382.999999999068677 ] } },
{ "type": "Feature", "properties": { "degree": 3, "GEOID": "11001000300", "population": 5979.0, "median_income": 2471.0, "demand_score": 2.0951195620556984 }, "geometry": { "type": "Point", "coordinates": [ -8580479.999999998137355, 4710101.999999999068677 ] } },
{ "type": "Feature", "properties": { "degree": 3, "GEOID": "11001000300", "population": 5979.0, "median_income": 2471.0, "demand_score": 2.0944111515374479 }, "geometry": { "type": "Point", "coordinates": [ -8580335.0, 4709656.999999999068677 ] } },
{ "type": "Feature", "properties": { "degree": 4, "GEOID": "11001002101", "population": 6019.0, "median_income": 2458.0, "demand_score": 2.0916337706403985 }, "geometry": { "type": "Point", "coordinates": [ -8574079.0, 4715273.0 ] } },
{ "type": "Feature", "properties": { "degree": 3, "GEOID": "11001000300", "population": 5979.0, "median_income": 2471.0, "demand_score": 2.0912554756032868 }, "geometry": { "type": "Point", "coordinates": [ -8580084.0, 4709313.0 ] } },
{ "type": "Feature", "properties": { "degree": 3, "GEOID": "11001000300", "population": 5979.0, "median_income": 2471.0, "demand_score": 2.0911374689791034 }, "geometry": { "type": "Point", "coordinates": [ -8580010.0, 4709164.000000000931323 ] } },
{ "type": "Feature", "properties": { "degree": 3, "GEOID": "11001007703", "population": 6923.0, "median_income": 2340.0, "demand_score": 2.0911260500406841 }, "geometry": { "type": "Point", "coordinates": [ -8565430.0, 4705896.999999999068677 ] } },
{ "type": "Feature", "properties": { "degree": 3, "GEOID": "11001000300", "population": 5979.0, "median_income": 2471.0, "demand_score": 2.0898174438054937 }, "geometry": { "type": "Point", "coordinates": [ -8580400.0, 4709700.0 ] } },
{ "type": "Feature", "properties": { "degree": 3, "GEOID": "11001000300", "population": 5979.0, "median_income": 2471.0, "demand_score": 2.0897047433539084 }, "geometry": { "type": "Point", "coordinates": [ -8580112.000000001862645, 4709318.000000000931323 ] } },
{ "type": "Feature", "properties": { "degree": 4, "GEOID": "11001002101", "population": 6019.0, "median_income": 2458.0, "demand_score": 2.0894716047775987 }, "geometry": { "type": "Point", "coordinates": [ -8574254.0, 4714795.0 ] } },
{ "type": "Feature", "properties": { "degree": 3, "GEOID": "11001007703", "population": 6923.0, "median_income": 2340.0, "demand_score": 2.0892369468370031 }, "geometry": { "type": "Point", "coordinates": [ -8566733.0, 4705016.999999999068677 ] } },
{ "type": "Feature", "properties": { "degree": 4, "GEOID": "11001002101", "population": 6019.0, "median_income": 2458.0, "demand_score": 2.0890798054919353 }, "geometry": { "type": "Point", "coordinates": [ -8573815.0, 4715436.000000000931323 ] } },
{ "type": "Feature", "properties": { "degree": 3, "GEOID": "11001007703", "population": 6923.0, "median_income": 2340.0, "demand_score": 2.0886335449484545 }, "geometry": { "type": "Point", "coordinates": [ -8565826.999999998137355, 4705406.0 ] } },
{ "type": "Feature", "properties": { "degree": 3, "GEOID": "11001000300", "population": 5979.0, "median_income": 2471.0, "demand_score": 2.0884338168148702 }, "geometry": { "type": "Point", "coordinates": [ -8580069.0, 4709231.0 ] } },
{ "type": "Feature", "properties": { "degree": 4, "GEOID": "11001002101", "population": 6019.0, "median_income": 2458.0, "demand_score": 2.0879959662218193 }, "geometry": { "type": "Point", "coordinates": [ -8574259.0, 4714944.0 ] } },
{ "type": "Feature", "properties": { "degree": 3, "GEOID": "11001000300", "population": 5979.0, "median_income": 2471.0, "demand_score": 2.0856268194765741 }, "geometry": { "type": "Point", "coordinates": [ -8580158.999999998137355, 4709311.000000000931323 ] } },
{ "type": "Feature", "properties": { "degree": 4, "GEOID": "11001002101", "population": 6019.0, "median_income": 2458.0, "demand_score": 2.0851313462481205 }, "geometry": { "type": "Point", "coordinates": [ -8573804.0, 4715130.0 ] } },
{ "type": "Feature", "properties": { "degree": 4, "GEOID": "11001002101", "population": 6019.0, "median_income": 2458.0, "demand_score": 2.0835191704929268 }, "geometry": { "type": "Point", "coordinates": [ -8574265.0, 4715112.999999999068677 ] } },
{ "type": "Feature", "properties": { "degree": 3, "GEOID": "11001007703", "population": 6923.0, "median_income": 2340.0, "demand_score": 2.083230494115706 }, "geometry": { "type": "Point", "coordinates": [ -8566132.999999998137355, 4705151.0 ] } },
{ "type": "Feature", "properties": { "degree": 3, "GEOID": "11001000300", "population": 5979.0, "median_income": 2471.0, "demand_score": 2.0793773694455471 }, "geometry": { "type": "Point", "coordinates": [ -8580150.0, 4709218.999999999068677 ] } },
{ "type": "Feature", "properties": { "degree": 3, "GEOID": "11001002101", "population": 6019.0, "median_income": 2458.0, "demand_score": 2.0784953389900926 }, "geometry": { "type": "Point", "coordinates": [ -8574157.999999998137355, 4714798.0 ] } },
{ "type": "Feature", "properties": { "degree": 2, "GEOID": "11001000300", "population": 5979.0, "median_income": 2471.0, "demand_score": 2.077321367495137 }, "geometry": { "type": "Point", "coordinates": [ -8580699.0, 4710152.0 ] } },
{ "type": "Feature", "properties": { "degree": 4, "GEOID": "11001002101", "population": 6019.0, "median_income": 2458.0, "demand_score": 2.0758092566931925 }, "geometry": { "type": "Point", "coordinates": [ -8574074.0, 4715118.999999999068677 ] } },
{ "type": "Feature", "properties": { "degree": 3, "GEOID": "11001007703", "population": 6923.0, "median_income": 2340.0, "demand_score": 2.0756063439654318 }, "geometry": { "type": "Point", "coordinates": [ -8565681.0, 4705381.0 ] } },
{ "type": "Feature", "properties": { "degree": 3, "GEOID": "11001007703", "population": 6923.0, "median_income": 2340.0, "demand_score": 2.0751611282022449 }, "geometry": { "type": "Point", "coordinates": [ -8565647.0, 4705406.999999999068677 ] } },
{ "type": "Feature", "properties": { "degree": 4, "GEOID": "11001002101", "population": 6019.0, "median_income": 2458.0, "demand_score": 2.0712888382368186 }, "geometry": { "type": "Point", "coordinates": [ -8573792.0, 4714811.0 ] } },
{ "type": "Feature", "properties": { "degree": 4, "GEOID": "11001007703", "population": 6923.0, "median_income": 2340.0, "demand_score": 2.0700035492989342 }, "geometry": { "type": "Point", "coordinates": [ -8565833.0, 4705197.0 ] } },
{ "type": "Feature", "properties": { "degree": 3, "GEOID": "11001007703", "population": 6923.0, "median_income": 2340.0, "demand_score": 2.0685566150966999 }, "geometry": { "type": "Point", "coordinates": [ -8566195.999999998137355, 4704979.999999999068677 ] } },
{ "type": "Feature", "properties": { "degree": 4, "GEOID": "11001002101", "population": 6019.0, "median_income": 2458.0, "demand_score": 2.0675135383155654 }, "geometry": { "type": "Point", "coordinates": [ -8574062.0, 4714801.999999999068677 ] } },
{ "type": "Feature", "properties": { "degree": 4, "GEOID": "11001002101", "population": 6019.0, "median_income": 2458.0, "demand_score": 2.0662590152893245 }, "geometry": { "type": "Point", "coordinates": [ -8574067.0, 4714951.0 ] } },
{ "type": "Feature", "properties": { "degree": 3, "GEOID": "11001007703", "population": 6923.0, "median_income": 2340.0, "demand_score": 2.0635609188636503 }, "geometry": { "type": "Point", "coordinates": [ -8565482.0, 4705429.000000000931323 ] } },
{ "type": "Feature", "properties": { "degree": 3, "GEOID": "11001007703", "population": 6923.0, "median_income": 2340.0, "demand_score": 2.0537714990166851 }, "geometry": { "type": "Point", "coordinates": [ -8565982.000000001862645, 4704939.0 ] } },
{ "type": "Feature", "properties": { "degree": 3, "GEOID": "11001007703", "population": 6923.0, "median_income": 2340.0, "demand_score": 2.0481789645607438 }, "geometry": { "type": "Point", "coordinates": [ -8565730.0, 4705036.0 ] } },
{ "type": "Feature", "properties": { "degree": 3, "GEOID": "11001007703", "population": 6923.0, "median_income": 2340.0, "demand_score": 2.0474958105967942 }, "geometry": { "type": "Point", "coordinates": [ -8565403.0, 4705308.0 ] } },
{ "type": "Feature", "properties": { "degree": 3, "GEOID": "11001007703", "population": 6923.0, "median_income": 2340.0, "demand_score": 2.0469388378088462 }, "geometry": { "type": "Point", "coordinates": [ -8565504.999999998137355, 4705201.999999999068677 ] } },
{ "type": "Feature", "properties": { "degree": 3, "GEOID": "11001007703", "population": 6923.0, "median_income": 2340.0, "demand_score": 2.0329948952344656 }, "geometry": { "type": "Point", "coordinates": [ -8565338.0, 4705193.0 ] } },
{ "type": "Feature", "properties": { "degree": 3, "GEOID": "11001007703", "population": 6923.0, "median_income": 2340.0, "demand_score": 2.0323930177624674 }, "geometry": { "type": "Point", "coordinates": [ -8565500.999999998137355, 4705037.0 ] } },
{ "type": "Feature", "properties": { "degree": 4, "GEOID": "11001007703", "population": 6923.0, "median_income": 2340.0, "demand_score": 2.0314520137677241 }, "geometry": { "type": "Point", "coordinates": [ -8565665.0, 4704902.999999999068677 ] } },
{ "type": "Feature", "properties": { "degree": 3, "GEOID": "11001007703", "population": 6923.0, "median_income": 2340.0, "demand_score": 2.0260568148211378 }, "geometry": { "type": "Point", "coordinates": [ -8564882.999999998137355, 4705708.0 ] } },
{ "type": "Feature", "properties": { "degree": 3, "GEOID": "11001007703", "population": 6923.0, "median_income": 2340.0, "demand_score": 2.0259203052806019 }, "geometry": { "type": "Point", "coordinates": [ -8564952.0, 4705584.999999999068677 ] } },
{ "type": "Feature", "properties": { "degree": 3, "GEOID": "11001002702", "population": 5568.0, "median_income": 2294.0, "demand_score": 2.0227091500724415 }, "geometry": { "type": "Point", "coordinates": [ -8575661.0, 4711531.000000000931323 ] } },
{ "type": "Feature", "properties": { "degree": 2, "GEOID": "11001007703", "population": 6923.0, "median_income": 2340.0, "demand_score": 2.0210452591842367 }, "geometry": { "type": "Point", "coordinates": [ -8565505.999999998137355, 4704906.0 ] } },
{ "type": "Feature", "properties": { "degree": 3, "GEOID": "11001007703", "population": 6923.0, "median_income": 2340.0, "demand_score": 2.0209577495522355 }, "geometry": { "type": "Point", "coordinates": [ -8565090.0, 4705313.0 ] } },
{ "type": "Feature", "properties": { "degree": 3, "GEOID": "11001007703", "population": 6923.0, "median_income": 2340.0, "demand_score": 2.0204457707807584 }, "geometry": { "type": "Point", "coordinates": [ -8565182.0, 4705198.0 ] } },
{ "type": "Feature", "properties": { "degree": 4, "GEOID": "11001007703", "population": 6923.0, "median_income": 2340.0, "demand_score": 2.0195331847493549 }, "geometry": { "type": "Point", "coordinates": [ -8564984.0, 4705433.999999999068677 ] } },
{ "type": "Feature", "properties": { "degree": 4, "GEOID": "11001002702", "population": 5568.0, "median_income": 2294.0, "demand_score": 2.0188177467845203 }, "geometry": { "type": "Point", "coordinates": [ -8575662.0, 4711463.000000000931323 ] } },
{ "type": "Feature", "properties": { "degree": 3, "GEOID": "11001007703", "population": 6923.0, "median_income": 2340.0, "demand_score": 2.0187810487933464 }, "geometry": { "type": "Point", "coordinates": [ -8564724.0, 4705895.999999999068677 ] } },
{ "type": "Feature", "properties": { "degree": 3, "GEOID": "11001007703", "population": 6923.0, "median_income": 2340.0, "demand_score": 2.0142035609034026 }, "geometry": { "type": "Point", "coordinates": [ -8565109.0, 4705198.0 ] } },
{ "type": "Feature", "properties": { "degree": 3, "GEOID": "11001007703", "population": 6923.0, "median_income": 2340.0, "demand_score": 2.0119444957678168 }, "geometry": { "type": "Point", "coordinates": [ -8564990.0, 4705313.0 ] } },
{ "type": "Feature", "properties": { "degree": 4, "GEOID": "11001001200", "population": 4919.0, "median_income": 2519.0, "demand_score": 2.0119376612992559 }, "geometry": { "type": "Point", "coordinates": [ -8579906.0, 4713765.999999999068677 ] } },
{ "type": "Feature", "properties": { "degree": 4, "GEOID": "11001001200", "population": 4919.0, "median_income": 2519.0, "demand_score": 2.01096311403021 }, "geometry": { "type": "Point", "coordinates": [ -8580176.0, 4714212.999999999068677 ] } },
{ "type": "Feature", "properties": { "degree": 4, "GEOID": "11001001200", "population": 4919.0, "median_income": 2519.0, "demand_score": 2.0104795089906728 }, "geometry": { "type": "Point", "coordinates": [ -8579661.999999998137355, 4713398.999999999068677 ] } },
{ "type": "Feature", "properties": { "degree": 3, "GEOID": "11001002702", "population": 5568.0, "median_income": 2294.0, "demand_score": 2.0104617199392476 }, "geometry": { "type": "Point", "coordinates": [ -8575811.0, 4711639.0 ] } },
{ "type": "Feature", "properties": { "degree": 3, "GEOID": "11001001200", "population": 4919.0, "median_income": 2519.0, "demand_score": 2.0097072775487574 }, "geometry": { "type": "Point", "coordinates": [ -8580177.0, 4714235.999999999068677 ] } },
{ "type": "Feature", "properties": { "degree": 4, "GEOID": "11001002702", "population": 5568.0, "median_income": 2294.0, "demand_score": 2.0095168480546506 }, "geometry": { "type": "Point", "coordinates": [ -8575759.0, 4711469.0 ] } },
{ "type": "Feature", "properties": { "degree": 4, "GEOID": "11001001200", "population": 4919.0, "median_income": 2519.0, "demand_score": 2.0079554045002013 }, "geometry": { "type": "Point", "coordinates": [ -8579139.0, 4713519.0 ] } },
{ "type": "Feature", "properties": { "degree": 3, "GEOID": "11001002702", "population": 5568.0, "median_income": 2294.0, "demand_score": 2.0077657313819461 }, "geometry": { "type": "Point", "coordinates": [ -8575849.0, 4711761.0 ] } },
{ "type": "Feature", "properties": { "degree": 4, "GEOID": "11001001200", "population": 4919.0, "median_income": 2519.0, "demand_score": 2.0076775586304185 }, "geometry": { "type": "Point", "coordinates": [ -8579376.0, 4714340.0 ] } },
{ "type": "Feature", "properties": { "degree": 4, "GEOID": "11001001200", "population": 4919.0, "median_income": 2519.0, "demand_score": 2.006796288842227 }, "geometry": { "type": "Point", "coordinates": [ -8579661.999999998137355, 4713534.999999999068677 ] } },
{ "type": "Feature", "properties": { "degree": 4, "GEOID": "11001002702", "population": 5568.0, "median_income": 2294.0, "demand_score": 2.0058413086289901 }, "geometry": { "type": "Point", "coordinates": [ -8575864.999999998137355, 4711815.999999999068677 ] } },
{ "type": "Feature", "properties": { "degree": 3, "GEOID": "11001002702", "population": 5568.0, "median_income": 2294.0, "demand_score": 2.0055588110165106 }, "geometry": { "type": "Point", "coordinates": [ -8575721.0, 4711345.0 ] } },
{ "type": "Feature", "properties": { "degree": 3, "GEOID": "11001007703", "population": 6923.0, "median_income": 2340.0, "demand_score": 2.0054705187512298 }, "geometry": { "type": "Point", "coordinates": [ -8565013.0, 4705193.0 ] } },
{ "type": "Feature", "properties": { "degree": 3, "GEOID": "11001001200", "population": 4919.0, "median_income": 2519.0, "demand_score": 2.0052419977008573 }, "geometry": { "type": "Point", "coordinates": [ -8579377.0, 4713765.999999999068677 ] } },
{ "type": "Feature", "properties": { "degree": 4, "GEOID": "11001001200", "population": 4919.0, "median_income": 2519.0, "demand_score": 2.0034742888100343 }, "geometry": { "type": "Point", "coordinates": [ -8579095.999999998137355, 4714617.0 ] } },
{ "type": "Feature", "properties": { "degree": 3, "GEOID": "11001002702", "population": 5568.0, "median_income": 2294.0, "demand_score": 2.0027119740584278 }, "geometry": { "type": "Point", "coordinates": [ -8575663.0, 4711244.000000000931323 ] } },
{ "type": "Feature", "properties": { "degree": 4, "GEOID": "11001001200", "population": 4919.0, "median_income": 2519.0, "demand_score": 2.0011740328093444 }, "geometry": { "type": "Point", "coordinates": [ -8579906.0, 4713873.999999999068677 ] } },
{ "type": "Feature", "properties": { "degree": 4, "GEOID": "11001001200", "population": 4919.0, "median_income": 2519.0, "demand_score": 2.0010242296868244 }, "geometry": { "type": "Point", "coordinates": [ -8579661.999999998137355, 4713650.000000000931323 ] } },
{ "type": "Feature", "properties": { "degree": 4, "GEOID": "11001002702", "population": 5568.0, "median_income": 2294.0, "demand_score": 2.0003181846178801 }, "geometry": { "type": "Point", "coordinates": [ -8575687.0, 4711238.0 ] } },
{ "type": "Feature", "properties": { "degree": 4, "GEOID": "11001001200", "population": 4919.0, "median_income": 2519.0, "demand_score": 2.0002883255877006 }, "geometry": { "type": "Point", "coordinates": [ -8579428.0, 4713765.999999999068677 ] } },
{ "type": "Feature", "properties": { "degree": 4, "GEOID": "11001001200", "population": 4919.0, "median_income": 2519.0, "demand_score": 1.9992615731033847 }, "geometry": { "type": "Point", "coordinates": [ -8579376.0, 4714468.000000000931323 ] } },
{ "type": "Feature", "properties": { "degree": 4, "GEOID": "11001002702", "population": 5568.0, "median_income": 2294.0, "demand_score": 1.9988390795791409 }, "geometry": { "type": "Point", "coordinates": [ -8575925.999999998137355, 4711732.999999999068677 ] } },
{ "type": "Feature", "properties": { "degree": 4, "GEOID": "11001001200", "population": 4919.0, "median_income": 2519.0, "demand_score": 1.9987257173536634 }, "geometry": { "type": "Point", "coordinates": [ -8579988.0, 4714469.000000000931323 ] } },
{ "type": "Feature", "properties": { "degree": 4, "GEOID": "11001002702", "population": 5568.0, "median_income": 2294.0, "demand_score": 1.9986200983367564 }, "geometry": { "type": "Point", "coordinates": [ -8575925.999999998137355, 4711848.0 ] } },
{ "type": "Feature", "properties": { "degree": 4, "GEOID": "11001007703", "population": 6923.0, "median_income": 2340.0, "demand_score": 1.9984053040272225 }, "geometry": { "type": "Point", "coordinates": [ -8565563.999999998137355, 4704623.0 ] } },
{ "type": "Feature", "properties": { "degree": 4, "GEOID": "11001001200", "population": 4919.0, "median_income": 2519.0, "demand_score": 1.9980732543471795 }, "geometry": { "type": "Point", "coordinates": [ -8579374.0, 4713659.0 ] } },
{ "type": "Feature", "properties": { "degree": 3, "GEOID": "11001001200", "population": 4919.0, "median_income": 2519.0, "demand_score": 1.9976213006714012 }, "geometry": { "type": "Point", "coordinates": [ -8579504.0, 4713878.0 ] } },
{ "type": "Feature", "properties": { "degree": 3, "GEOID": "11001007703", "population": 6923.0, "median_income": 2340.0, "demand_score": 1.997407736861994 }, "geometry": { "type": "Point", "coordinates": [ -8565098.0, 4704993.000000000931323 ] } },
{ "type": "Feature", "properties": { "degree": 4, "GEOID": "11001002702", "population": 5568.0, "median_income": 2294.0, "demand_score": 1.9968151688807732 }, "geometry": { "type": "Point", "coordinates": [ -8575925.999999998137355, 4711606.0 ] } },
{ "type": "Feature", "properties": { "degree": 3, "GEOID": "11001007703", "population": 6923.0, "median_income": 2340.0, "demand_score": 1.9965463089219173 }, "geometry": { "type": "Point", "coordinates": [ -8565115.0, 4704965.0 ] } },
{ "type": "Feature", "properties": { "degree": 4, "GEOID": "11001002702", "population": 5568.0, "median_income": 2294.0, "demand_score": 1.9956907357286888 }, "geometry": { "type": "Point", "coordinates": [ -8576520.000000001862645, 4712040.0 ] } },
{ "type": "Feature", "properties": { "degree": 3, "GEOID": "11001007703", "population": 6923.0, "median_income": 2340.0, "demand_score": 1.9954994385579621 }, "geometry": { "type": "Point", "coordinates": [ -8565462.0, 4704661.0 ] } },
{ "type": "Feature", "properties": { "degree": 3, "GEOID": "11001007703", "population": 6923.0, "median_income": 2340.0, "demand_score": 1.9940402325072655 }, "geometry": { "type": "Point", "coordinates": [ -8565202.0, 4704852.0 ] } },
{ "type": "Feature", "properties": { "degree": 4, "GEOID": "11001001200", "population": 4919.0, "median_income": 2519.0, "demand_score": 1.9938326632228784 }, "geometry": { "type": "Point", "coordinates": [ -8579906.0, 4713981.0 ] } },
{ "type": "Feature", "properties": { "degree": 3, "GEOID": "11001007703", "population": 6923.0, "median_income": 2340.0, "demand_score": 1.9936218895344022 }, "geometry": { "type": "Point", "coordinates": [ -8565344.0, 4704727.999999999068677 ] } },
{ "type": "Feature", "properties": { "degree": 3, "GEOID": "11001007703", "population": 6923.0, "median_income": 2340.0, "demand_score": 1.9935174315044786 }, "geometry": { "type": "Point", "coordinates": [ -8565315.999999998137355, 4704748.999999999068677 ] } },
{ "type": "Feature", "properties": { "degree": 3, "GEOID": "11001007703", "population": 6923.0, "median_income": 2340.0, "demand_score": 1.9934169733779115 }, "geometry": { "type": "Point", "coordinates": [ -8565252.999999998137355, 4704799.999999999068677 ] } },
{ "type": "Feature", "properties": { "degree": 4, "GEOID": "11001001200", "population": 4919.0, "median_income": 2519.0, "demand_score": 1.993319674461411 }, "geometry": { "type": "Point", "coordinates": [ -8579661.999999998137355, 4713765.999999999068677 ] } },
{ "type": "Feature", "properties": { "degree": 3, "GEOID": "11001002702", "population": 5568.0, "median_income": 2294.0, "demand_score": 1.9926353961829377 }, "geometry": { "type": "Point", "coordinates": [ -8576655.0, 4711860.0 ] } },
{ "type": "Feature", "properties": { "degree": 3, "GEOID": "11001002702", "population": 5568.0, "median_income": 2294.0, "demand_score": 1.9923530015047695 }, "geometry": { "type": "Point", "coordinates": [ -8575927.999999998137355, 4711479.0 ] } },
{ "type": "Feature", "properties": { "degree": 3, "GEOID": "11001001200", "population": 4919.0, "median_income": 2519.0, "demand_score": 1.9921837668548088 }, "geometry": { "type": "Point", "coordinates": [ -8579153.999999998137355, 4713207.000000000931323 ] } },
{ "type": "Feature", "properties": { "degree": 4, "GEOID": "11001001200", "population": 4919.0, "median_income": 2519.0, "demand_score": 1.9919956774806276 }, "geometry": { "type": "Point", "coordinates": [ -8579317.0, 4713534.0 ] } },
{ "type": "Feature", "properties": { "degree": 3, "GEOID": "11001002702", "population": 5568.0, "median_income": 2294.0, "demand_score": 1.9912033898746426 }, "geometry": { "type": "Point", "coordinates": [ -8576671.0, 4711831.999999999068677 ] } },
{ "type": "Feature", "properties": { "degree": 4, "GEOID": "11001001200", "population": 4919.0, "median_income": 2519.0, "demand_score": 1.991067336189311 }, "geometry": { "type": "Point", "coordinates": [ -8579586.0, 4713979.999999999068677 ] } },
{ "type": "Feature", "properties": { "degree": 4, "GEOID": "11001001200", "population": 4919.0, "median_income": 2519.0, "demand_score": 1.9906253772527607 }, "geometry": { "type": "Point", "coordinates": [ -8579906.0, 4714096.0 ] } },
{ "type": "Feature", "properties": { "degree": 4, "GEOID": "11001002702", "population": 5568.0, "median_income": 2294.0, "demand_score": 1.9905068741977412 }, "geometry": { "type": "Point", "coordinates": [ -8575783.0, 4711214.000000000931323 ] } },
{ "type": "Feature", "properties": { "degree": 3, "GEOID": "11001001200", "population": 4919.0, "median_income": 2519.0, "demand_score": 1.9903729005647548 }, "geometry": { "type": "Point", "coordinates": [ -8579268.0, 4713398.000000000931323 ] } },
{ "type": "Feature", "properties": { "degree": 3, "GEOID": "11001001200", "population": 4919.0, "median_income": 2519.0, "demand_score": 1.9898576678606197 }, "geometry": { "type": "Point", "coordinates": [ -8579132.0, 4713147.0 ] } },
{ "type": "Feature", "properties": { "degree": 4, "GEOID": "11001001200", "population": 4919.0, "median_income": 2519.0, "demand_score": 1.9893948927767158 }, "geometry": { "type": "Point", "coordinates": [ -8579906.0, 4714468.000000000931323 ] } },
{ "type": "Feature", "properties": { "degree": 4, "GEOID": "11001001200", "population": 4919.0, "median_income": 2519.0, "demand_score": 1.9892906776473547 }, "geometry": { "type": "Point", "coordinates": [ -8579906.0, 4714617.999999999068677 ] } },
{ "type": "Feature", "properties": { "degree": 4, "GEOID": "11001001200", "population": 4919.0, "median_income": 2519.0, "demand_score": 1.987236989134467 }, "geometry": { "type": "Point", "coordinates": [ -8579376.0, 4714617.0 ] } },
{ "type": "Feature", "properties": { "degree": 3, "GEOID": "11001001200", "population": 4919.0, "median_income": 2519.0, "demand_score": 1.9863023988788535 }, "geometry": { "type": "Point", "coordinates": [ -8579906.0, 4714329.999999999068677 ] } },
{ "type": "Feature", "properties": { "degree": 4, "GEOID": "11001001200", "population": 4919.0, "median_income": 2519.0, "demand_score": 1.9854050201565461 }, "geometry": { "type": "Point", "coordinates": [ -8579906.0, 4714212.0 ] } },
{ "type": "Feature", "properties": { "degree": 2, "GEOID": "11001001304", "population": 4172.0, "median_income": 2796.0, "demand_score": 1.9851813472876236 }, "geometry": { "type": "Point", "coordinates": [ -8577473.000000001862645, 4713037.999999999068677 ] } },
{ "type": "Feature", "properties": { "degree": 4, "GEOID": "11001001200", "population": 4919.0, "median_income": 2519.0, "demand_score": 1.9849798801633933 }, "geometry": { "type": "Point", "coordinates": [ -8579661.999999998137355, 4713872.999999999068677 ] } },
{ "type": "Feature", "properties": { "degree": 4, "GEOID": "11001001200", "population": 4919.0, "median_income": 2519.0, "demand_score": 1.9838544552885522 }, "geometry": { "type": "Point", "coordinates": [ -8579655.0, 4714097.0 ] } },
{ "type": "Feature", "properties": { "degree": 3, "GEOID": "11001001200", "population": 4919.0, "median_income": 2519.0, "demand_score": 1.982452705080477 }, "geometry": { "type": "Point", "coordinates": [ -8579661.999999998137355, 4713979.999999999068677 ] } },
{ "type": "Feature", "properties": { "degree": 3, "GEOID": "11001002702", "population": 5568.0, "median_income": 2294.0, "demand_score": 1.9822612246443088 }, "geometry": { "type": "Point", "coordinates": [ -8576520.000000001862645, 4711859.0 ] } },
{ "type": "Feature", "properties": { "degree": 4, "GEOID": "11001001200", "population": 4919.0, "median_income": 2519.0, "demand_score": 1.9796161462688613 }, "geometry": { "type": "Point", "coordinates": [ -8579680.0, 4714212.0 ] } },
{ "type": "Feature", "properties": { "degree": 4, "GEOID": "11001001200", "population": 4919.0, "median_income": 2519.0, "demand_score": 1.9784513998364042 }, "geometry": { "type": "Point", "coordinates": [ -8579376.0, 4714715.0 ] } },
{ "type": "Feature", "properties": { "degree": 4, "GEOID": "11001001200", "population": 4919.0, "median_income": 2519.0, "demand_score": 1.9772762465802853 }, "geometry": { "type": "Point", "coordinates": [ -8579669.0, 4714334.999999999068677 ] } },
{ "type": "Feature", "properties": { "degree": 3, "GEOID": "11001002702", "population": 5568.0, "median_income": 2294.0, "demand_score": 1.9769048249960495 }, "geometry": { "type": "Point", "coordinates": [ -8575959.0, 4711247.0 ] } },
{ "type": "Feature", "properties": { "degree": 3, "GEOID": "11001001200", "population": 4919.0, "median_income": 2519.0, "demand_score": 1.9761460329548635 }, "geometry": { "type": "Point", "coordinates": [ -8579806.0, 4714716.0 ] } },
{ "type": "Feature", "properties": { "degree": 4, "GEOID": "11001001200", "population": 4919.0, "median_income": 2519.0, "demand_score": 1.9752974163780017 }, "geometry": { "type": "Point", "coordinates": [ -8579629.0, 4714468.000000000931323 ] } },
{ "type": "Feature", "properties": { "degree": 4, "GEOID": "11001001200", "population": 4919.0, "median_income": 2519.0, "demand_score": 1.9700829020274551 }, "geometry": { "type": "Point", "coordinates": [ -8579584.0, 4714617.0 ] } },
{ "type": "Feature", "properties": { "degree": 4, "GEOID": "11001002702", "population": 5568.0, "median_income": 2294.0, "demand_score": 1.9676753223712453 }, "geometry": { "type": "Point", "coordinates": [ -8576199.0, 4711732.999999999068677 ] } },
{ "type": "Feature", "properties": { "degree": 4, "GEOID": "11001002702", "population": 5568.0, "median_income": 2294.0, "demand_score": 1.9675450011999629 }, "geometry": { "type": "Point", "coordinates": [ -8576198.0, 4711857.999999999068677 ] } },
{ "type": "Feature", "properties": { "degree": 4, "GEOID": "11001002702", "population": 5568.0, "median_income": 2294.0, "demand_score": 1.9661929336943529 }, "geometry": { "type": "Point", "coordinates": [ -8576199.0, 4711606.999999999068677 ] } },
{ "type": "Feature", "properties": { "degree": 3, "GEOID": "11001002702", "population": 5568.0, "median_income": 2294.0, "demand_score": 1.964597543672143 }, "geometry": { "type": "Point", "coordinates": [ -8576431.999999998137355, 4711729.0 ] } },
{ "type": "Feature", "properties": { "degree": 4, "GEOID": "11001001200", "population": 4919.0, "median_income": 2519.0, "demand_score": 1.9642672896381761 }, "geometry": { "type": "Point", "coordinates": [ -8579564.000000001862645, 4714716.0 ] } },
{ "type": "Feature", "properties": { "degree": 3, "GEOID": "11001001500", "population": 5804.0, "median_income": 2005.0, "demand_score": 1.9638943816120988 }, "geometry": { "type": "Point", "coordinates": [ -8577757.999999998137355, 4718018.000000000931323 ] } },
{ "type": "Feature", "properties": { "degree": 3, "GEOID": "11001002702", "population": 5568.0, "median_income": 2294.0, "demand_score": 1.9630375025469415 }, "geometry": { "type": "Point", "coordinates": [ -8576199.0, 4711481.0 ] } },
{ "type": "Feature", "properties": { "degree": 4, "GEOID": "11001001500", "population": 5804.0, "median_income": 2005.0, "demand_score": 1.9619373081392917 }, "geometry": { "type": "Point", "coordinates": [ -8577857.0, 4716090.0 ] } },
{ "type": "Feature", "properties": { "degree": 3, "GEOID": "11001001500", "population": 5804.0, "median_income": 2005.0, "demand_score": 1.9617665489890741 }, "geometry": { "type": "Point", "coordinates": [ -8577625.0, 4716997.000000000931323 ] } },
{ "type": "Feature", "properties": { "degree": 3, "GEOID": "11001001500", "population": 5804.0, "median_income": 2005.0, "demand_score": 1.9615212018317187 }, "geometry": { "type": "Point", "coordinates": [ -8577541.0, 4717994.0 ] } },
{ "type": "Feature", "properties": { "degree": 4, "GEOID": "11001001500", "population": 5804.0, "median_income": 2005.0, "demand_score": 1.9608386387218535 }, "geometry": { "type": "Point", "coordinates": [ -8578288.0, 4717557.0 ] } },
{ "type": "Feature", "properties": { "degree": 4, "GEOID": "11001002702", "population": 5568.0, "median_income": 2294.0, "demand_score": 1.960768592687111 }, "geometry": { "type": "Point", "coordinates": [ -8576518.0, 4711613.999999999068677 ] } },
{ "type": "Feature", "properties": { "degree": 3, "GEOID": "11001001500", "population": 5804.0, "median_income": 2005.0, "demand_score": 1.9601388371847301 }, "geometry": { "type": "Point", "coordinates": [ -8578269.999999998137355, 4717342.000000000931323 ] } },
{ "type": "Feature", "properties": { "degree": 3, "GEOID": "11001001500", "population": 5804.0, "median_income": 2005.0, "demand_score": 1.9597863581647579 }, "geometry": { "type": "Point", "coordinates": [ -8577498.0, 4717990.0 ] } },
{ "type": "Feature", "properties": { "degree": 3, "GEOID": "11001001500", "population": 5804.0, "median_income": 2005.0, "demand_score": 1.9572124646311966 }, "geometry": { "type": "Point", "coordinates": [ -8577930.0, 4716969.0 ] } },
{ "type": "Feature", "properties": { "degree": 3, "GEOID": "11001001500", "population": 5804.0, "median_income": 2005.0, "demand_score": 1.9559489231308895 }, "geometry": { "type": "Point", "coordinates": [ -8577938.0, 4716960.0 ] } },
{ "type": "Feature", "properties": { "degree": 4, "GEOID": "11001001500", "population": 5804.0, "median_income": 2005.0, "demand_score": 1.9549801478361815 }, "geometry": { "type": "Point", "coordinates": [ -8578273.999999998137355, 4717782.000000000931323 ] } },
{ "type": "Feature", "properties": { "degree": 3, "GEOID": "11001002702", "population": 5568.0, "median_income": 2294.0, "demand_score": 1.9542583478139279 }, "geometry": { "type": "Point", "coordinates": [ -8576188.999999998137355, 4711248.0 ] } },
{ "type": "Feature", "properties": { "degree": 3, "GEOID": "11001002702", "population": 5568.0, "median_income": 2294.0, "demand_score": 1.9525636320039084 }, "geometry": { "type": "Point", "coordinates": [ -8576294.0, 4711481.0 ] } },
{ "type": "Feature", "properties": { "degree": 3, "GEOID": "11001002702", "population": 5568.0, "median_income": 2294.0, "demand_score": 1.9490209382456443 }, "geometry": { "type": "Point", "coordinates": [ -8576351.0, 4711606.999999999068677 ] } },
{ "type": "Feature", "properties": { "degree": 3, "GEOID": "11001001500", "population": 5804.0, "median_income": 2005.0, "demand_score": 1.9470151685720112 }, "geometry": { "type": "Point", "coordinates": [ -8578392.999999998137355, 4717662.0 ] } },
{ "type": "Feature", "properties": { "degree": 3, "GEOID": "11001002702", "population": 5568.0, "median_income": 2294.0, "demand_score": 1.946877179382132 }, "geometry": { "type": "Point", "coordinates": [ -8576264.0, 4711254.0 ] } },
{ "type": "Feature", "properties": { "degree": 3, "GEOID": "11001001500", "population": 5804.0, "median_income": 2005.0, "demand_score": 1.9450140080649119 }, "geometry": { "type": "Point", "coordinates": [ -8577886.999999998137355, 4718169.999999999068677 ] } },
{ "type": "Feature", "properties": { "degree": 3, "GEOID": "11001001500", "population": 5804.0, "median_income": 2005.0, "demand_score": 1.9446241282415919 }, "geometry": { "type": "Point", "coordinates": [ -8577856.000000001862645, 4716388.999999999068677 ] } },
{ "type": "Feature", "properties": { "degree": 3, "GEOID": "11001001200", "population": 4919.0, "median_income": 2519.0, "demand_score": 1.9445227474386271 }, "geometry": { "type": "Point", "coordinates": [ -8579309.0, 4715088.000000000931323 ] } },
{ "type": "Feature", "properties": { "degree": 3, "GEOID": "11001001500", "population": 5804.0, "median_income": 2005.0, "demand_score": 1.9422011320531412 }, "geometry": { "type": "Point", "coordinates": [ -8578344.0, 4717884.0 ] } },
{ "type": "Feature", "properties": { "degree": 3, "GEOID": "11001002702", "population": 5568.0, "median_income": 2294.0, "demand_score": 1.9407605749089489 }, "geometry": { "type": "Point", "coordinates": [ -8576343.0, 4711300.999999999068677 ] } },
{ "type": "Feature", "properties": { "degree": 3, "GEOID": "11001001500", "population": 5804.0, "median_income": 2005.0, "demand_score": 1.9400761257250476 }, "geometry": { "type": "Point", "coordinates": [ -8577541.0, 4718194.0 ] } },
{ "type": "Feature", "properties": { "degree": 3, "GEOID": "11001001500", "population": 5804.0, "median_income": 2005.0, "demand_score": 1.9399391526282184 }, "geometry": { "type": "Point", "coordinates": [ -8577477.0, 4718172.0 ] } },
{ "type": "Feature", "properties": { "degree": 3, "GEOID": "11001001500", "population": 5804.0, "median_income": 2005.0, "demand_score": 1.9389834391095249 }, "geometry": { "type": "Point", "coordinates": [ -8577658.0, 4716788.0 ] } },
{ "type": "Feature", "properties": { "degree": 4, "GEOID": "11001001500", "population": 5804.0, "median_income": 2005.0, "demand_score": 1.9371914313803247 }, "geometry": { "type": "Point", "coordinates": [ -8578445.0, 4717782.000000000931323 ] } },
{ "type": "Feature", "properties": { "degree": 3, "GEOID": "11001001500", "population": 5804.0, "median_income": 2005.0, "demand_score": 1.9362377219875919 }, "geometry": { "type": "Point", "coordinates": [ -8578443.0, 4717208.999999999068677 ] } },
{ "type": "Feature", "properties": { "degree": 2, "GEOID": "11001001500", "population": 5804.0, "median_income": 2005.0, "demand_score": 1.9359753492135927 }, "geometry": { "type": "Point", "coordinates": [ -8577863.0, 4716489.0 ] } },
{ "type": "Feature", "properties": { "degree": 5, "GEOID": "11001001500", "population": 5804.0, "median_income": 2005.0, "demand_score": 1.9345523326045815 }, "geometry": { "type": "Point", "coordinates": [ -8578502.0, 4717342.999999999068677 ] } },
{ "type": "Feature", "properties": { "degree": 4, "GEOID": "11001001500", "population": 5804.0, "median_income": 2005.0, "demand_score": 1.9345400712565144 }, "geometry": { "type": "Point", "coordinates": [ -8577992.0, 4718237.0 ] } },
{ "type": "Feature", "properties": { "degree": 2, "GEOID": "11001002702", "population": 5568.0, "median_income": 2294.0, "demand_score": 1.9338410770366083 }, "geometry": { "type": "Point", "coordinates": [ -8576428.999999998137355, 4711360.0 ] } },
{ "type": "Feature", "properties": { "degree": 3, "GEOID": "11001001500", "population": 5804.0, "median_income": 2005.0, "demand_score": 1.9337737380527162 }, "geometry": { "type": "Point", "coordinates": [ -8578430.0, 4717134.0 ] } },
{ "type": "Feature", "properties": { "degree": 3, "GEOID": "11001001500", "population": 5804.0, "median_income": 2005.0, "demand_score": 1.9296019718797028 }, "geometry": { "type": "Point", "coordinates": [ -8578411.0, 4717036.0 ] } },
{ "type": "Feature", "properties": { "degree": 2, "GEOID": "11001001500", "population": 5804.0, "median_income": 2005.0, "demand_score": 1.9291314832801854 }, "geometry": { "type": "Point", "coordinates": [ -8577738.0, 4718322.000000000931323 ] } },
{ "type": "Feature", "properties": { "degree": 3, "GEOID": "11001001500", "population": 5804.0, "median_income": 2005.0, "demand_score": 1.9279895938430904 }, "geometry": { "type": "Point", "coordinates": [ -8578576.999999998137355, 4717477.999999999068677 ] } },
{ "type": "Feature", "properties": { "degree": 3, "GEOID": "11001001500", "population": 5804.0, "median_income": 2005.0, "demand_score": 1.9270385458989123 }, "geometry": { "type": "Point", "coordinates": [ -8578288.0, 4716871.000000000931323 ] } },
{ "type": "Feature", "properties": { "degree": 4, "GEOID": "11001001500", "population": 5804.0, "median_income": 2005.0, "demand_score": 1.9268337519139358 }, "geometry": { "type": "Point", "coordinates": [ -8578378.0, 4716955.999999999068677 ] } },
{ "type": "Feature", "properties": { "degree": 3, "GEOID": "11001001500", "population": 5804.0, "median_income": 2005.0, "demand_score": 1.9267424549491055 }, "geometry": { "type": "Point", "coordinates": [ -8578366.0, 4718076.0 ] } },
{ "type": "Feature", "properties": { "degree": 4, "GEOID": "11001001500", "population": 5804.0, "median_income": 2005.0, "demand_score": 1.9261403679410976 }, "geometry": { "type": "Point", "coordinates": [ -8578183.0, 4716787.0 ] } },
{ "type": "Feature", "properties": { "degree": 3, "GEOID": "11001001500", "population": 5804.0, "median_income": 2005.0, "demand_score": 1.9247493904704687 }, "geometry": { "type": "Point", "coordinates": [ -8578147.999999998137355, 4718263.999999999068677 ] } },
{ "type": "Feature", "properties": { "degree": 3, "GEOID": "11001001500", "population": 5804.0, "median_income": 2005.0, "demand_score": 1.924551543804198 }, "geometry": { "type": "Point", "coordinates": [ -8578134.999999998137355, 4716744.999999999068677 ] } },
{ "type": "Feature", "properties": { "degree": 3, "GEOID": "11001001500", "population": 5804.0, "median_income": 2005.0, "demand_score": 1.9222603822997977 }, "geometry": { "type": "Point", "coordinates": [ -8578089.0, 4716701.999999999068677 ] } },
{ "type": "Feature", "properties": { "degree": 3, "GEOID": "11001001500", "population": 5804.0, "median_income": 2005.0, "demand_score": 1.9209991948714278 }, "geometry": { "type": "Point", "coordinates": [ -8578403.0, 4718110.000000000931323 ] } },
{ "type": "Feature", "properties": { "degree": 3, "GEOID": "11001001500", "population": 5804.0, "median_income": 2005.0, "demand_score": 1.9205718290677032 }, "geometry": { "type": "Point", "coordinates": [ -8578524.0, 4717952.000000000931323 ] } },
{ "type": "Feature", "properties": { "degree": 3, "GEOID": "11001001500", "population": 5804.0, "median_income": 2005.0, "demand_score": 1.9205439168040266 }, "geometry": { "type": "Point", "coordinates": [ -8578638.999999998137355, 4717590.000000000931323 ] } },
{ "type": "Feature", "properties": { "degree": 3, "GEOID": "11001001500", "population": 5804.0, "median_income": 2005.0, "demand_score": 1.9202407992115704 }, "geometry": { "type": "Point", "coordinates": [ -8577838.0, 4718396.0 ] } },
{ "type": "Feature", "properties": { "degree": 3, "GEOID": "11001001500", "population": 5804.0, "median_income": 2005.0, "demand_score": 1.9195917472050763 }, "geometry": { "type": "Point", "coordinates": [ -8577966.0, 4716589.0 ] } },
{ "type": "Feature", "properties": { "degree": 4, "GEOID": "11001001500", "population": 5804.0, "median_income": 2005.0, "demand_score": 1.9195124062439437 }, "geometry": { "type": "Point", "coordinates": [ -8578608.0, 4717231.999999999068677 ] } },
{ "type": "Feature", "properties": { "degree": 3, "GEOID": "11001001500", "population": 5804.0, "median_income": 2005.0, "demand_score": 1.9191536269322229 }, "geometry": { "type": "Point", "coordinates": [ -8578035.0, 4716653.0 ] } },
{ "type": "Feature", "properties": { "degree": 3, "GEOID": "11001001500", "population": 5804.0, "median_income": 2005.0, "demand_score": 1.9185530377530973 }, "geometry": { "type": "Point", "coordinates": [ -8578426.0, 4716901.0 ] } },
{ "type": "Feature", "properties": { "degree": 3, "GEOID": "11001001500", "population": 5804.0, "median_income": 2005.0, "demand_score": 1.9169376414113659 }, "geometry": { "type": "Point", "coordinates": [ -8578003.0, 4716623.0 ] } },
{ "type": "Feature", "properties": { "degree": 3, "GEOID": "11001001500", "population": 5804.0, "median_income": 2005.0, "demand_score": 1.9153289920762424 }, "geometry": { "type": "Point", "coordinates": [ -8577450.0, 4718391.999999999068677 ] } },
{ "type": "Feature", "properties": { "degree": 3, "GEOID": "11001001500", "population": 5804.0, "median_income": 2005.0, "demand_score": 1.9148501766209853 }, "geometry": { "type": "Point", "coordinates": [ -8578614.0, 4717133.0 ] } },
{ "type": "Feature", "properties": { "degree": 3, "GEOID": "11001001500", "population": 5804.0, "median_income": 2005.0, "demand_score": 1.9127256624694642 }, "geometry": { "type": "Point", "coordinates": [ -8578694.0, 4717689.0 ] } },
{ "type": "Feature", "properties": { "degree": 3, "GEOID": "11001001500", "population": 5804.0, "median_income": 2005.0, "demand_score": 1.9124809946021766 }, "geometry": { "type": "Point", "coordinates": [ -8578712.0, 4717558.000000000931323 ] } },
{ "type": "Feature", "properties": { "degree": 3, "GEOID": "11001001500", "population": 5804.0, "median_income": 2005.0, "demand_score": 1.9123114740324785 }, "geometry": { "type": "Point", "coordinates": [ -8577969.0, 4718445.000000000931323 ] } },
{ "type": "Feature", "properties": { "degree": 3, "GEOID": "11001007601", "population": 5226.0, "median_income": 2136.0, "demand_score": 1.912300349057519 }, "geometry": { "type": "Point", "coordinates": [ -8569030.0, 4703897.0 ] } },
{ "type": "Feature", "properties": { "degree": 4, "GEOID": "11001007601", "population": 5226.0, "median_income": 2136.0, "demand_score": 1.9116269723606727 }, "geometry": { "type": "Point", "coordinates": [ -8570366.999999998137355, 4703189.000000000931323 ] } },
{ "type": "Feature", "properties": { "degree": 4, "GEOID": "11001007601", "population": 5226.0, "median_income": 2136.0, "demand_score": 1.9115325224032462 }, "geometry": { "type": "Point", "coordinates": [ -8570352.0, 4703200.0 ] } },
{ "type": "Feature", "properties": { "degree": 4, "GEOID": "11001001500", "population": 5804.0, "median_income": 2005.0, "demand_score": 1.9109780254230113 }, "geometry": { "type": "Point", "coordinates": [ -8578712.0, 4717342.000000000931323 ] } },
{ "type": "Feature", "properties": { "degree": 3, "GEOID": "11001001500", "population": 5804.0, "median_income": 2005.0, "demand_score": 1.9109714924358632 }, "geometry": { "type": "Point", "coordinates": [ -8578687.0, 4717783.0 ] } },
{ "type": "Feature", "properties": { "degree": 4, "GEOID": "11001007601", "population": 5226.0, "median_income": 2136.0, "demand_score": 1.9109404271943395 }, "geometry": { "type": "Point", "coordinates": [ -8570423.0, 4703142.999999999068677 ] } },
{ "type": "Feature", "properties": { "degree": 3, "GEOID": "11001001500", "population": 5804.0, "median_income": 2005.0, "demand_score": 1.9099811014786894 }, "geometry": { "type": "Point", "coordinates": [ -8578712.0, 4717297.0 ] } },
{ "type": "Feature", "properties": { "degree": 3, "GEOID": "11001001500", "population": 5804.0, "median_income": 2005.0, "demand_score": 1.9098387132556238 }, "geometry": { "type": "Point", "coordinates": [ -8578614.0, 4717033.999999999068677 ] } },
{ "type": "Feature", "properties": { "degree": 3, "GEOID": "11001009602", "population": 5144.0, "median_income": 2228.0, "demand_score": 1.9092835135885573 }, "geometry": { "type": "Point", "coordinates": [ -8566375.0, 4707372.0 ] } },
{ "type": "Feature", "properties": { "degree": 4, "GEOID": "11001007601", "population": 5226.0, "median_income": 2136.0, "demand_score": 1.9090593986672713 }, "geometry": { "type": "Point", "coordinates": [ -8570335.0, 4702699.0 ] } },
{ "type": "Feature", "properties": { "degree": 3, "GEOID": "11001001500", "population": 5804.0, "median_income": 2005.0, "demand_score": 1.9081459669288441 }, "geometry": { "type": "Point", "coordinates": [ -8578712.0, 4717231.999999999068677 ] } },
{ "type": "Feature", "properties": { "degree": 3, "GEOID": "11001009602", "population": 5144.0, "median_income": 2228.0, "demand_score": 1.9081199905578603 }, "geometry": { "type": "Point", "coordinates": [ -8566314.0, 4707312.0 ] } },
{ "type": "Feature", "properties": { "degree": 3, "GEOID": "11001001500", "population": 5804.0, "median_income": 2005.0, "demand_score": 1.9064290303203939 }, "geometry": { "type": "Point", "coordinates": [ -8578712.0, 4717182.000000000931323 ] } },
{ "type": "Feature", "properties": { "degree": 2, "GEOID": "11001010400", "population": 4725.0, "median_income": 2288.0, "demand_score": 1.9052126543614043 }, "geometry": { "type": "Point", "coordinates": [ -8571012.0, 4699577.0 ] } },
{ "type": "Feature", "properties": { "degree": 3, "GEOID": "11001001500", "population": 5804.0, "median_income": 2005.0, "demand_score": 1.9051198750647524 }, "geometry": { "type": "Point", "coordinates": [ -8578073.999999998137355, 4718481.0 ] } },
{ "type": "Feature", "properties": { "degree": 4, "GEOID": "11001010400", "population": 4725.0, "median_income": 2288.0, "demand_score": 1.9047865385025733 }, "geometry": { "type": "Point", "coordinates": [ -8570553.999999998137355, 4699395.999999999068677 ] } },
{ "type": "Feature", "properties": { "degree": 4, "GEOID": "11001001500", "population": 5804.0, "median_income": 2005.0, "demand_score": 1.9044863990945853 }, "geometry": { "type": "Point", "coordinates": [ -8578746.0, 4717783.0 ] } },
{ "type": "Feature", "properties": { "degree": 4, "GEOID": "11001001500", "population": 5804.0, "median_income": 2005.0, "demand_score": 1.9042825288506227 }, "geometry": { "type": "Point", "coordinates": [ -8578506.0, 4718214.0 ] } },
{ "type": "Feature", "properties": { "degree": 3, "GEOID": "11001007601", "population": 5226.0, "median_income": 2136.0, "demand_score": 1.9041900608719211 }, "geometry": { "type": "Point", "coordinates": [ -8569233.999999998137355, 4703507.0 ] } },
{ "type": "Feature", "properties": { "degree": 3, "GEOID": "11001007601", "population": 5226.0, "median_income": 2136.0, "demand_score": 1.9041623012350155 }, "geometry": { "type": "Point", "coordinates": [ -8569268.0, 4703485.0 ] } },
{ "type": "Feature", "properties": { "degree": 3, "GEOID": "11001007601", "population": 5226.0, "median_income": 2136.0, "demand_score": 1.9028405657383183 }, "geometry": { "type": "Point", "coordinates": [ -8569147.0, 4703560.999999999068677 ] } },
{ "type": "Feature", "properties": { "degree": 3, "GEOID": "11001001500", "population": 5804.0, "median_income": 2005.0, "demand_score": 1.9026814700830932 }, "geometry": { "type": "Point", "coordinates": [ -8578367.0, 4718355.000000000931323 ] } },
{ "type": "Feature", "properties": { "degree": 3, "GEOID": "11001009602", "population": 5144.0, "median_income": 2228.0, "demand_score": 1.9024609346773189 }, "geometry": { "type": "Point", "coordinates": [ -8566181.0, 4707176.999999999068677 ] } },
{ "type": "Feature", "properties": { "degree": 3, "GEOID": "11001010400", "population": 4725.0, "median_income": 2288.0, "demand_score": 1.902343360237589 }, "geometry": { "type": "Point", "coordinates": [ -8571156.0, 4699929.999999999068677 ] } },
{ "type": "Feature", "properties": { "degree": 3, "GEOID": "11001010400", "population": 4725.0, "median_income": 2288.0, "demand_score": 1.9021658816728226 }, "geometry": { "type": "Point", "coordinates": [ -8570672.0, 4699370.000000000931323 ] } },
{ "type": "Feature", "properties": { "degree": 3, "GEOID": "11001001500", "population": 5804.0, "median_income": 2005.0, "demand_score": 1.9020552399250248 }, "geometry": { "type": "Point", "coordinates": [ -8578627.0, 4718092.999999999068677 ] } },
{ "type": "Feature", "properties": { "degree": 4, "GEOID": "11001001500", "population": 5804.0, "median_income": 2005.0, "demand_score": 1.9020203156568665 }, "geometry": { "type": "Point", "coordinates": [ -8578508.0, 4716777.0 ] } },
{ "type": "Feature", "properties": { "degree": 3, "GEOID": "11001010400", "population": 4725.0, "median_income": 2288.0, "demand_score": 1.9019577702387362 }, "geometry": { "type": "Point", "coordinates": [ -8571158.0, 4699854.999999999068677 ] } },
{ "type": "Feature", "properties": { "degree": 3, "GEOID": "11001001500", "population": 5804.0, "median_income": 2005.0, "demand_score": 1.9017912444323382 }, "geometry": { "type": "Point", "coordinates": [ -8576736.0, 4717241.999999999068677 ] } },
{ "type": "Feature", "properties": { "degree": 4, "GEOID": "11001010400", "population": 4725.0, "median_income": 2288.0, "demand_score": 1.899983914445019 }, "geometry": { "type": "Point", "coordinates": [ -8571010.999999998137355, 4699508.0 ] } },
{ "type": "Feature", "properties": { "degree": 4, "GEOID": "11001001500", "population": 5804.0, "median_income": 2005.0, "demand_score": 1.8999133301142834 }, "geometry": { "type": "Point", "coordinates": [ -8578712.0, 4717033.999999999068677 ] } },
{ "type": "Feature", "properties": { "degree": 4, "GEOID": "11001001804", "population": 5166.0, "median_income": 2088.0, "demand_score": 1.8998429053390486 }, "geometry": { "type": "Point", "coordinates": [ -8574686.000000001862645, 4716654.0 ] } },
{ "type": "Feature", "properties": { "degree": 3, "GEOID": "11001007601", "population": 5226.0, "median_income": 2136.0, "demand_score": 1.8990403489044287 }, "geometry": { "type": "Point", "coordinates": [ -8569462.0, 4703360.0 ] } },
{ "type": "Feature", "properties": { "degree": 3, "GEOID": "11001001500", "population": 5804.0, "median_income": 2005.0, "demand_score": 1.8988731357736979 }, "geometry": { "type": "Point", "coordinates": [ -8578545.0, 4716776.0 ] } },
{ "type": "Feature", "properties": { "degree": 4, "GEOID": "11001001804", "population": 5166.0, "median_income": 2088.0, "demand_score": 1.8986704824500429 }, "geometry": { "type": "Point", "coordinates": [ -8574908.0, 4716721.999999999068677 ] } },
{ "type": "Feature", "properties": { "degree": 2, "GEOID": "11001007601", "population": 5226.0, "median_income": 2136.0, "demand_score": 1.8984378317080881 }, "geometry": { "type": "Point", "coordinates": [ -8570287.0, 4702891.000000000931323 ] } },
{ "type": "Feature", "properties": { "degree": 3, "GEOID": "11001010400", "population": 4725.0, "median_income": 2288.0, "demand_score": 1.8984137971750621 }, "geometry": { "type": "Point", "coordinates": [ -8570757.999999998137355, 4699351.000000000931323 ] } },
{ "type": "Feature", "properties": { "degree": 3, "GEOID": "11001009602", "population": 5144.0, "median_income": 2228.0, "demand_score": 1.8974991925540414 }, "geometry": { "type": "Point", "coordinates": [ -8566108.000000001862645, 4707105.0 ] } },
{ "type": "Feature", "properties": { "degree": 3, "GEOID": "11001001500", "population": 5804.0, "median_income": 2005.0, "demand_score": 1.8969042082929133 }, "geometry": { "type": "Point", "coordinates": [ -8578239.0, 4718490.999999999068677 ] } },
{ "type": "Feature", "properties": { "degree": 4, "GEOID": "11001001500", "population": 5804.0, "median_income": 2005.0, "demand_score": 1.8968404666023115 }, "geometry": { "type": "Point", "coordinates": [ -8578849.0, 4717558.000000000931323 ] } },
{ "type": "Feature", "properties": { "degree": 2, "GEOID": "11001010400", "population": 4725.0, "median_income": 2288.0, "demand_score": 1.8968181490630327 }, "geometry": { "type": "Point", "coordinates": [ -8571151.000000001862645, 4699658.999999999068677 ] } },
{ "type": "Feature", "properties": { "degree": 3, "GEOID": "11001009602", "population": 5144.0, "median_income": 2228.0, "demand_score": 1.8966869286694674 }, "geometry": { "type": "Point", "coordinates": [ -8566242.0, 4707382.999999999068677 ] } },
{ "type": "Feature", "properties": { "degree": 3, "GEOID": "11001001804", "population": 5166.0, "median_income": 2088.0, "demand_score": 1.8965904769951649 }, "geometry": { "type": "Point", "coordinates": [ -8574784.0, 4716654.0 ] } },
{ "type": "Feature", "properties": { "degree": 4, "GEOID": "11001001804", "population": 5166.0, "median_income": 2088.0, "demand_score": 1.8961063157107072 }, "geometry": { "type": "Point", "coordinates": [ -8574906.0, 4716823.0 ] } },
{ "type": "Feature", "properties": { "degree": 3, "GEOID": "11001001500", "population": 5804.0, "median_income": 2005.0, "demand_score": 1.8955230804544823 }, "geometry": { "type": "Point", "coordinates": [ -8578849.0, 4717342.000000000931323 ] } },
{ "type": "Feature", "properties": { "degree": 3, "GEOID": "11001001804", "population": 5166.0, "median_income": 2088.0, "demand_score": 1.8953173848903733 }, "geometry": { "type": "Point", "coordinates": [ -8574871.0, 4716721.0 ] } },
{ "type": "Feature", "properties": { "degree": 3, "GEOID": "11001002102", "population": 4768.0, "median_income": 2254.0, "demand_score": 1.8950735512184562 }, "geometry": { "type": "Point", "coordinates": [ -8573291.0, 4715610.0 ] } },
{ "type": "Feature", "properties": { "degree": 3, "GEOID": "11001001500", "population": 5804.0, "median_income": 2005.0, "demand_score": 1.8935729694263523 }, "geometry": { "type": "Point", "coordinates": [ -8577425.0, 4718584.0 ] } },
{ "type": "Feature", "properties": { "degree": 3, "GEOID": "11001001804", "population": 5166.0, "median_income": 2088.0, "demand_score": 1.8933523147479727 }, "geometry": { "type": "Point", "coordinates": [ -8574906.0, 4717640.0 ] } },
{ "type": "Feature", "properties": { "degree": 4, "GEOID": "11001002102", "population": 4768.0, "median_income": 2254.0, "demand_score": 1.8933216661108907 }, "geometry": { "type": "Point", "coordinates": [ -8573105.0, 4714989.000000000931323 ] } },
{ "type": "Feature", "properties": { "degree": 3, "GEOID": "11001007601", "population": 5226.0, "median_income": 2136.0, "demand_score": 1.8931685802736244 }, "geometry": { "type": "Point", "coordinates": [ -8568970.0, 4703638.0 ] } },
{ "type": "Feature", "properties": { "degree": 3, "GEOID": "11001001500", "population": 5804.0, "median_income": 2005.0, "demand_score": 1.8931014426139487 }, "geometry": { "type": "Point", "coordinates": [ -8578849.0, 4717783.0 ] } },
{ "type": "Feature", "properties": { "degree": 3, "GEOID": "11001010400", "population": 4725.0, "median_income": 2288.0, "demand_score": 1.8929096058098511 }, "geometry": { "type": "Point", "coordinates": [ -8571149.0, 4700221.000000000931323 ] } },
{ "type": "Feature", "properties": { "degree": 3, "GEOID": "11001007601", "population": 5226.0, "median_income": 2136.0, "demand_score": 1.8927649547403291 }, "geometry": { "type": "Point", "coordinates": [ -8569081.0, 4703501.999999999068677 ] } },
{ "type": "Feature", "properties": { "degree": 4, "GEOID": "11001001500", "population": 5804.0, "median_income": 2005.0, "demand_score": 1.8927497857748725 }, "geometry": { "type": "Point", "coordinates": [ -8578712.0, 4716906.000000000931323 ] } },
{ "type": "Feature", "properties": { "degree": 3, "GEOID": "11001010400", "population": 4725.0, "median_income": 2288.0, "demand_score": 1.8927095309276276 }, "geometry": { "type": "Point", "coordinates": [ -8570855.0, 4699329.999999999068677 ] } },
{ "type": "Feature", "properties": { "degree": 3, "GEOID": "11001001500", "population": 5804.0, "median_income": 2005.0, "demand_score": 1.8925914687019874 }, "geometry": { "type": "Point", "coordinates": [ -8578815.0, 4717907.0 ] } },
{ "type": "Feature", "properties": { "degree": 3, "GEOID": "11001001500", "population": 5804.0, "median_income": 2005.0, "demand_score": 1.8923120065426409 }, "geometry": { "type": "Point", "coordinates": [ -8577940.0, 4718628.999999999068677 ] } },
{ "type": "Feature", "properties": { "degree": 4, "GEOID": "11001009602", "population": 5144.0, "median_income": 2228.0, "demand_score": 1.89140856982699 }, "geometry": { "type": "Point", "coordinates": [ -8566108.000000001862645, 4707250.0 ] } },
{ "type": "Feature", "properties": { "degree": 3, "GEOID": "11001010400", "population": 4725.0, "median_income": 2288.0, "demand_score": 1.8911566466575076 }, "geometry": { "type": "Point", "coordinates": [ -8570877.999999998137355, 4699324.999999999068677 ] } },
{ "type": "Feature", "properties": { "degree": 3, "GEOID": "11001007601", "population": 5226.0, "median_income": 2136.0, "demand_score": 1.8910961239656277 }, "geometry": { "type": "Point", "coordinates": [ -8569264.0, 4703356.999999999068677 ] } },
{ "type": "Feature", "properties": { "degree": 3, "GEOID": "11001009602", "population": 5144.0, "median_income": 2228.0, "demand_score": 1.8910767440478273 }, "geometry": { "type": "Point", "coordinates": [ -8566030.0, 4707028.0 ] } },
{ "type": "Feature", "properties": { "degree": 4, "GEOID": "11001010400", "population": 4725.0, "median_income": 2288.0, "demand_score": 1.8903030722158438 }, "geometry": { "type": "Point", "coordinates": [ -8571217.0, 4699668.0 ] } },
{ "type": "Feature", "properties": { "degree": 3, "GEOID": "11001002102", "population": 4768.0, "median_income": 2254.0, "demand_score": 1.8897813179426421 }, "geometry": { "type": "Point", "coordinates": [ -8572787.0, 4714851.0 ] } },
{ "type": "Feature", "properties": { "degree": 2, "GEOID": "11001009602", "population": 5144.0, "median_income": 2228.0, "demand_score": 1.8896717754068462 }, "geometry": { "type": "Point", "coordinates": [ -8565937.0, 4708166.0 ] } },
{ "type": "Feature", "properties": { "degree": 4, "GEOID": "11001007601", "population": 5226.0, "median_income": 2136.0, "demand_score": 1.8894630839609363 }, "geometry": { "type": "Point", "coordinates": [ -8570160.0, 4702657.0 ] } },
{ "type": "Feature", "properties": { "degree": 2, "GEOID": "11001007601", "population": 5226.0, "median_income": 2136.0, "demand_score": 1.8891786775618391 }, "geometry": { "type": "Point", "coordinates": [ -8569620.999999998137355, 4703256.0 ] } },
{ "type": "Feature", "properties": { "degree": 3, "GEOID": "11001002102", "population": 4768.0, "median_income": 2254.0, "demand_score": 1.8888748157061754 }, "geometry": { "type": "Point", "coordinates": [ -8572861.0, 4714849.0 ] } },
{ "type": "Feature", "properties": { "degree": 3, "GEOID": "11001007601", "population": 5226.0, "median_income": 2136.0, "demand_score": 1.8885340943443465 }, "geometry": { "type": "Point", "coordinates": [ -8570157.0, 4702723.0 ] } },
{ "type": "Feature", "properties": { "degree": 3, "GEOID": "11001002102", "population": 4768.0, "median_income": 2254.0, "demand_score": 1.8883778908025017 }, "geometry": { "type": "Point", "coordinates": [ -8573361.000000001862645, 4715301.0 ] } },
{ "type": "Feature", "properties": { "degree": 4, "GEOID": "11001010400", "population": 4725.0, "median_income": 2288.0, "demand_score": 1.8881415806922068 }, "geometry": { "type": "Point", "coordinates": [ -8571147.0, 4699506.999999999068677 ] } },
{ "type": "Feature", "properties": { "degree": 4, "GEOID": "11001002102", "population": 4768.0, "median_income": 2254.0, "demand_score": 1.8877308215271413 }, "geometry": { "type": "Point", "coordinates": [ -8572604.0, 4714858.0 ] } },
{ "type": "Feature", "properties": { "degree": 3, "GEOID": "11001007601", "population": 5226.0, "median_income": 2136.0, "demand_score": 1.8871778797893932 }, "geometry": { "type": "Point", "coordinates": [ -8570161.0, 4702815.0 ] } },
{ "type": "Feature", "properties": { "degree": 3, "GEOID": "11001009602", "population": 5144.0, "median_income": 2228.0, "demand_score": 1.887018940587325 }, "geometry": { "type": "Point", "coordinates": [ -8566036.0, 4707178.000000000931323 ] } },
{ "type": "Feature", "properties": { "degree": 4, "GEOID": "11001010400", "population": 4725.0, "median_income": 2288.0, "demand_score": 1.886971735397438 }, "geometry": { "type": "Point", "coordinates": [ -8571274.0, 4700052.000000000931323 ] } },
{ "type": "Feature", "properties": { "degree": 4, "GEOID": "11001002102", "population": 4768.0, "median_income": 2254.0, "demand_score": 1.8864388843097668 }, "geometry": { "type": "Point", "coordinates": [ -8573394.0, 4715451.0 ] } },
{ "type": "Feature", "properties": { "degree": 3, "GEOID": "11001007601", "population": 5226.0, "median_income": 2136.0, "demand_score": 1.885955967517591 }, "geometry": { "type": "Point", "coordinates": [ -8569171.999999998137355, 4703356.999999999068677 ] } },
{ "type": "Feature", "properties": { "degree": 3, "GEOID": "11001002102", "population": 4768.0, "median_income": 2254.0, "demand_score": 1.8854319288561556 }, "geometry": { "type": "Point", "coordinates": [ -8573387.0, 4715299.0 ] } },
{ "type": "Feature", "properties": { "degree": 3, "GEOID": "11001010400", "population": 4725.0, "median_income": 2288.0, "demand_score": 1.8852059998720168 }, "geometry": { "type": "Point", "coordinates": [ -8570958.0, 4699307.0 ] } },
{ "type": "Feature", "properties": { "degree": 4, "GEOID": "11001002102", "population": 4768.0, "median_income": 2254.0, "demand_score": 1.8850326453354875 }, "geometry": { "type": "Point", "coordinates": [ -8573399.999999998137355, 4715528.999999999068677 ] } },
{ "type": "Feature", "properties": { "degree": 4, "GEOID": "11001002102", "population": 4768.0, "median_income": 2254.0, "demand_score": 1.8849373056378784 }, "geometry": { "type": "Point", "coordinates": [ -8572985.0, 4714844.0 ] } },
{ "type": "Feature", "properties": { "degree": 4, "GEOID": "11001002102", "population": 4768.0, "median_income": 2254.0, "demand_score": 1.8843808742594641 }, "geometry": { "type": "Point", "coordinates": [ -8573386.0, 4715258.999999999068677 ] } },
{ "type": "Feature", "properties": { "degree": 2, "GEOID": "11001007601", "population": 5226.0, "median_income": 2136.0, "demand_score": 1.8842070583660324 }, "geometry": { "type": "Point", "coordinates": [ -8570159.0, 4702902.999999999068677 ] } },
{ "type": "Feature", "properties": { "degree": 4, "GEOID": "11001001500", "population": 5804.0, "median_income": 2005.0, "demand_score": 1.8841698479267763 }, "geometry": { "type": "Point", "coordinates": [ -8578712.999999998137355, 4716776.0 ] } },
{ "type": "Feature", "properties": { "degree": 4, "GEOID": "11001009602", "population": 5144.0, "median_income": 2228.0, "demand_score": 1.8836718965312005 }, "geometry": { "type": "Point", "coordinates": [ -8565560.0, 4707658.0 ] } },
{ "type": "Feature", "properties": { "degree": 4, "GEOID": "11001002102", "population": 4768.0, "median_income": 2254.0, "demand_score": 1.8830342869442236 }, "geometry": { "type": "Point", "coordinates": [ -8573401.0, 4715610.0 ] } },
{ "type": "Feature", "properties": { "degree": 5, "GEOID": "11001007601", "population": 5226.0, "median_income": 2136.0, "demand_score": 1.8813949374629417 }, "geometry": { "type": "Point", "coordinates": [ -8568829.0, 4703675.0 ] } },
{ "type": "Feature", "properties": { "degree": 3, "GEOID": "11001010400", "population": 4725.0, "median_income": 2288.0, "demand_score": 1.8809014459249425 }, "geometry": { "type": "Point", "coordinates": [ -8571010.999999998137355, 4699295.0 ] } },
{ "type": "Feature", "properties": { "degree": 4, "GEOID": "11001001500", "population": 5804.0, "median_income": 2005.0, "demand_score": 1.8807345126248132 }, "geometry": { "type": "Point", "coordinates": [ -8578990.0, 4717559.0 ] } },
{ "type": "Feature", "properties": { "degree": 3, "GEOID": "11001001500", "population": 5804.0, "median_income": 2005.0, "demand_score": 1.8807072234788245 }, "geometry": { "type": "Point", "coordinates": [ -8578990.0, 4717453.0 ] } },
{ "type": "Feature", "properties": { "degree": 4, "GEOID": "11001009602", "population": 5144.0, "median_income": 2228.0, "demand_score": 1.8804721438271881 }, "geometry": { "type": "Point", "coordinates": [ -8566037.0, 4707321.999999999068677 ] } },
{ "type": "Feature", "properties": { "degree": 4, "GEOID": "11001002102", "population": 4768.0, "median_income": 2254.0, "demand_score": 1.8801302538337001 }, "geometry": { "type": "Point", "coordinates": [ -8573382.0, 4715145.999999999068677 ] } },
{ "type": "Feature", "properties": { "degree": 3, "GEOID": "11001009602", "population": 5144.0, "median_income": 2228.0, "demand_score": 1.8800373183394807 }, "geometry": { "type": "Point", "coordinates": [ -8565489.0, 4707583.999999999068677 ] } },
{ "type": "Feature", "properties": { "degree": 4, "GEOID": "11001007601", "population": 5226.0, "median_income": 2136.0, "demand_score": 1.8799963647007985 }, "geometry": { "type": "Point", "coordinates": [ -8569080.0, 4703356.999999999068677 ] } },
{ "type": "Feature", "properties": { "degree": 3, "GEOID": "11001009602", "population": 5144.0, "median_income": 2228.0, "demand_score": 1.8799042422911283 }, "geometry": { "type": "Point", "coordinates": [ -8566193.0, 4707554.000000000931323 ] } },
{ "type": "Feature", "properties": { "degree": 3, "GEOID": "11001007601", "population": 5226.0, "median_income": 2136.0, "demand_score": 1.8798065239457609 }, "geometry": { "type": "Point", "coordinates": [ -8569622.0, 4703173.999999999068677 ] } },
{ "type": "Feature", "properties": { "degree": 4, "GEOID": "11001001500", "population": 5804.0, "median_income": 2005.0, "demand_score": 1.8795857114178176 }, "geometry": { "type": "Point", "coordinates": [ -8578990.0, 4717342.999999999068677 ] } },
{ "type": "Feature", "properties": { "degree": 3, "GEOID": "11001010400", "population": 4725.0, "median_income": 2288.0, "demand_score": 1.8794057968544147 }, "geometry": { "type": "Point", "coordinates": [ -8571294.0, 4700199.0 ] } },
{ "type": "Feature", "properties": { "degree": 3, "GEOID": "11001010400", "population": 4725.0, "median_income": 2288.0, "demand_score": 1.8793658265164119 }, "geometry": { "type": "Point", "coordinates": [ -8571147.0, 4699388.999999999068677 ] } },
{ "type": "Feature", "properties": { "degree": 3, "GEOID": "11001010400", "population": 4725.0, "median_income": 2288.0, "demand_score": 1.8793488245673973 }, "geometry": { "type": "Point", "coordinates": [ -8571276.0, 4699567.0 ] } },
{ "type": "Feature", "properties": { "degree": 3, "GEOID": "11001002102", "population": 4768.0, "median_income": 2254.0, "demand_score": 1.8791908410570972 }, "geometry": { "type": "Point", "coordinates": [ -8573401.0, 4715710.999999999068677 ] } },
{ "type": "Feature", "properties": { "degree": 4, "GEOID": "11001002102", "population": 4768.0, "median_income": 2254.0, "demand_score": 1.8791431489282124 }, "geometry": { "type": "Point", "coordinates": [ -8573099.000000001862645, 4714838.999999999068677 ] } },
{ "type": "Feature", "properties": { "degree": 4, "GEOID": "11001009602", "population": 5144.0, "median_income": 2228.0, "demand_score": 1.8789977527643966 }, "geometry": { "type": "Point", "coordinates": [ -8566131.999999998137355, 4707494.0 ] } },
{ "type": "Feature", "properties": { "degree": 4, "GEOID": "11001007601", "population": 5226.0, "median_income": 2136.0, "demand_score": 1.8781708348082353 }, "geometry": { "type": "Point", "coordinates": [ -8569461.0, 4703173.999999999068677 ] } },
{ "type": "Feature", "properties": { "degree": 3, "GEOID": "11001001500", "population": 5804.0, "median_income": 2005.0, "demand_score": 1.8775976318094285 }, "geometry": { "type": "Point", "coordinates": [ -8577867.0, 4718768.000000000931323 ] } },
{ "type": "Feature", "properties": { "degree": 4, "GEOID": "11001001500", "population": 5804.0, "median_income": 2005.0, "demand_score": 1.8774155955479965 }, "geometry": { "type": "Point", "coordinates": [ -8578990.0, 4717783.0 ] } },
{ "type": "Feature", "properties": { "degree": 3, "GEOID": "11001009602", "population": 5144.0, "median_income": 2228.0, "demand_score": 1.8773593233796082 }, "geometry": { "type": "Point", "coordinates": [ -8566067.999999998137355, 4707428.999999999068677 ] } },
{ "type": "Feature", "properties": { "degree": 3, "GEOID": "11001001804", "population": 5166.0, "median_income": 2088.0, "demand_score": 1.8770879121216217 }, "geometry": { "type": "Point", "coordinates": [ -8575095.0, 4717645.0 ] } },
{ "type": "Feature", "properties": { "degree": 3, "GEOID": "11001009602", "population": 5144.0, "median_income": 2228.0, "demand_score": 1.8764699557278106 }, "geometry": { "type": "Point", "coordinates": [ -8565965.000000001862645, 4707250.0 ] } },
{ "type": "Feature", "properties": { "degree": 4, "GEOID": "11001001500", "population": 5804.0, "median_income": 2005.0, "demand_score": 1.8758563867495224 }, "geometry": { "type": "Point", "coordinates": [ -8578991.0, 4717181.0 ] } },
{ "type": "Feature", "properties": { "degree": 3, "GEOID": "11001001804", "population": 5166.0, "median_income": 2088.0, "demand_score": 1.8758109657051201 }, "geometry": { "type": "Point", "coordinates": [ -8575172.999999998137355, 4717542.0 ] } },
{ "type": "Feature", "properties": { "degree": 3, "GEOID": "11001007601", "population": 5226.0, "median_income": 2136.0, "demand_score": 1.8757749320336905 }, "geometry": { "type": "Point", "coordinates": [ -8569363.999999998137355, 4703175.0 ] } },
{ "type": "Feature", "properties": { "degree": 3, "GEOID": "11001010400", "population": 4725.0, "median_income": 2288.0, "demand_score": 1.8749425383978098 }, "geometry": { "type": "Point", "coordinates": [ -8571081.0, 4699280.0 ] } },
{ "type": "Feature", "properties": { "degree": 4, "GEOID": "11001001500", "population": 5804.0, "median_income": 2005.0, "demand_score": 1.8740450526873345 }, "geometry": { "type": "Point", "coordinates": [ -8577408.0, 4718756.999999999068677 ] } },
{ "type": "Feature", "properties": { "degree": 3, "GEOID": "11001001500", "population": 5804.0, "median_income": 2005.0, "demand_score": 1.8730056025856778 }, "geometry": { "type": "Point", "coordinates": [ -8578920.0, 4718093.999999999068677 ] } },
{ "type": "Feature", "properties": { "degree": 4, "GEOID": "11001010400", "population": 4725.0, "median_income": 2288.0, "demand_score": 1.8726350542178021 }, "geometry": { "type": "Point", "coordinates": [ -8571310.0, 4699506.999999999068677 ] } },
{ "type": "Feature", "properties": { "degree": 4, "GEOID": "11001002102", "population": 4768.0, "median_income": 2254.0, "demand_score": 1.8726156894038661 }, "geometry": { "type": "Point", "coordinates": [ -8573453.0, 4715143.0 ] } },
{ "type": "Feature", "properties": { "degree": 3, "GEOID": "11001002102", "population": 4768.0, "median_income": 2254.0, "demand_score": 1.8721292841248118 }, "geometry": { "type": "Point", "coordinates": [ -8573507.0, 4715574.0 ] } },
{ "type": "Feature", "properties": { "degree": 4, "GEOID": "11001007601", "population": 5226.0, "median_income": 2136.0, "demand_score": 1.8720836554911782 }, "geometry": { "type": "Point", "coordinates": [ -8569264.0, 4703175.0 ] } },
{ "type": "Feature", "properties": { "degree": 3, "GEOID": "11001001500", "population": 5804.0, "median_income": 2005.0, "demand_score": 1.8720801924817865 }, "geometry": { "type": "Point", "coordinates": [ -8578990.0, 4717951.0 ] } },
{ "type": "Feature", "properties": { "degree": 4, "GEOID": "11001002102", "population": 4768.0, "median_income": 2254.0, "demand_score": 1.8716217286258345 }, "geometry": { "type": "Point", "coordinates": [ -8573504.0, 4715610.0 ] } },
{ "type": "Feature", "properties": { "degree": 3, "GEOID": "11001001500", "population": 5804.0, "median_income": 2005.0, "demand_score": 1.8706785849277978 }, "geometry": { "type": "Point", "coordinates": [ -8578991.0, 4717033.999999999068677 ] } },
{ "type": "Feature", "properties": { "degree": 4, "GEOID": "11001002102", "population": 4768.0, "median_income": 2254.0, "demand_score": 1.8706401172836342 }, "geometry": { "type": "Point", "coordinates": [ -8573376.0, 4714978.999999999068677 ] } },
{ "type": "Feature", "properties": { "degree": 4, "GEOID": "11001009602", "population": 5144.0, "median_income": 2228.0, "demand_score": 1.8693307680216273 }, "geometry": { "type": "Point", "coordinates": [ -8565965.000000001862645, 4707393.999999999068677 ] } },
{ "type": "Feature", "properties": { "degree": 3, "GEOID": "11001010400", "population": 4725.0, "median_income": 2288.0, "demand_score": 1.8691887815659682 }, "geometry": { "type": "Point", "coordinates": [ -8571146.0, 4699266.999999999068677 ] } },
{ "type": "Feature", "properties": { "degree": 3, "GEOID": "11001007601", "population": 5226.0, "median_income": 2136.0, "demand_score": 1.8687173131133163 }, "geometry": { "type": "Point", "coordinates": [ -8568921.999999998137355, 4703363.0 ] } },
{ "type": "Feature", "properties": { "degree": 4, "GEOID": "11001002102", "population": 4768.0, "median_income": 2254.0, "demand_score": 1.8681639807215815 }, "geometry": { "type": "Point", "coordinates": [ -8573505.0, 4715710.999999999068677 ] } },
{ "type": "Feature", "properties": { "degree": 3, "GEOID": "11001007601", "population": 5226.0, "median_income": 2136.0, "demand_score": 1.8659958697861374 }, "geometry": { "type": "Point", "coordinates": [ -8568819.0, 4703442.0 ] } },
{ "type": "Feature", "properties": { "degree": 3, "GEOID": "11001009602", "population": 5144.0, "median_income": 2228.0, "demand_score": 1.8657579661558499 }, "geometry": { "type": "Point", "coordinates": [ -8565893.999999998137355, 4707321.999999999068677 ] } },
{ "type": "Feature", "properties": { "degree": 3, "GEOID": "11001001500", "population": 5804.0, "median_income": 2005.0, "demand_score": 1.8655647918866882 }, "geometry": { "type": "Point", "coordinates": [ -8577965.000000001862645, 4718862.000000000931323 ] } },
{ "type": "Feature", "properties": { "degree": 3, "GEOID": "11001001500", "population": 5804.0, "median_income": 2005.0, "demand_score": 1.865286653594006 }, "geometry": { "type": "Point", "coordinates": [ -8578237.0, 4718793.000000000931323 ] } },
{ "type": "Feature", "properties": { "degree": 4, "GEOID": "11001001500", "population": 5804.0, "median_income": 2005.0, "demand_score": 1.8652575911636844 }, "geometry": { "type": "Point", "coordinates": [ -8577845.000000001862645, 4718877.999999999068677 ] } },
{ "type": "Feature", "properties": { "degree": 3, "GEOID": "11001001500", "population": 5804.0, "median_income": 2005.0, "demand_score": 1.8651725424211429 }, "geometry": { "type": "Point", "coordinates": [ -8578928.0, 4718221.000000000931323 ] } },
{ "type": "Feature", "properties": { "degree": 3, "GEOID": "11001001500", "population": 5804.0, "median_income": 2005.0, "demand_score": 1.8651288299159021 }, "geometry": { "type": "Point", "coordinates": [ -8578958.999999998137355, 4718168.000000000931323 ] } },
{ "type": "Feature", "properties": { "degree": 3, "GEOID": "11001010400", "population": 4725.0, "median_income": 2288.0, "demand_score": 1.8651131982759936 }, "geometry": { "type": "Point", "coordinates": [ -8571348.0, 4699442.999999999068677 ] } },
{ "type": "Feature", "properties": { "degree": 4, "GEOID": "11001007601", "population": 5226.0, "median_income": 2136.0, "demand_score": 1.8650514807673366 }, "geometry": { "type": "Point", "coordinates": [ -8569946.000000001862645, 4702607.0 ] } },
{ "type": "Feature", "properties": { "degree": 3, "GEOID": "11001009602", "population": 5144.0, "median_income": 2228.0, "demand_score": 1.8648916939070839 }, "geometry": { "type": "Point", "coordinates": [ -8566101.0, 4707648.000000000931323 ] } },
{ "type": "Feature", "properties": { "degree": 3, "GEOID": "11001001500", "population": 5804.0, "median_income": 2005.0, "demand_score": 1.8648411904856621 }, "geometry": { "type": "Point", "coordinates": [ -8578991.0, 4716906.000000000931323 ] } },
{ "type": "Feature", "properties": { "degree": 4, "GEOID": "11001002102", "population": 4768.0, "median_income": 2254.0, "demand_score": 1.8647336545862949 }, "geometry": { "type": "Point", "coordinates": [ -8573584.0, 4715443.999999999068677 ] } },
{ "type": "Feature", "properties": { "degree": 2, "GEOID": "11001009602", "population": 5144.0, "median_income": 2228.0, "demand_score": 1.8644770503249311 }, "geometry": { "type": "Point", "coordinates": [ -8566150.0, 4707702.999999999068677 ] } },
{ "type": "Feature", "properties": { "degree": 4, "GEOID": "11001007601", "population": 5226.0, "median_income": 2136.0, "demand_score": 1.8644366979426232 }, "geometry": { "type": "Point", "coordinates": [ -8569945.0, 4702723.0 ] } },
{ "type": "Feature", "properties": { "degree": 4, "GEOID": "11001004001", "population": 4250.0, "median_income": 2439.0, "demand_score": 1.8644352717901755 }, "geometry": { "type": "Point", "coordinates": [ -8576804.0, 4709757.0 ] } },
{ "type": "Feature", "properties": { "degree": 4, "GEOID": "11001002102", "population": 4768.0, "median_income": 2254.0, "demand_score": 1.863886157342052 }, "geometry": { "type": "Point", "coordinates": [ -8573578.0, 4715291.999999999068677 ] } },
{ "type": "Feature", "properties": { "degree": 3, "GEOID": "11001010400", "population": 4725.0, "median_income": 2288.0, "demand_score": 1.8636095959734873 }, "geometry": { "type": "Point", "coordinates": [ -8571400.0, 4699506.999999999068677 ] } },
{ "type": "Feature", "properties": { "degree": 3, "GEOID": "11001011100", "population": 5308.0, "median_income": 1927.0, "demand_score": 1.8632443119424293 }, "geometry": { "type": "Point", "coordinates": [ -8568996.0, 4710252.999999999068677 ] } },
{ "type": "Feature", "properties": { "degree": 4, "GEOID": "11001007601", "population": 5226.0, "median_income": 2136.0, "demand_score": 1.862995958407242 }, "geometry": { "type": "Point", "coordinates": [ -8569945.0, 4702815.0 ] } },
{ "type": "Feature", "properties": { "degree": 3, "GEOID": "11001009602", "population": 5144.0, "median_income": 2228.0, "demand_score": 1.8629534676991515 }, "geometry": { "type": "Point", "coordinates": [ -8566089.0, 4707660.0 ] } },
{ "type": "Feature", "properties": { "degree": 4, "GEOID": "11001007601", "population": 5226.0, "median_income": 2136.0, "demand_score": 1.8626852936375324 }, "geometry": { "type": "Point", "coordinates": [ -8569081.0, 4703173.999999999068677 ] } },
{ "type": "Feature", "properties": { "degree": 3, "GEOID": "11001001500", "population": 5804.0, "median_income": 2005.0, "demand_score": 1.862391894032482 }, "geometry": { "type": "Point", "coordinates": [ -8578991.0, 4718159.0 ] } },
{ "type": "Feature", "properties": { "degree": 4, "GEOID": "11001009602", "population": 5144.0, "median_income": 2228.0, "demand_score": 1.8620687489706387 }, "geometry": { "type": "Point", "coordinates": [ -8566027.0, 4707600.0 ] } },
{ "type": "Feature", "properties": { "degree": 6, "GEOID": "11001002102", "population": 4768.0, "median_income": 2254.0, "demand_score": 1.8619136209377314 }, "geometry": { "type": "Point", "coordinates": [ -8573590.999999998137355, 4715610.0 ] } },
{ "type": "Feature", "properties": { "degree": 3, "GEOID": "11001007601", "population": 5226.0, "median_income": 2136.0, "demand_score": 1.8617470983163242 }, "geometry": { "type": "Point", "coordinates": [ -8568817.0, 4703386.0 ] } },
{ "type": "Feature", "properties": { "degree": 3, "GEOID": "11001004001", "population": 4250.0, "median_income": 2439.0, "demand_score": 1.8615287076264868 }, "geometry": { "type": "Point", "coordinates": [ -8576729.0, 4709794.0 ] } },
{ "type": "Feature", "properties": { "degree": 4, "GEOID": "11001010400", "population": 4725.0, "median_income": 2288.0, "demand_score": 1.8615069699733855 }, "geometry": { "type": "Point", "coordinates": [ -8571513.999999998137355, 4699895.999999999068677 ] } },
{ "type": "Feature", "properties": { "degree": 4, "GEOID": "11001007601", "population": 5226.0, "median_income": 2136.0, "demand_score": 1.8607849994316279 }, "geometry": { "type": "Point", "coordinates": [ -8569945.0, 4702902.999999999068677 ] } },
{ "type": "Feature", "properties": { "degree": 3, "GEOID": "11001009602", "population": 5144.0, "median_income": 2228.0, "demand_score": 1.8606921538937085 }, "geometry": { "type": "Point", "coordinates": [ -8566074.999999998137355, 4707674.0 ] } },
{ "type": "Feature", "properties": { "degree": 3, "GEOID": "11001009602", "population": 5144.0, "median_income": 2228.0, "demand_score": 1.8606776695737341 }, "geometry": { "type": "Point", "coordinates": [ -8566127.0, 4707726.999999998137355 ] } },
{ "type": "Feature", "properties": { "degree": 3, "GEOID": "11001001500", "population": 5804.0, "median_income": 2005.0, "demand_score": 1.8599552078067254 }, "geometry": { "type": "Point", "coordinates": [ -8577414.0, 4718885.999999999068677 ] } },
{ "type": "Feature", "properties": { "degree": 4, "GEOID": "11001002102", "population": 4768.0, "median_income": 2254.0, "demand_score": 1.8597360704759365 }, "geometry": { "type": "Point", "coordinates": [ -8573573.0, 4715139.0 ] } },
{ "type": "Feature", "properties": { "degree": 4, "GEOID": "11001002102", "population": 4768.0, "median_income": 2254.0, "demand_score": 1.8597285449133658 }, "geometry": { "type": "Point", "coordinates": [ -8573370.0, 4714829.0 ] } },
{ "type": "Feature", "properties": { "degree": 4, "GEOID": "11001010400", "population": 4725.0, "median_income": 2288.0, "demand_score": 1.8596414681948561 }, "geometry": { "type": "Point", "coordinates": [ -8571374.999999998137355, 4699397.0 ] } },
{ "type": "Feature", "properties": { "degree": 3, "GEOID": "11001010400", "population": 4725.0, "median_income": 2288.0, "demand_score": 1.8591790900602678 }, "geometry": { "type": "Point", "coordinates": [ -8571145.000000001862645, 4700645.0 ] } },
{ "type": "Feature", "properties": { "degree": 3, "GEOID": "11001011100", "population": 5308.0, "median_income": 1927.0, "demand_score": 1.8588931448284207 }, "geometry": { "type": "Point", "coordinates": [ -8566698.0, 4710067.0 ] } },
{ "type": "Feature", "properties": { "degree": 3, "GEOID": "11001007601", "population": 5226.0, "median_income": 2136.0, "demand_score": 1.8588903199989597 }, "geometry": { "type": "Point", "coordinates": [ -8569622.0, 4702991.0 ] } },
{ "type": "Feature", "properties": { "degree": 3, "GEOID": "11001010400", "population": 4725.0, "median_income": 2288.0, "demand_score": 1.8583443514429669 }, "geometry": { "type": "Point", "coordinates": [ -8571271.000000001862645, 4700550.0 ] } },
{ "type": "Feature", "properties": { "degree": 4, "GEOID": "11001009602", "population": 5144.0, "median_income": 2228.0, "demand_score": 1.8582098329877885 }, "geometry": { "type": "Point", "coordinates": [ -8565893.999999998137355, 4707466.0 ] } },
{ "type": "Feature", "properties": { "degree": 4, "GEOID": "11001007601", "population": 5226.0, "median_income": 2136.0, "demand_score": 1.8580576674300153 }, "geometry": { "type": "Point", "coordinates": [ -8568590.0, 4703716.0 ] } },
{ "type": "Feature", "properties": { "degree": 4, "GEOID": "11001001500", "population": 5804.0, "median_income": 2005.0, "demand_score": 1.8578459189012704 }, "geometry": { "type": "Point", "coordinates": [ -8578991.0, 4716777.0 ] } },
{ "type": "Feature", "properties": { "degree": 3, "GEOID": "11001009602", "population": 5144.0, "median_income": 2228.0, "demand_score": 1.8577628860135995 }, "geometry": { "type": "Point", "coordinates": [ -8565946.999999998137355, 4707680.000000000931323 ] } },
{ "type": "Feature", "properties": { "degree": 4, "GEOID": "11001007601", "population": 5226.0, "median_income": 2136.0, "demand_score": 1.8577528990446002 }, "geometry": { "type": "Point", "coordinates": [ -8569461.0, 4702992.999999999068677 ] } },
{ "type": "Feature", "properties": { "degree": 3, "GEOID": "11001009602", "population": 5144.0, "median_income": 2228.0, "demand_score": 1.8574882760994713 }, "geometry": { "type": "Point", "coordinates": [ -8566005.999999998137355, 4707743.0 ] } },
{ "type": "Feature", "properties": { "degree": 3, "GEOID": "11001010400", "population": 4725.0, "median_income": 2288.0, "demand_score": 1.8573764541076059 }, "geometry": { "type": "Point", "coordinates": [ -8571306.0, 4700526.0 ] } },
{ "type": "Feature", "properties": { "degree": 3, "GEOID": "11001002102", "population": 4768.0, "median_income": 2254.0, "demand_score": 1.8570487233240227 }, "geometry": { "type": "Point", "coordinates": [ -8573608.0, 4715710.999999999068677 ] } },
{ "type": "Feature", "properties": { "degree": 4, "GEOID": "11001007601", "population": 5226.0, "median_income": 2136.0, "demand_score": 1.8570168558748161 }, "geometry": { "type": "Point", "coordinates": [ -8568650.0, 4703557.0 ] } },
{ "type": "Feature", "properties": { "degree": 3, "GEOID": "11001009602", "population": 5144.0, "median_income": 2228.0, "demand_score": 1.8568416350260737 }, "geometry": { "type": "Point", "coordinates": [ -8566056.0, 4707798.000000000931323 ] } },
{ "type": "Feature", "properties": { "degree": 3, "GEOID": "11001011100", "population": 5308.0, "median_income": 1927.0, "demand_score": 1.8564928853333071 }, "geometry": { "type": "Point", "coordinates": [ -8566877.0, 4710227.999999999068677 ] } },
{ "type": "Feature", "properties": { "degree": 3, "GEOID": "11001001500", "population": 5804.0, "median_income": 2005.0, "demand_score": 1.8564791880274649 }, "geometry": { "type": "Point", "coordinates": [ -8577664.0, 4718954.999999999068677 ] } },
{ "type": "Feature", "properties": { "degree": 3, "GEOID": "11001011100", "population": 5308.0, "median_income": 1927.0, "demand_score": 1.8564240735545328 }, "geometry": { "type": "Point", "coordinates": [ -8569163.0, 4710405.0 ] } },
{ "type": "Feature", "properties": { "degree": 4, "GEOID": "11001001500", "population": 5804.0, "median_income": 2005.0, "demand_score": 1.8563174390375565 }, "geometry": { "type": "Point", "coordinates": [ -8578411.0, 4718802.0 ] } },
{ "type": "Feature", "properties": { "degree": 4, "GEOID": "11001002102", "population": 4768.0, "median_income": 2254.0, "demand_score": 1.8560763364612216 }, "geometry": { "type": "Point", "coordinates": [ -8573822.0, 4715707.0 ] } },
{ "type": "Feature", "properties": { "degree": 3, "GEOID": "11001009602", "population": 5144.0, "median_income": 2228.0, "demand_score": 1.855760295162072 }, "geometry": { "type": "Point", "coordinates": [ -8565818.999999998137355, 4707540.0 ] } },
{ "type": "Feature", "properties": { "degree": 3, "GEOID": "11001007601", "population": 5226.0, "median_income": 2136.0, "demand_score": 1.855433937909845 }, "geometry": { "type": "Point", "coordinates": [ -8569352.0, 4702993.999999999068677 ] } },
{ "type": "Feature", "properties": { "degree": 3, "GEOID": "11001007601", "population": 5226.0, "median_income": 2136.0, "demand_score": 1.8552574551420911 }, "geometry": { "type": "Point", "coordinates": [ -8568366.0, 4702817.0 ] } },
{ "type": "Feature", "properties": { "degree": 3, "GEOID": "11001007601", "population": 5226.0, "median_income": 2136.0, "demand_score": 1.8551645073932148 }, "geometry": { "type": "Point", "coordinates": [ -8569860.0, 4702587.0 ] } },
{ "type": "Feature", "properties": { "degree": 3, "GEOID": "11001009602", "population": 5144.0, "median_income": 2228.0, "demand_score": 1.8549184352126571 }, "geometry": { "type": "Point", "coordinates": [ -8565822.999999998137355, 4707393.999999999068677 ] } },
{ "type": "Feature", "properties": { "degree": 3, "GEOID": "11001007601", "population": 5226.0, "median_income": 2136.0, "demand_score": 1.8545386535089732 }, "geometry": { "type": "Point", "coordinates": [ -8568563.0, 4703699.999999999068677 ] } },
{ "type": "Feature", "properties": { "degree": 4, "GEOID": "11001007601", "population": 5226.0, "median_income": 2136.0, "demand_score": 1.8544551689594799 }, "geometry": { "type": "Point", "coordinates": [ -8569081.0, 4703090.999999999068677 ] } },
{ "type": "Feature", "properties": { "degree": 4, "GEOID": "11001007601", "population": 5226.0, "median_income": 2136.0, "demand_score": 1.8544157301199486 }, "geometry": { "type": "Point", "coordinates": [ -8568951.0, 4703173.999999999068677 ] } },
{ "type": "Feature", "properties": { "degree": 4, "GEOID": "11001009602", "population": 5144.0, "median_income": 2228.0, "demand_score": 1.8533925776482114 }, "geometry": { "type": "Point", "coordinates": [ -8565751.999999998137355, 4707466.0 ] } },
{ "type": "Feature", "properties": { "degree": 4, "GEOID": "11001010400", "population": 4725.0, "median_income": 2288.0, "demand_score": 1.8529435841211563 }, "geometry": { "type": "Point", "coordinates": [ -8571584.0, 4699804.999999999068677 ] } },
{ "type": "Feature", "properties": { "degree": 6, "GEOID": "11001002102", "population": 4768.0, "median_income": 2254.0, "demand_score": 1.852700426697891 }, "geometry": { "type": "Point", "coordinates": [ -8573560.0, 4714971.000000000931323 ] } },
{ "type": "Feature", "properties": { "degree": 3, "GEOID": "11001007601", "population": 5226.0, "median_income": 2136.0, "demand_score": 1.8526215868088571 }, "geometry": { "type": "Point", "coordinates": [ -8568924.999999998137355, 4703173.999999999068677 ] } },
{ "type": "Feature", "properties": { "degree": 4, "GEOID": "11001007601", "population": 5226.0, "median_income": 2136.0, "demand_score": 1.8525244011270803 }, "geometry": { "type": "Point", "coordinates": [ -8569264.0, 4702992.999999999068677 ] } },
{ "type": "Feature", "properties": { "degree": 3, "GEOID": "11001001500", "population": 5804.0, "median_income": 2005.0, "demand_score": 1.8524816199082796 }, "geometry": { "type": "Point", "coordinates": [ -8577827.0, 4718991.000000000931323 ] } },
{ "type": "Feature", "properties": { "degree": 6, "GEOID": "11001007601", "population": 5226.0, "median_income": 2136.0, "demand_score": 1.8518311184835561 }, "geometry": { "type": "Point", "coordinates": [ -8568813.0, 4703263.000000000931323 ] } },
{ "type": "Feature", "properties": { "degree": 4, "GEOID": "11001007601", "population": 5226.0, "median_income": 2136.0, "demand_score": 1.8515158263696487 }, "geometry": { "type": "Point", "coordinates": [ -8569233.999999998137355, 4702993.999999999068677 ] } },
{ "type": "Feature", "properties": { "degree": 3, "GEOID": "11001010400", "population": 4725.0, "median_income": 2288.0, "demand_score": 1.851055950133331 }, "geometry": { "type": "Point", "coordinates": [ -8571429.0, 4699343.0 ] } },
{ "type": "Feature", "properties": { "degree": 3, "GEOID": "11001000600", "population": 4548.0, "median_income": 2206.0, "demand_score": 1.8509526461705614 }, "geometry": { "type": "Point", "coordinates": [ -8579369.0, 4711889.999999999068677 ] } },
{ "type": "Feature", "properties": { "degree": 3, "GEOID": "11001010400", "population": 4725.0, "median_income": 2288.0, "demand_score": 1.8506878923665016 }, "geometry": { "type": "Point", "coordinates": [ -8571342.0, 4699230.0 ] } },
{ "type": "Feature", "properties": { "degree": 4, "GEOID": "11001007601", "population": 5226.0, "median_income": 2136.0, "demand_score": 1.8505694022712362 }, "geometry": { "type": "Point", "coordinates": [ -8569264.0, 4702974.999999999068677 ] } },
{ "type": "Feature", "properties": { "degree": 3, "GEOID": "11001009602", "population": 5144.0, "median_income": 2228.0, "demand_score": 1.8501552804303658 }, "geometry": { "type": "Point", "coordinates": [ -8565677.0, 4707386.999999999068677 ] } },
{ "type": "Feature", "properties": { "degree": 3, "GEOID": "11001000600", "population": 4548.0, "median_income": 2206.0, "demand_score": 1.8496663563099816 }, "geometry": { "type": "Point", "coordinates": [ -8579662.999999998137355, 4713256.999999999068677 ] } },
{ "type": "Feature", "properties": { "degree": 4, "GEOID": "11001007601", "population": 5226.0, "median_income": 2136.0, "demand_score": 1.8488322544580083 }, "geometry": { "type": "Point", "coordinates": [ -8569622.0, 4702902.999999999068677 ] } },
{ "type": "Feature", "properties": { "degree": 4, "GEOID": "11001007601", "population": 5226.0, "median_income": 2136.0, "demand_score": 1.8488223706179649 }, "geometry": { "type": "Point", "coordinates": [ -8568364.000000001862645, 4702878.0 ] } },
{ "type": "Feature", "properties": { "degree": 3, "GEOID": "11001010400", "population": 4725.0, "median_income": 2288.0, "demand_score": 1.8488059416130833 }, "geometry": { "type": "Point", "coordinates": [ -8571391.000000001862645, 4700543.0 ] } },
{ "type": "Feature", "properties": { "degree": 4, "GEOID": "11001007601", "population": 5226.0, "median_income": 2136.0, "demand_score": 1.8485368806341036 }, "geometry": { "type": "Point", "coordinates": [ -8568505.0, 4702817.999999999068677 ] } },
{ "type": "Feature", "properties": { "degree": 4, "GEOID": "11001002102", "population": 4768.0, "median_income": 2254.0, "demand_score": 1.8484899589375394 }, "geometry": { "type": "Point", "coordinates": [ -8573820.0, 4715589.999999999068677 ] } },
{ "type": "Feature", "properties": { "degree": 4, "GEOID": "11001000600", "population": 4548.0, "median_income": 2206.0, "demand_score": 1.8476279030932508 }, "geometry": { "type": "Point", "coordinates": [ -8579241.0, 4712014.000000000931323 ] } },
{ "type": "Feature", "properties": { "degree": 3, "GEOID": "11001001500", "population": 5804.0, "median_income": 2005.0, "demand_score": 1.8475879413341714 }, "geometry": { "type": "Point", "coordinates": [ -8577431.0, 4719000.999999999068677 ] } },
{ "type": "Feature", "properties": { "degree": 4, "GEOID": "11001004001", "population": 4250.0, "median_income": 2439.0, "demand_score": 1.8475567171559804 }, "geometry": { "type": "Point", "coordinates": [ -8576859.0, 4709896.000000000931323 ] } },
{ "type": "Feature", "properties": { "degree": 3, "GEOID": "11001007601", "population": 5226.0, "median_income": 2136.0, "demand_score": 1.847554272657068 }, "geometry": { "type": "Point", "coordinates": [ -8569460.0, 4702902.999999999068677 ] } },
{ "type": "Feature", "properties": { "degree": 3, "GEOID": "11001001500", "population": 5804.0, "median_income": 2005.0, "demand_score": 1.8474616722024071 }, "geometry": { "type": "Point", "coordinates": [ -8579272.999999998137355, 4717342.000000000931323 ] } },
{ "type": "Feature", "properties": { "degree": 3, "GEOID": "11001004001", "population": 4250.0, "median_income": 2439.0, "demand_score": 1.8470406484910371 }, "geometry": { "type": "Point", "coordinates": [ -8576665.0, 4709924.0 ] } },
{ "type": "Feature", "properties": { "degree": 3, "GEOID": "11001011100", "population": 5308.0, "median_income": 1927.0, "demand_score": 1.8462459850892141 }, "geometry": { "type": "Point", "coordinates": [ -8568954.0, 4710405.999999999068677 ] } },
{ "type": "Feature", "properties": { "degree": 4, "GEOID": "11001011100", "population": 5308.0, "median_income": 1927.0, "demand_score": 1.8460910302762024 }, "geometry": { "type": "Point", "coordinates": [ -8568826.000000001862645, 4709379.999999999068677 ] } },
{ "type": "Feature", "properties": { "degree": 3, "GEOID": "11001002102", "population": 4768.0, "median_income": 2254.0, "demand_score": 1.8455133254103036 }, "geometry": { "type": "Point", "coordinates": [ -8573740.0, 4715592.999999999068677 ] } },
{ "type": "Feature", "properties": { "degree": 4, "GEOID": "11001000600", "population": 4548.0, "median_income": 2206.0, "demand_score": 1.8452605006669924 }, "geometry": { "type": "Point", "coordinates": [ -8579662.999999998137355, 4712817.999999999068677 ] } },
{ "type": "Feature", "properties": { "degree": 3, "GEOID": "11001011100", "population": 5308.0, "median_income": 1927.0, "demand_score": 1.8452324196502565 }, "geometry": { "type": "Point", "coordinates": [ -8568677.0, 4709615.0 ] } },
{ "type": "Feature", "properties": { "degree": 3, "GEOID": "11001010400", "population": 4725.0, "median_income": 2288.0, "demand_score": 1.8449350264919575 }, "geometry": { "type": "Point", "coordinates": [ -8571579.999999998137355, 4699506.999999999068677 ] } },
{ "type": "Feature", "properties": { "degree": 3, "GEOID": "11001000600", "population": 4548.0, "median_income": 2206.0, "demand_score": 1.8447036285771197 }, "geometry": { "type": "Point", "coordinates": [ -8579241.0, 4712551.0 ] } },
{ "type": "Feature", "properties": { "degree": 4, "GEOID": "11001007601", "population": 5226.0, "median_income": 2136.0, "demand_score": 1.8446329505988666 }, "geometry": { "type": "Point", "coordinates": [ -8569081.0, 4702993.999999999068677 ] } },
{ "type": "Feature", "properties": { "degree": 4, "GEOID": "11001007601", "population": 5226.0, "median_income": 2136.0, "demand_score": 1.8445057592850416 }, "geometry": { "type": "Point", "coordinates": [ -8568814.0, 4703173.999999999068677 ] } },
{ "type": "Feature", "properties": { "degree": 3, "GEOID": "11001000600", "population": 4548.0, "median_income": 2206.0, "demand_score": 1.8441750820254328 }, "geometry": { "type": "Point", "coordinates": [ -8578398.999999998137355, 4712674.999999999068677 ] } },
{ "type": "Feature", "properties": { "degree": 3, "GEOID": "11001001100", "population": 4727.0, "median_income": 2109.0, "demand_score": 1.8440784071737228 }, "geometry": { "type": "Point", "coordinates": [ -8580181.0, 4714262.0 ] } },
{ "type": "Feature", "properties": { "degree": 3, "GEOID": "11001001100", "population": 4727.0, "median_income": 2109.0, "demand_score": 1.8440272291144255 }, "geometry": { "type": "Point", "coordinates": [ -8580574.0, 4715805.0 ] } },
{ "type": "Feature", "properties": { "degree": 3, "GEOID": "11001007601", "population": 5226.0, "median_income": 2136.0, "demand_score": 1.8439840831833156 }, "geometry": { "type": "Point", "coordinates": [ -8568621.000000001862645, 4703386.0 ] } },
{ "type": "Feature", "properties": { "degree": 3, "GEOID": "11001001500", "population": 5804.0, "median_income": 2005.0, "demand_score": 1.8438245513348837 }, "geometry": { "type": "Point", "coordinates": [ -8577623.0, 4719063.000000000931323 ] } },
{ "type": "Feature", "properties": { "degree": 3, "GEOID": "11001001500", "population": 5804.0, "median_income": 2005.0, "demand_score": 1.8437065440694715 }, "geometry": { "type": "Point", "coordinates": [ -8577823.999999998137355, 4719067.999999999068677 ] } },
{ "type": "Feature", "properties": { "degree": 4, "GEOID": "11001010400", "population": 4725.0, "median_income": 2288.0, "demand_score": 1.8436786231329638 }, "geometry": { "type": "Point", "coordinates": [ -8571653.0, 4699715.0 ] } },
{ "type": "Feature", "properties": { "degree": 3, "GEOID": "11001010400", "population": 4725.0, "median_income": 2288.0, "demand_score": 1.8428574783366689 }, "geometry": { "type": "Point", "coordinates": [ -8571428.0, 4699224.0 ] } },
{ "type": "Feature", "properties": { "degree": 4, "GEOID": "11001002102", "population": 4768.0, "median_income": 2254.0, "demand_score": 1.8427909498919 }, "geometry": { "type": "Point", "coordinates": [ -8573561.000000001862645, 4714820.000000000931323 ] } },
{ "type": "Feature", "properties": { "degree": 4, "GEOID": "11001003600", "population": 4630.0, "median_income": 2152.0, "demand_score": 1.842491416356999 }, "geometry": { "type": "Point", "coordinates": [ -8574905.0, 4710290.999999999068677 ] } },
{ "type": "Feature", "properties": { "degree": 3, "GEOID": "11001011100", "population": 5308.0, "median_income": 1927.0, "demand_score": 1.8424238198741436 }, "geometry": { "type": "Point", "coordinates": [ -8568891.0, 4709276.999999999068677 ] } },
{ "type": "Feature", "properties": { "degree": 4, "GEOID": "11001004001", "population": 4250.0, "median_income": 2439.0, "demand_score": 1.8424171622990877 }, "geometry": { "type": "Point", "coordinates": [ -8576688.999999998137355, 4709964.0 ] } },
{ "type": "Feature", "properties": { "degree": 3, "GEOID": "11001010400", "population": 4725.0, "median_income": 2288.0, "demand_score": 1.8422752759286596 }, "geometry": { "type": "Point", "coordinates": [ -8571432.0, 4700583.0 ] } },
{ "type": "Feature", "properties": { "degree": 4, "GEOID": "11001000600", "population": 4548.0, "median_income": 2206.0, "demand_score": 1.8418616094957159 }, "geometry": { "type": "Point", "coordinates": [ -8579552.000000001862645, 4712817.999999999068677 ] } },
{ "type": "Feature", "properties": { "degree": 4, "GEOID": "11001001100", "population": 4727.0, "median_income": 2109.0, "demand_score": 1.8418481340354949 }, "geometry": { "type": "Point", "coordinates": [ -8580517.0, 4716091.0 ] } },
{ "type": "Feature", "properties": { "degree": 3, "GEOID": "11001007304", "population": 4927.0, "median_income": 2027.0, "demand_score": 1.8416954868469904 }, "geometry": { "type": "Point", "coordinates": [ -8569661.0, 4699012.000000000931323 ] } },
{ "type": "Feature", "properties": { "degree": 3, "GEOID": "11001011100", "population": 5308.0, "median_income": 1927.0, "demand_score": 1.8415437950449975 }, "geometry": { "type": "Point", "coordinates": [ -8568953.0, 4710454.0 ] } },
{ "type": "Feature", "properties": { "degree": 2, "GEOID": "11001007304", "population": 4927.0, "median_income": 2027.0, "demand_score": 1.8414540032976743 }, "geometry": { "type": "Point", "coordinates": [ -8569918.0, 4699163.0 ] } },
{ "type": "Feature", "properties": { "degree": 4, "GEOID": "11001007601", "population": 5226.0, "median_income": 2136.0, "demand_score": 1.8413395622254267 }, "geometry": { "type": "Point", "coordinates": [ -8569461.0, 4702848.000000000931323 ] } },
{ "type": "Feature", "properties": { "degree": 3, "GEOID": "11001001100", "population": 4727.0, "median_income": 2109.0, "demand_score": 1.8409682807071379 }, "geometry": { "type": "Point", "coordinates": [ -8580540.999999998137355, 4715065.999999999068677 ] } },
{ "type": "Feature", "properties": { "degree": 3, "GEOID": "11001007304", "population": 4927.0, "median_income": 2027.0, "demand_score": 1.840780969839575 }, "geometry": { "type": "Point", "coordinates": [ -8570321.0, 4699448.0 ] } },
{ "type": "Feature", "properties": { "degree": 3, "GEOID": "11001001100", "population": 4727.0, "median_income": 2109.0, "demand_score": 1.8407519147167624 }, "geometry": { "type": "Point", "coordinates": [ -8580538.999999998137355, 4716208.0 ] } },
{ "type": "Feature", "properties": { "degree": 3, "GEOID": "11001007601", "population": 5226.0, "median_income": 2136.0, "demand_score": 1.8406165216238566 }, "geometry": { "type": "Point", "coordinates": [ -8568494.0, 4702900.999999999068677 ] } },
{ "type": "Feature", "properties": { "degree": 4, "GEOID": "11001001100", "population": 4727.0, "median_income": 2109.0, "demand_score": 1.8404603510671564 }, "geometry": { "type": "Point", "coordinates": [ -8580540.0, 4715805.0 ] } },
{ "type": "Feature", "properties": { "degree": 2, "GEOID": "11001010400", "population": 4725.0, "median_income": 2288.0, "demand_score": 1.8403635141937862 }, "geometry": { "type": "Point", "coordinates": [ -8572235.0, 4700568.999999999068677 ] } },
{ "type": "Feature", "properties": { "degree": 3, "GEOID": "11001001500", "population": 5804.0, "median_income": 2005.0, "demand_score": 1.8402624257447586 }, "geometry": { "type": "Point", "coordinates": [ -8576120.999999998137355, 4717783.0 ] } },
{ "type": "Feature", "properties": { "degree": 3, "GEOID": "11001011100", "population": 5308.0, "median_income": 1927.0, "demand_score": 1.8401772900860882 }, "geometry": { "type": "Point", "coordinates": [ -8568862.999999998137355, 4710405.0 ] } },
{ "type": "Feature", "properties": { "degree": 3, "GEOID": "11001007601", "population": 5226.0, "median_income": 2136.0, "demand_score": 1.839851823596488 }, "geometry": { "type": "Point", "coordinates": [ -8568655.0, 4702817.0 ] } },
{ "type": "Feature", "properties": { "degree": 4, "GEOID": "11001001100", "population": 4727.0, "median_income": 2109.0, "demand_score": 1.839826508779794 }, "geometry": { "type": "Point", "coordinates": [ -8580749.0, 4715059.0 ] } },
{ "type": "Feature", "properties": { "degree": 3, "GEOID": "11001000600", "population": 4548.0, "median_income": 2206.0, "demand_score": 1.8397620543210991 }, "geometry": { "type": "Point", "coordinates": [ -8579117.0, 4712315.0 ] } },
{ "type": "Feature", "properties": { "degree": 4, "GEOID": "11001004001", "population": 4250.0, "median_income": 2439.0, "demand_score": 1.8395677056231801 }, "geometry": { "type": "Point", "coordinates": [ -8576633.0, 4709989.000000000931323 ] } },
{ "type": "Feature", "properties": { "degree": 4, "GEOID": "11001000600", "population": 4548.0, "median_income": 2206.0, "demand_score": 1.8394972005421943 }, "geometry": { "type": "Point", "coordinates": [ -8579242.0, 4711881.0 ] } },
{ "type": "Feature", "properties": { "degree": 4, "GEOID": "11001001100", "population": 4727.0, "median_income": 2109.0, "demand_score": 1.8391072326268878 }, "geometry": { "type": "Point", "coordinates": [ -8580537.999999998137355, 4716241.999999998137355 ] } },
{ "type": "Feature", "properties": { "degree": 4, "GEOID": "11001007601", "population": 5226.0, "median_income": 2136.0, "demand_score": 1.8387741887987916 }, "geometry": { "type": "Point", "coordinates": [ -8569622.0, 4702815.0 ] } },
{ "type": "Feature", "properties": { "degree": 3, "GEOID": "11001007601", "population": 5226.0, "median_income": 2136.0, "demand_score": 1.8385054951457982 }, "geometry": { "type": "Point", "coordinates": [ -8569715.0, 4702686.0 ] } },
{ "type": "Feature", "properties": { "degree": 2, "GEOID": "11001011100", "population": 5308.0, "median_income": 1927.0, "demand_score": 1.8382649964513618 }, "geometry": { "type": "Point", "coordinates": [ -8568837.0, 4710405.0 ] } },
{ "type": "Feature", "properties": { "degree": 4, "GEOID": "11001007601", "population": 5226.0, "median_income": 2136.0, "demand_score": 1.8382427312820839 }, "geometry": { "type": "Point", "coordinates": [ -8569514.0, 4702815.0 ] } },
{ "type": "Feature", "properties": { "degree": 3, "GEOID": "11001003600", "population": 4630.0, "median_income": 2152.0, "demand_score": 1.8380310376501878 }, "geometry": { "type": "Point", "coordinates": [ -8574722.999999998137355, 4710568.0 ] } },
{ "type": "Feature", "properties": { "degree": 3, "GEOID": "11001001100", "population": 4727.0, "median_income": 2109.0, "demand_score": 1.8378935340237126 }, "geometry": { "type": "Point", "coordinates": [ -8580622.0, 4716387.0 ] } },
{ "type": "Feature", "properties": { "degree": 4, "GEOID": "11001002102", "population": 4768.0, "median_income": 2254.0, "demand_score": 1.8376735161862952 }, "geometry": { "type": "Point", "coordinates": [ -8573809.0, 4715282.999999999068677 ] } },
{ "type": "Feature", "properties": { "degree": 4, "GEOID": "11001007601", "population": 5226.0, "median_income": 2136.0, "demand_score": 1.8375990581336543 }, "geometry": { "type": "Point", "coordinates": [ -8569461.0, 4702815.0 ] } },
{ "type": "Feature", "properties": { "degree": 3, "GEOID": "11001007601", "population": 5226.0, "median_income": 2136.0, "demand_score": 1.8374988133318992 }, "geometry": { "type": "Point", "coordinates": [ -8568449.0, 4702950.999999999068677 ] } },
{ "type": "Feature", "properties": { "degree": 5, "GEOID": "11001007601", "population": 5226.0, "median_income": 2136.0, "demand_score": 1.8373934121371227 }, "geometry": { "type": "Point", "coordinates": [ -8568509.0, 4703457.0 ] } },
{ "type": "Feature", "properties": { "degree": 3, "GEOID": "11001001100", "population": 4727.0, "median_income": 2109.0, "demand_score": 1.8369090656594822 }, "geometry": { "type": "Point", "coordinates": [ -8580038.999999998137355, 4714475.0 ] } },
{ "type": "Feature", "properties": { "degree": 3, "GEOID": "11001011100", "population": 5308.0, "median_income": 1927.0, "demand_score": 1.8368437757156659 }, "geometry": { "type": "Point", "coordinates": [ -8568725.999999998137355, 4709372.999999999068677 ] } },
{ "type": "Feature", "properties": { "degree": 3, "GEOID": "11001007601", "population": 5226.0, "median_income": 2136.0, "demand_score": 1.8368070074022611 }, "geometry": { "type": "Point", "coordinates": [ -8568616.0, 4703287.0 ] } },
{ "type": "Feature", "properties": { "degree": 3, "GEOID": "11001001500", "population": 5804.0, "median_income": 2005.0, "demand_score": 1.8366842468360134 }, "geometry": { "type": "Point", "coordinates": [ -8579306.0, 4717036.0 ] } },
{ "type": "Feature", "properties": { "degree": 4, "GEOID": "11001007601", "population": 5226.0, "median_income": 2136.0, "demand_score": 1.8366366931346541 }, "geometry": { "type": "Point", "coordinates": [ -8568713.0, 4703175.0 ] } },
{ "type": "Feature", "properties": { "degree": 3, "GEOID": "11001000600", "population": 4548.0, "median_income": 2206.0, "demand_score": 1.836400121778897 }, "geometry": { "type": "Point", "coordinates": [ -8578287.0, 4712828.000000000931323 ] } },
{ "type": "Feature", "properties": { "degree": 3, "GEOID": "11001007304", "population": 4927.0, "median_income": 2027.0, "demand_score": 1.8363577733970029 }, "geometry": { "type": "Point", "coordinates": [ -8570008.0, 4699205.0 ] } },
{ "type": "Feature", "properties": { "degree": 4, "GEOID": "11001007601", "population": 5226.0, "median_income": 2136.0, "demand_score": 1.8363474534980107 }, "geometry": { "type": "Point", "coordinates": [ -8568366.0, 4702992.999999999068677 ] } },
{ "type": "Feature", "properties": { "degree": 6, "GEOID": "11001007601", "population": 5226.0, "median_income": 2136.0, "demand_score": 1.835728758355015 }, "geometry": { "type": "Point", "coordinates": [ -8568418.999999998137355, 4703615.0 ] } },
{ "type": "Feature", "properties": { "degree": 3, "GEOID": "11001011100", "population": 5308.0, "median_income": 1927.0, "demand_score": 1.8357028019542718 }, "geometry": { "type": "Point", "coordinates": [ -8568955.0, 4709165.0 ] } },
{ "type": "Feature", "properties": { "degree": 3, "GEOID": "11001007601", "population": 5226.0, "median_income": 2136.0, "demand_score": 1.8357013637762911 }, "geometry": { "type": "Point", "coordinates": [ -8568924.999999998137355, 4702992.999999999068677 ] } },
{ "type": "Feature", "properties": { "degree": 4, "GEOID": "11001001100", "population": 4727.0, "median_income": 2109.0, "demand_score": 1.8356421721517937 }, "geometry": { "type": "Point", "coordinates": [ -8580731.999999998137355, 4715519.0 ] } },
{ "type": "Feature", "properties": { "degree": 3, "GEOID": "11001001100", "population": 4727.0, "median_income": 2109.0, "demand_score": 1.8355148526238125 }, "geometry": { "type": "Point", "coordinates": [ -8580540.0, 4715710.0 ] } },
{ "type": "Feature", "properties": { "degree": 3, "GEOID": "11001007601", "population": 5226.0, "median_income": 2136.0, "demand_score": 1.8354152353020836 }, "geometry": { "type": "Point", "coordinates": [ -8569080.0, 4702905.0 ] } },
{ "type": "Feature", "properties": { "degree": 4, "GEOID": "11001002102", "population": 4768.0, "median_income": 2254.0, "demand_score": 1.8352818623185589 }, "geometry": { "type": "Point", "coordinates": [ -8573641.0, 4714817.0 ] } },
{ "type": "Feature", "properties": { "degree": 4, "GEOID": "11001001500", "population": 5804.0, "median_income": 2005.0, "demand_score": 1.8352246273159767 }, "geometry": { "type": "Point", "coordinates": [ -8579356.0, 4717181.0 ] } },
{ "type": "Feature", "properties": { "degree": 4, "GEOID": "11001001500", "population": 5804.0, "median_income": 2005.0, "demand_score": 1.8352025919182613 }, "geometry": { "type": "Point", "coordinates": [ -8579215.999999998137355, 4716776.0 ] } },
{ "type": "Feature", "properties": { "degree": 3, "GEOID": "11001003600", "population": 4630.0, "median_income": 2152.0, "demand_score": 1.8346630756682543 }, "geometry": { "type": "Point", "coordinates": [ -8574907.0, 4710375.0 ] } },
{ "type": "Feature", "properties": { "degree": 4, "GEOID": "11001000600", "population": 4548.0, "median_income": 2206.0, "demand_score": 1.8344175596132457 }, "geometry": { "type": "Point", "coordinates": [ -8579242.0, 4712700.000000000931323 ] } },
{ "type": "Feature", "properties": { "degree": 4, "GEOID": "11001010400", "population": 4725.0, "median_income": 2288.0, "demand_score": 1.8342177058089346 }, "geometry": { "type": "Point", "coordinates": [ -8571719.0, 4699629.0 ] } },
{ "type": "Feature", "properties": { "degree": 3, "GEOID": "11001007601", "population": 5226.0, "median_income": 2136.0, "demand_score": 1.833770696497286 }, "geometry": { "type": "Point", "coordinates": [ -8568441.0, 4703520.0 ] } },
{ "type": "Feature", "properties": { "degree": 3, "GEOID": "11001000600", "population": 4548.0, "median_income": 2206.0, "demand_score": 1.83346198232194 }, "geometry": { "type": "Point", "coordinates": [ -8578362.0, 4712994.0 ] } },
{ "type": "Feature", "properties": { "degree": 3, "GEOID": "11001007601", "population": 5226.0, "median_income": 2136.0, "demand_score": 1.8334225615949666 }, "geometry": { "type": "Point", "coordinates": [ -8569671.999999998137355, 4702713.000000001862645 ] } },
{ "type": "Feature", "properties": { "degree": 4, "GEOID": "11001007601", "population": 5226.0, "median_income": 2136.0, "demand_score": 1.8331812492812047 }, "geometry": { "type": "Point", "coordinates": [ -8569264.0, 4702815.999999999068677 ] } },
{ "type": "Feature", "properties": { "degree": 4, "GEOID": "11001011100", "population": 5308.0, "median_income": 1927.0, "demand_score": 1.8330926701028201 }, "geometry": { "type": "Point", "coordinates": [ -8568532.999999998137355, 4709837.999999999068677 ] } },
{ "type": "Feature", "properties": { "degree": 3, "GEOID": "11001001100", "population": 4727.0, "median_income": 2109.0, "demand_score": 1.8327845858615774 }, "geometry": { "type": "Point", "coordinates": [ -8580537.999999998137355, 4716353.0 ] } },
{ "type": "Feature", "properties": { "degree": 3, "GEOID": "11001001100", "population": 4727.0, "median_income": 2109.0, "demand_score": 1.8325001272917869 }, "geometry": { "type": "Point", "coordinates": [ -8580540.0, 4715661.999999999068677 ] } },
{ "type": "Feature", "properties": { "degree": 3, "GEOID": "11001010400", "population": 4725.0, "median_income": 2288.0, "demand_score": 1.8324787284435546 }, "geometry": { "type": "Point", "coordinates": [ -8571563.0, 4699250.999999999068677 ] } },
{ "type": "Feature", "properties": { "degree": 3, "GEOID": "11001000600", "population": 4548.0, "median_income": 2206.0, "demand_score": 1.8322809189661291 }, "geometry": { "type": "Point", "coordinates": [ -8579117.0, 4712551.0 ] } },
{ "type": "Feature", "properties": { "degree": 3, "GEOID": "11001010400", "population": 4725.0, "median_income": 2288.0, "demand_score": 1.8321420941124733 }, "geometry": { "type": "Point", "coordinates": [ -8571468.0, 4700675.999999999068677 ] } },
{ "type": "Feature", "properties": { "degree": 2, "GEOID": "11001007304", "population": 4927.0, "median_income": 2027.0, "demand_score": 1.8321055947900877 }, "geometry": { "type": "Point", "coordinates": [ -8570449.0, 4699304.0 ] } },
{ "type": "Feature", "properties": { "degree": 3, "GEOID": "11001010400", "population": 4725.0, "median_income": 2288.0, "demand_score": 1.8316830832722102 }, "geometry": { "type": "Point", "coordinates": [ -8571547.0, 4699217.0 ] } },
{ "type": "Feature", "properties": { "degree": 3, "GEOID": "11001000600", "population": 4548.0, "median_income": 2206.0, "demand_score": 1.8315032547301435 }, "geometry": { "type": "Point", "coordinates": [ -8578394.999999998137355, 4711686.000000000931323 ] } },
{ "type": "Feature", "properties": { "degree": 4, "GEOID": "11001004001", "population": 4250.0, "median_income": 2439.0, "demand_score": 1.8314283359136256 }, "geometry": { "type": "Point", "coordinates": [ -8576937.999999998137355, 4710021.0 ] } },
{ "type": "Feature", "properties": { "degree": 4, "GEOID": "11001007803", "population": 4491.0, "median_income": 2357.0, "demand_score": 1.8312889009092568 }, "geometry": { "type": "Point", "coordinates": [ -8565942.0, 4706663.000000000931323 ] } },
{ "type": "Feature", "properties": { "degree": 2, "GEOID": "11001011100", "population": 5308.0, "median_income": 1927.0, "demand_score": 1.8312173038977293 }, "geometry": { "type": "Point", "coordinates": [ -8568950.0, 4710556.0 ] } },
{ "type": "Feature", "properties": { "degree": 4, "GEOID": "11001007601", "population": 5226.0, "median_income": 2136.0, "demand_score": 1.830826460239241 }, "geometry": { "type": "Point", "coordinates": [ -8568499.0, 4702992.999999999068677 ] } },
{ "type": "Feature", "properties": { "degree": 4, "GEOID": "11001007601", "population": 5226.0, "median_income": 2136.0, "demand_score": 1.8307734546825076 }, "geometry": { "type": "Point", "coordinates": [ -8569622.0, 4702744.999999999068677 ] } },
{ "type": "Feature", "properties": { "degree": 4, "GEOID": "11001001100", "population": 4727.0, "median_income": 2109.0, "demand_score": 1.8305067829154038 }, "geometry": { "type": "Point", "coordinates": [ -8580537.999999998137355, 4716387.0 ] } },
{ "type": "Feature", "properties": { "degree": 3, "GEOID": "11001007304", "population": 4927.0, "median_income": 2027.0, "demand_score": 1.8299447986412365 }, "geometry": { "type": "Point", "coordinates": [ -8570321.0, 4699337.000000000931323 ] } },
{ "type": "Feature", "properties": { "degree": 4, "GEOID": "11001004001", "population": 4250.0, "median_income": 2439.0, "demand_score": 1.8299321922402942 }, "geometry": { "type": "Point", "coordinates": [ -8576586.0, 4710084.0 ] } },
{ "type": "Feature", "properties": { "degree": 3, "GEOID": "11001010400", "population": 4725.0, "median_income": 2288.0, "demand_score": 1.8297885987005227 }, "geometry": { "type": "Point", "coordinates": [ -8571162.000000001862645, 4700933.999999999068677 ] } },
{ "type": "Feature", "properties": { "degree": 3, "GEOID": "11001011100", "population": 5308.0, "median_income": 1927.0, "demand_score": 1.8296459819489508 }, "geometry": { "type": "Point", "coordinates": [ -8568593.0, 4710214.0 ] } },
{ "type": "Feature", "properties": { "degree": 3, "GEOID": "11001010400", "population": 4725.0, "median_income": 2288.0, "demand_score": 1.8292905634895207 }, "geometry": { "type": "Point", "coordinates": [ -8572349.0, 4698834.999999999068677 ] } },
{ "type": "Feature", "properties": { "degree": 3, "GEOID": "11001001100", "population": 4727.0, "median_income": 2109.0, "demand_score": 1.8291947609351249 }, "geometry": { "type": "Point", "coordinates": [ -8580540.0, 4715614.0 ] } },
{ "type": "Feature", "properties": { "degree": 4, "GEOID": "11001011100", "population": 5308.0, "median_income": 1927.0, "demand_score": 1.8289973890960936 }, "geometry": { "type": "Point", "coordinates": [ -8568725.999999998137355, 4709268.0 ] } },
{ "type": "Feature", "properties": { "degree": 4, "GEOID": "11001007601", "population": 5226.0, "median_income": 2136.0, "demand_score": 1.8289951484723945 }, "geometry": { "type": "Point", "coordinates": [ -8568814.0, 4702817.0 ] } },
{ "type": "Feature", "properties": { "degree": 3, "GEOID": "11001010400", "population": 4725.0, "median_income": 2288.0, "demand_score": 1.8289627125533199 }, "geometry": { "type": "Point", "coordinates": [ -8571420.0, 4700763.000000000931323 ] } },
{ "type": "Feature", "properties": { "degree": 3, "GEOID": "11001000600", "population": 4548.0, "median_income": 2206.0, "demand_score": 1.8288588342147654 }, "geometry": { "type": "Point", "coordinates": [ -8579478.000000001862645, 4713266.999999999068677 ] } },
{ "type": "Feature", "properties": { "degree": 3, "GEOID": "11001001100", "population": 4727.0, "median_income": 2109.0, "demand_score": 1.8287585478750659 }, "geometry": { "type": "Point", "coordinates": [ -8580407.0, 4715894.999999999068677 ] } },
{ "type": "Feature", "properties": { "degree": 4, "GEOID": "11001007601", "population": 5226.0, "median_income": 2136.0, "demand_score": 1.8285704979222901 }, "geometry": { "type": "Point", "coordinates": [ -8568616.0, 4703175.0 ] } },
{ "type": "Feature", "properties": { "degree": 4, "GEOID": "11001007601", "population": 5226.0, "median_income": 2136.0, "demand_score": 1.8284710924697389 }, "geometry": { "type": "Point", "coordinates": [ -8568814.0, 4702992.999999999068677 ] } },
{ "type": "Feature", "properties": { "degree": 3, "GEOID": "11001004001", "population": 4250.0, "median_income": 2439.0, "demand_score": 1.8284038205480453 }, "geometry": { "type": "Point", "coordinates": [ -8576979.0, 4710035.999999999068677 ] } },
{ "type": "Feature", "properties": { "degree": 4, "GEOID": "11001002102", "population": 4768.0, "median_income": 2254.0, "demand_score": 1.8282618373742605 }, "geometry": { "type": "Point", "coordinates": [ -8573797.0, 4714962.0 ] } },
{ "type": "Feature", "properties": { "degree": 3, "GEOID": "11001004001", "population": 4250.0, "median_income": 2439.0, "demand_score": 1.8281865078624002 }, "geometry": { "type": "Point", "coordinates": [ -8576956.0, 4710447.999999999068677 ] } },
{ "type": "Feature", "properties": { "degree": 3, "GEOID": "11001011100", "population": 5308.0, "median_income": 1927.0, "demand_score": 1.8278645532475635 }, "geometry": { "type": "Point", "coordinates": [ -8567211.999999998137355, 4710515.0 ] } },
{ "type": "Feature", "properties": { "degree": 3, "GEOID": "11001010400", "population": 4725.0, "median_income": 2288.0, "demand_score": 1.8277031867995246 }, "geometry": { "type": "Point", "coordinates": [ -8571674.0, 4699353.0 ] } },
{ "type": "Feature", "properties": { "degree": 4, "GEOID": "11001001100", "population": 4727.0, "median_income": 2109.0, "demand_score": 1.8273260403038809 }, "geometry": { "type": "Point", "coordinates": [ -8580540.999999998137355, 4715185.999999999068677 ] } },
{ "type": "Feature", "properties": { "degree": 3, "GEOID": "11001001500", "population": 5804.0, "median_income": 2005.0, "demand_score": 1.8271804634808348 }, "geometry": { "type": "Point", "coordinates": [ -8576326.0, 4719096.0 ] } },
{ "type": "Feature", "properties": { "degree": 3, "GEOID": "11001010400", "population": 4725.0, "median_income": 2288.0, "demand_score": 1.8269942450059875 }, "geometry": { "type": "Point", "coordinates": [ -8571517.000000001862645, 4700688.999999999068677 ] } },
{ "type": "Feature", "properties": { "degree": 3, "GEOID": "11001010400", "population": 4725.0, "median_income": 2288.0, "demand_score": 1.8267705099828659 }, "geometry": { "type": "Point", "coordinates": [ -8571667.0, 4699323.0 ] } },
{ "type": "Feature", "properties": { "degree": 4, "GEOID": "11001004001", "population": 4250.0, "median_income": 2439.0, "demand_score": 1.8265466857788586 }, "geometry": { "type": "Point", "coordinates": [ -8576743.0, 4710099.999999999068677 ] } },
{ "type": "Feature", "properties": { "degree": 4, "GEOID": "11001003600", "population": 4630.0, "median_income": 2152.0, "demand_score": 1.8264603482249249 }, "geometry": { "type": "Point", "coordinates": [ -8574610.999999998137355, 4710759.0 ] } },
{ "type": "Feature", "properties": { "degree": 4, "GEOID": "11001001100", "population": 4727.0, "median_income": 2109.0, "demand_score": 1.8261646375259253 }, "geometry": { "type": "Point", "coordinates": [ -8580731.999999998137355, 4715185.999999999068677 ] } },
{ "type": "Feature", "properties": { "degree": 3, "GEOID": "11001007601", "population": 5226.0, "median_income": 2136.0, "demand_score": 1.8261246832571278 }, "geometry": { "type": "Point", "coordinates": [ -8569080.0, 4702815.999999999068677 ] } },
{ "type": "Feature", "properties": { "degree": 4, "GEOID": "11001001100", "population": 4727.0, "median_income": 2109.0, "demand_score": 1.8259185120639778 }, "geometry": { "type": "Point", "coordinates": [ -8579944.0, 4714617.999999999068677 ] } },
{ "type": "Feature", "properties": { "degree": 3, "GEOID": "11001004001", "population": 4250.0, "median_income": 2439.0, "demand_score": 1.8255245417392378 }, "geometry": { "type": "Point", "coordinates": [ -8576848.0, 4710600.999999999068677 ] } },
{ "type": "Feature", "properties": { "degree": 3, "GEOID": "11001010400", "population": 4725.0, "median_income": 2288.0, "demand_score": 1.8255026639304885 }, "geometry": { "type": "Point", "coordinates": [ -8571243.0, 4700932.0 ] } },
{ "type": "Feature", "properties": { "degree": 4, "GEOID": "11001000600", "population": 4548.0, "median_income": 2206.0, "demand_score": 1.8254077140234053 }, "geometry": { "type": "Point", "coordinates": [ -8578991.0, 4712316.000000000931323 ] } },
{ "type": "Feature", "properties": { "degree": 3, "GEOID": "11001000600", "population": 4548.0, "median_income": 2206.0, "demand_score": 1.8253981818431306 }, "geometry": { "type": "Point", "coordinates": [ -8578578.999999998137355, 4712875.999999999068677 ] } },
{ "type": "Feature", "properties": { "degree": 4, "GEOID": "11001001500", "population": 5804.0, "median_income": 2005.0, "demand_score": 1.8253140783479531 }, "geometry": { "type": "Point", "coordinates": [ -8579474.999999998137355, 4717453.0 ] } },
{ "type": "Feature", "properties": { "degree": 3, "GEOID": "11001011100", "population": 5308.0, "median_income": 1927.0, "demand_score": 1.8251544012434988 }, "geometry": { "type": "Point", "coordinates": [ -8568502.0, 4709585.0 ] } },
{ "type": "Feature", "properties": { "degree": 3, "GEOID": "11001011100", "population": 5308.0, "median_income": 1927.0, "demand_score": 1.8251228781323237 }, "geometry": { "type": "Point", "coordinates": [ -8568731.999999998137355, 4710465.0 ] } },
{ "type": "Feature", "properties": { "degree": 5, "GEOID": "11001011100", "population": 5308.0, "median_income": 1927.0, "demand_score": 1.8250724772006128 }, "geometry": { "type": "Point", "coordinates": [ -8568847.999999998137355, 4710558.000000000931323 ] } },
{ "type": "Feature", "properties": { "degree": 4, "GEOID": "11001001100", "population": 4727.0, "median_income": 2109.0, "demand_score": 1.8249444855218711 }, "geometry": { "type": "Point", "coordinates": [ -8580425.0, 4715185.999999999068677 ] } },
{ "type": "Feature", "properties": { "degree": 3, "GEOID": "11001007601", "population": 5226.0, "median_income": 2136.0, "demand_score": 1.824917626804289 }, "geometry": { "type": "Point", "coordinates": [ -8568616.0, 4702992.999999999068677 ] } },
{ "type": "Feature", "properties": { "degree": 4, "GEOID": "11001000600", "population": 4548.0, "median_income": 2206.0, "demand_score": 1.8248017171518509 }, "geometry": { "type": "Point", "coordinates": [ -8578991.0, 4712149.999999999068677 ] } },
{ "type": "Feature", "properties": { "degree": 4, "GEOID": "11001000600", "population": 4548.0, "median_income": 2206.0, "demand_score": 1.8247311438860372 }, "geometry": { "type": "Point", "coordinates": [ -8579242.0, 4712816.999999999068677 ] } },
{ "type": "Feature", "properties": { "degree": 2, "GEOID": "11001000600", "population": 4548.0, "median_income": 2206.0, "demand_score": 1.8245557521011015 }, "geometry": { "type": "Point", "coordinates": [ -8579466.0, 4712949.0 ] } },
{ "type": "Feature", "properties": { "degree": 3, "GEOID": "11001000600", "population": 4548.0, "median_income": 2206.0, "demand_score": 1.8243766626306899 }, "geometry": { "type": "Point", "coordinates": [ -8578991.0, 4712385.999999999068677 ] } },
{ "type": "Feature", "properties": { "degree": 4, "GEOID": "11001004001", "population": 4250.0, "median_income": 2439.0, "demand_score": 1.8241958995212841 }, "geometry": { "type": "Point", "coordinates": [ -8576543.0, 4710172.0 ] } },
{ "type": "Feature", "properties": { "degree": 3, "GEOID": "11001007601", "population": 5226.0, "median_income": 2136.0, "demand_score": 1.8241050944051191 }, "geometry": { "type": "Point", "coordinates": [ -8568478.0, 4703287.0 ] } },
{ "type": "Feature", "properties": { "degree": 3, "GEOID": "11001010400", "population": 4725.0, "median_income": 2288.0, "demand_score": 1.823140344225 }, "geometry": { "type": "Point", "coordinates": [ -8571633.999999998137355, 4699210.0 ] } },
{ "type": "Feature", "properties": { "degree": 3, "GEOID": "11001010400", "population": 4725.0, "median_income": 2288.0, "demand_score": 1.8227693830749216 }, "geometry": { "type": "Point", "coordinates": [ -8571848.000000001862645, 4700012.0 ] } },
{ "type": "Feature", "properties": { "degree": 3, "GEOID": "11001004001", "population": 4250.0, "median_income": 2439.0, "demand_score": 1.8226601864907481 }, "geometry": { "type": "Point", "coordinates": [ -8576842.0, 4710552.999999999068677 ] } },
{ "type": "Feature", "properties": { "degree": 3, "GEOID": "11001003600", "population": 4630.0, "median_income": 2152.0, "demand_score": 1.8225124972840492 }, "geometry": { "type": "Point", "coordinates": [ -8575163.999999998137355, 4710567.0 ] } },
{ "type": "Feature", "properties": { "degree": 3, "GEOID": "11001007803", "population": 4491.0, "median_income": 2357.0, "demand_score": 1.8224617544944604 }, "geometry": { "type": "Point", "coordinates": [ -8565211.000000001862645, 4707433.0 ] } },
{ "type": "Feature", "properties": { "degree": 4, "GEOID": "11001003600", "population": 4630.0, "median_income": 2152.0, "demand_score": 1.8223746378393664 }, "geometry": { "type": "Point", "coordinates": [ -8574908.0, 4710567.0 ] } },
{ "type": "Feature", "properties": { "degree": 4, "GEOID": "11001010400", "population": 4725.0, "median_income": 2288.0, "demand_score": 1.8222070918175808 }, "geometry": { "type": "Point", "coordinates": [ -8572462.999999998137355, 4698163.999999999068677 ] } },
{ "type": "Feature", "properties": { "degree": 4, "GEOID": "11001007601", "population": 5226.0, "median_income": 2136.0, "demand_score": 1.8221613901597888 }, "geometry": { "type": "Point", "coordinates": [ -8568616.0, 4703093.0 ] } },
{ "type": "Feature", "properties": { "degree": 3, "GEOID": "11001007304", "population": 4927.0, "median_income": 2027.0, "demand_score": 1.8220470984276778 }, "geometry": { "type": "Point", "coordinates": [ -8570432.999999998137355, 4699217.0 ] } },
{ "type": "Feature", "properties": { "degree": 4, "GEOID": "11001007304", "population": 4927.0, "median_income": 2027.0, "demand_score": 1.8220032053460811 }, "geometry": { "type": "Point", "coordinates": [ -8570525.0, 4699196.999999999068677 ] } },
{ "type": "Feature", "properties": { "degree": 4, "GEOID": "11001004001", "population": 4250.0, "median_income": 2439.0, "demand_score": 1.8218962683961419 }, "geometry": { "type": "Point", "coordinates": [ -8576610.0, 4710153.0 ] } },
{ "type": "Feature", "properties": { "degree": 4, "GEOID": "11001001100", "population": 4727.0, "median_income": 2109.0, "demand_score": 1.821859664158781 }, "geometry": { "type": "Point", "coordinates": [ -8580540.0, 4715518.0 ] } },
{ "type": "Feature", "properties": { "degree": 3, "GEOID": "11001011100", "population": 5308.0, "median_income": 1927.0, "demand_score": 1.8216462648505174 }, "geometry": { "type": "Point", "coordinates": [ -8567266.0, 4710564.0 ] } },
{ "type": "Feature", "properties": { "degree": 3, "GEOID": "11001001100", "population": 4727.0, "median_income": 2109.0, "demand_score": 1.821341039430536 }, "geometry": { "type": "Point", "coordinates": [ -8579910.999999998137355, 4714667.0 ] } },
{ "type": "Feature", "properties": { "degree": 4, "GEOID": "11001000600", "population": 4548.0, "median_income": 2206.0, "demand_score": 1.8211909600788192 }, "geometry": { "type": "Point", "coordinates": [ -8578991.0, 4712014.000000000931323 ] } },
{ "type": "Feature", "properties": { "degree": 2, "GEOID": "11001010400", "population": 4725.0, "median_income": 2288.0, "demand_score": 1.8211064283119498 }, "geometry": { "type": "Point", "coordinates": [ -8572288.0, 4698964.0 ] } },
{ "type": "Feature", "properties": { "degree": 4, "GEOID": "11001007601", "population": 5226.0, "median_income": 2136.0, "demand_score": 1.8211017700587147 }, "geometry": { "type": "Point", "coordinates": [ -8568814.0, 4702905.0 ] } },
{ "type": "Feature", "properties": { "degree": 3, "GEOID": "11001003600", "population": 4630.0, "median_income": 2152.0, "demand_score": 1.8206642541404063 }, "geometry": { "type": "Point", "coordinates": [ -8574721.999999998137355, 4710757.999999999068677 ] } },
{ "type": "Feature", "properties": { "degree": 3, "GEOID": "11001001100", "population": 4727.0, "median_income": 2109.0, "demand_score": 1.8205788817007642 }, "geometry": { "type": "Point", "coordinates": [ -8580537.999999998137355, 4716518.000000000931323 ] } },
{ "type": "Feature", "properties": { "degree": 4, "GEOID": "11001011100", "population": 5308.0, "median_income": 1927.0, "demand_score": 1.8205673967728309 }, "geometry": { "type": "Point", "coordinates": [ -8568780.0, 4710558.000000000931323 ] } },
{ "type": "Feature", "properties": { "degree": 3, "GEOID": "11001000600", "population": 4548.0, "median_income": 2206.0, "demand_score": 1.8203843929475965 }, "geometry": { "type": "Point", "coordinates": [ -8578884.0, 4712882.0 ] } },
{ "type": "Feature", "properties": { "degree": 4, "GEOID": "11001007304", "population": 4927.0, "median_income": 2027.0, "demand_score": 1.820298000103322 }, "geometry": { "type": "Point", "coordinates": [ -8570322.0, 4699242.0 ] } },
{ "type": "Feature", "properties": { "degree": 4, "GEOID": "11001001100", "population": 4727.0, "median_income": 2109.0, "demand_score": 1.8202210236843104 }, "geometry": { "type": "Point", "coordinates": [ -8580731.999999998137355, 4715366.000000000931323 ] } },
{ "type": "Feature", "properties": { "degree": 3, "GEOID": "11001000600", "population": 4548.0, "median_income": 2206.0, "demand_score": 1.820179532891351 }, "geometry": { "type": "Point", "coordinates": [ -8578537.0, 4711669.999999999068677 ] } },
{ "type": "Feature", "properties": { "degree": 3, "GEOID": "11001011100", "population": 5308.0, "median_income": 1927.0, "demand_score": 1.8200928377972085 }, "geometry": { "type": "Point", "coordinates": [ -8568725.999999998137355, 4709160.000000000931323 ] } },
{ "type": "Feature", "properties": { "degree": 4, "GEOID": "11001007304", "population": 4927.0, "median_income": 2027.0, "demand_score": 1.8198296884631007 }, "geometry": { "type": "Point", "coordinates": [ -8570644.0, 4699171.0 ] } },
{ "type": "Feature", "properties": { "degree": 3, "GEOID": "11001007601", "population": 5226.0, "median_income": 2136.0, "demand_score": 1.8195481442205992 }, "geometry": { "type": "Point", "coordinates": [ -8568366.0, 4703393.0 ] } },
{ "type": "Feature", "properties": { "degree": 3, "GEOID": "11001010400", "population": 4725.0, "median_income": 2288.0, "demand_score": 1.8194765065041874 }, "geometry": { "type": "Point", "coordinates": [ -8571666.0, 4699200.0 ] } },
{ "type": "Feature", "properties": { "degree": 4, "GEOID": "11001000600", "population": 4548.0, "median_income": 2206.0, "demand_score": 1.8194659032138223 }, "geometry": { "type": "Point", "coordinates": [ -8579037.0, 4712950.999999999068677 ] } },
{ "type": "Feature", "properties": { "degree": 4, "GEOID": "11001010400", "population": 4725.0, "median_income": 2288.0, "demand_score": 1.8193917240095294 }, "geometry": { "type": "Point", "coordinates": [ -8572261.999999998137355, 4698776.000000000931323 ] } },
{ "type": "Feature", "properties": { "degree": 4, "GEOID": "11001000600", "population": 4548.0, "median_income": 2206.0, "demand_score": 1.8191246436718758 }, "geometry": { "type": "Point", "coordinates": [ -8578991.0, 4712551.0 ] } },
{ "type": "Feature", "properties": { "degree": 3, "GEOID": "11001011100", "population": 5308.0, "median_income": 1927.0, "demand_score": 1.8190339523456998 }, "geometry": { "type": "Point", "coordinates": [ -8568426.0, 4710010.0 ] } },
{ "type": "Feature", "properties": { "degree": 3, "GEOID": "11001001500", "population": 5804.0, "median_income": 2005.0, "demand_score": 1.8188368164930828 }, "geometry": { "type": "Point", "coordinates": [ -8579531.999999998137355, 4717554.000000000931323 ] } },
{ "type": "Feature", "properties": { "degree": 3, "GEOID": "11001001100", "population": 4727.0, "median_income": 2109.0, "demand_score": 1.8185549009600446 }, "geometry": { "type": "Point", "coordinates": [ -8580499.0, 4715519.0 ] } },
{ "type": "Feature", "properties": { "degree": 3, "GEOID": "11001011100", "population": 5308.0, "median_income": 1927.0, "demand_score": 1.8185326056363655 }, "geometry": { "type": "Point", "coordinates": [ -8566908.0, 4709783.000000000931323 ] } },
{ "type": "Feature", "properties": { "degree": 3, "GEOID": "11001000600", "population": 4548.0, "median_income": 2206.0, "demand_score": 1.81841416887659 }, "geometry": { "type": "Point", "coordinates": [ -8578584.999999998137355, 4711694.0 ] } },
{ "type": "Feature", "properties": { "degree": 3, "GEOID": "11001003600", "population": 4630.0, "median_income": 2152.0, "demand_score": 1.8183190897886066 }, "geometry": { "type": "Point", "coordinates": [ -8575166.999999998137355, 4710604.0 ] } },
{ "type": "Feature", "properties": { "degree": 3, "GEOID": "11001007803", "population": 4491.0, "median_income": 2357.0, "demand_score": 1.8181347360061819 }, "geometry": { "type": "Point", "coordinates": [ -8565400.000000001862645, 4707441.0 ] } },
{ "type": "Feature", "properties": { "degree": 3, "GEOID": "11001007304", "population": 4927.0, "median_income": 2027.0, "demand_score": 1.8180034064298671 }, "geometry": { "type": "Point", "coordinates": [ -8569041.999999998137355, 4698968.0 ] } },
{ "type": "Feature", "properties": { "degree": 3, "GEOID": "11001011100", "population": 5308.0, "median_income": 1927.0, "demand_score": 1.8177165619784643 }, "geometry": { "type": "Point", "coordinates": [ -8568807.0, 4710608.0 ] } },
{ "type": "Feature", "properties": { "degree": 3, "GEOID": "11001000600", "population": 4548.0, "median_income": 2206.0, "demand_score": 1.8176638515104564 }, "geometry": { "type": "Point", "coordinates": [ -8578819.0, 4712316.000000000931323 ] } },
{ "type": "Feature", "properties": { "degree": 3, "GEOID": "11001004001", "population": 4250.0, "median_income": 2439.0, "demand_score": 1.817096757195376 }, "geometry": { "type": "Point", "coordinates": [ -8576951.0, 4710292.0 ] } },
{ "type": "Feature", "properties": { "degree": 3, "GEOID": "11001001100", "population": 4727.0, "median_income": 2109.0, "demand_score": 1.8169856661188533 }, "geometry": { "type": "Point", "coordinates": [ -8580494.0, 4716518.000000000931323 ] } },
{ "type": "Feature", "properties": { "degree": 4, "GEOID": "11001007304", "population": 4927.0, "median_income": 2027.0, "demand_score": 1.8168510206085684 }, "geometry": { "type": "Point", "coordinates": [ -8570730.0, 4699152.000000000931323 ] } },
{ "type": "Feature", "properties": { "degree": 3, "GEOID": "11001011100", "population": 5308.0, "median_income": 1927.0, "demand_score": 1.8168362775186069 }, "geometry": { "type": "Point", "coordinates": [ -8567300.0, 4710405.0 ] } },
{ "type": "Feature", "properties": { "degree": 4, "GEOID": "11001011100", "population": 5308.0, "median_income": 1927.0, "demand_score": 1.8167223095698666 }, "geometry": { "type": "Point", "coordinates": [ -8568725.999999998137355, 4710558.000000000931323 ] } },
{ "type": "Feature", "properties": { "degree": 4, "GEOID": "11001007601", "population": 5226.0, "median_income": 2136.0, "demand_score": 1.8164953803520718 }, "geometry": { "type": "Point", "coordinates": [ -8568366.0, 4703175.0 ] } },
{ "type": "Feature", "properties": { "degree": 4, "GEOID": "11001010400", "population": 4725.0, "median_income": 2288.0, "demand_score": 1.8164438928978843 }, "geometry": { "type": "Point", "coordinates": [ -8572271.999999998137355, 4698496.999999999068677 ] } },
{ "type": "Feature", "properties": { "degree": 2, "GEOID": "11001010400", "population": 4725.0, "median_income": 2288.0, "demand_score": 1.8162333993155761 }, "geometry": { "type": "Point", "coordinates": [ -8571825.999999998137355, 4699446.0 ] } },
{ "type": "Feature", "properties": { "degree": 3, "GEOID": "11001004001", "population": 4250.0, "median_income": 2439.0, "demand_score": 1.8160033596494958 }, "geometry": { "type": "Point", "coordinates": [ -8576778.0, 4710552.999999999068677 ] } },
{ "type": "Feature", "properties": { "degree": 3, "GEOID": "11001004001", "population": 4250.0, "median_income": 2439.0, "demand_score": 1.8159511721383126 }, "geometry": { "type": "Point", "coordinates": [ -8576491.0, 4710304.000000000931323 ] } },
{ "type": "Feature", "properties": { "degree": 3, "GEOID": "11001000600", "population": 4548.0, "median_income": 2206.0, "demand_score": 1.8159458966708089 }, "geometry": { "type": "Point", "coordinates": [ -8578641.999999998137355, 4711724.0 ] } },
{ "type": "Feature", "properties": { "degree": 3, "GEOID": "11001004001", "population": 4250.0, "median_income": 2439.0, "demand_score": 1.8158600156609188 }, "geometry": { "type": "Point", "coordinates": [ -8577062.0, 4710123.0 ] } },
{ "type": "Feature", "properties": { "degree": 3, "GEOID": "11001001100", "population": 4727.0, "median_income": 2109.0, "demand_score": 1.815836724926158 }, "geometry": { "type": "Point", "coordinates": [ -8579874.0, 4714723.0 ] } },
{ "type": "Feature", "properties": { "degree": 3, "GEOID": "11001007803", "population": 4491.0, "median_income": 2357.0, "demand_score": 1.8154629350219005 }, "geometry": { "type": "Point", "coordinates": [ -8565814.999999998137355, 4706588.000000000931323 ] } },
{ "type": "Feature", "properties": { "degree": 3, "GEOID": "11001011100", "population": 5308.0, "median_income": 1927.0, "demand_score": 1.8154347674739051 }, "geometry": { "type": "Point", "coordinates": [ -8568502.0, 4709371.999999999068677 ] } },
{ "type": "Feature", "properties": { "degree": 3, "GEOID": "11001004001", "population": 4250.0, "median_income": 2439.0, "demand_score": 1.8150311994844122 }, "geometry": { "type": "Point", "coordinates": [ -8576466.0, 4710378.999999999068677 ] } },
{ "type": "Feature", "properties": { "degree": 4, "GEOID": "11001010400", "population": 4725.0, "median_income": 2288.0, "demand_score": 1.8149717171517437 }, "geometry": { "type": "Point", "coordinates": [ -8571921.0, 4699923.0 ] } },
{ "type": "Feature", "properties": { "degree": 4, "GEOID": "11001000600", "population": 4548.0, "median_income": 2206.0, "demand_score": 1.8148090343212071 }, "geometry": { "type": "Point", "coordinates": [ -8578827.0, 4712430.0 ] } },
{ "type": "Feature", "properties": { "degree": 4, "GEOID": "11001001100", "population": 4727.0, "median_income": 2109.0, "demand_score": 1.8146123141148081 }, "geometry": { "type": "Point", "coordinates": [ -8580301.0, 4715805.0 ] } },
{ "type": "Feature", "properties": { "degree": 3, "GEOID": "11001000600", "population": 4548.0, "median_income": 2206.0, "demand_score": 1.8146045104043416 }, "geometry": { "type": "Point", "coordinates": [ -8578999.0, 4712878.999999999068677 ] } },
{ "type": "Feature", "properties": { "degree": 3, "GEOID": "11001004001", "population": 4250.0, "median_income": 2439.0, "demand_score": 1.814497530193254 }, "geometry": { "type": "Point", "coordinates": [ -8576828.000000001862645, 4710427.0 ] } },
{ "type": "Feature", "properties": { "degree": 4, "GEOID": "11001000600", "population": 4548.0, "median_income": 2206.0, "demand_score": 1.8142957306425318 }, "geometry": { "type": "Point", "coordinates": [ -8578992.0, 4711860.999999998137355 ] } },
{ "type": "Feature", "properties": { "degree": 3, "GEOID": "11001003600", "population": 4630.0, "median_income": 2152.0, "demand_score": 1.8140589102028977 }, "geometry": { "type": "Point", "coordinates": [ -8575198.0, 4711007.0 ] } },
{ "type": "Feature", "properties": { "degree": 3, "GEOID": "11001001100", "population": 4727.0, "median_income": 2109.0, "demand_score": 1.8138946853467985 }, "geometry": { "type": "Point", "coordinates": [ -8580189.0, 4715185.999999999068677 ] } },
{ "type": "Feature", "properties": { "degree": 3, "GEOID": "11001001500", "population": 5804.0, "median_income": 2005.0, "demand_score": 1.8137900085741081 }, "geometry": { "type": "Point", "coordinates": [ -8576371.999999998137355, 4719333.0 ] } },
{ "type": "Feature", "properties": { "degree": 3, "GEOID": "11001004001", "population": 4250.0, "median_income": 2439.0, "demand_score": 1.8134890423188272 }, "geometry": { "type": "Point", "coordinates": [ -8576753.999999998137355, 4710552.999999999068677 ] } },
{ "type": "Feature", "properties": { "degree": 3, "GEOID": "11001000600", "population": 4548.0, "median_income": 2206.0, "demand_score": 1.8133761115988143 }, "geometry": { "type": "Point", "coordinates": [ -8578937.0, 4712551.0 ] } },
{ "type": "Feature", "properties": { "degree": 4, "GEOID": "11001003600", "population": 4630.0, "median_income": 2152.0, "demand_score": 1.8133650425887304 }, "geometry": { "type": "Point", "coordinates": [ -8574908.0, 4711041.999999999068677 ] } },
{ "type": "Feature", "properties": { "degree": 4, "GEOID": "11001007601", "population": 5226.0, "median_income": 2136.0, "demand_score": 1.8133561103244107 }, "geometry": { "type": "Point", "coordinates": [ -8568366.0, 4703286.000000000931323 ] } },
{ "type": "Feature", "properties": { "degree": 3, "GEOID": "11001000600", "population": 4548.0, "median_income": 2206.0, "demand_score": 1.8132958296813486 }, "geometry": { "type": "Point", "coordinates": [ -8578991.0, 4712668.000000000931323 ] } },
{ "type": "Feature", "properties": { "degree": 2, "GEOID": "11001011100", "population": 5308.0, "median_income": 1927.0, "demand_score": 1.813133193649582 }, "geometry": { "type": "Point", "coordinates": [ -8567309.0, 4710284.999999999068677 ] } },
{ "type": "Feature", "properties": { "degree": 3, "GEOID": "11001000600", "population": 4548.0, "median_income": 2206.0, "demand_score": 1.8125462706286257 }, "geometry": { "type": "Point", "coordinates": [ -8579242.0, 4712950.999999999068677 ] } },
{ "type": "Feature", "properties": { "degree": 4, "GEOID": "11001007304", "population": 4927.0, "median_income": 2027.0, "demand_score": 1.8123604433374709 }, "geometry": { "type": "Point", "coordinates": [ -8570825.0, 4699131.0 ] } },
{ "type": "Feature", "properties": { "degree": 4, "GEOID": "11001004001", "population": 4250.0, "median_income": 2439.0, "demand_score": 1.8123000953229436 }, "geometry": { "type": "Point", "coordinates": [ -8576353.0, 4710600.999999999068677 ] } },
{ "type": "Feature", "properties": { "degree": 3, "GEOID": "11001000600", "population": 4548.0, "median_income": 2206.0, "demand_score": 1.8118911824742721 }, "geometry": { "type": "Point", "coordinates": [ -8578866.0, 4712149.999999999068677 ] } },
{ "type": "Feature", "properties": { "degree": 3, "GEOID": "11001010400", "population": 4725.0, "median_income": 2288.0, "demand_score": 1.8118494119233302 }, "geometry": { "type": "Point", "coordinates": [ -8571828.999999998137355, 4699354.0 ] } },
{ "type": "Feature", "properties": { "degree": 4, "GEOID": "11001000600", "population": 4548.0, "median_income": 2206.0, "demand_score": 1.8114421742441915 }, "geometry": { "type": "Point", "coordinates": [ -8578991.0, 4712700.000000000931323 ] } },
{ "type": "Feature", "properties": { "degree": 3, "GEOID": "11001001100", "population": 4727.0, "median_income": 2109.0, "demand_score": 1.8114274875727123 }, "geometry": { "type": "Point", "coordinates": [ -8579876.0, 4714849.0 ] } },
{ "type": "Feature", "properties": { "degree": 4, "GEOID": "11001003600", "population": 4630.0, "median_income": 2152.0, "demand_score": 1.8112387632058309 }, "geometry": { "type": "Point", "coordinates": [ -8574610.999999998137355, 4710902.000000000931323 ] } },
{ "type": "Feature", "properties": { "degree": 4, "GEOID": "11001011100", "population": 5308.0, "median_income": 1927.0, "demand_score": 1.8111803108001305 }, "geometry": { "type": "Point", "coordinates": [ -8568855.0, 4710704.000000001862645 ] } },
{ "type": "Feature", "properties": { "degree": 3, "GEOID": "11001004001", "population": 4250.0, "median_income": 2439.0, "demand_score": 1.8109862497979861 }, "geometry": { "type": "Point", "coordinates": [ -8576407.0, 4710548.0 ] } },
{ "type": "Feature", "properties": { "degree": 3, "GEOID": "11001010400", "population": 4725.0, "median_income": 2288.0, "demand_score": 1.8103704869917157 }, "geometry": { "type": "Point", "coordinates": [ -8571808.0, 4699281.999999999068677 ] } },
{ "type": "Feature", "properties": { "degree": 4, "GEOID": "11001010400", "population": 4725.0, "median_income": 2288.0, "demand_score": 1.8101029503557804 }, "geometry": { "type": "Point", "coordinates": [ -8572185.0, 4698907.0 ] } },
{ "type": "Feature", "properties": { "degree": 3, "GEOID": "11001010400", "population": 4725.0, "median_income": 2288.0, "demand_score": 1.8099657983674753 }, "geometry": { "type": "Point", "coordinates": [ -8571804.0, 4699266.999999999068677 ] } },
{ "type": "Feature", "properties": { "degree": 3, "GEOID": "11001000600", "population": 4548.0, "median_income": 2206.0, "demand_score": 1.8098860758222446 }, "geometry": { "type": "Point", "coordinates": [ -8578765.999999998137355, 4712753.999999999068677 ] } },
{ "type": "Feature", "properties": { "degree": 3, "GEOID": "11001007304", "population": 4927.0, "median_income": 2027.0, "demand_score": 1.8097273105077278 }, "geometry": { "type": "Point", "coordinates": [ -8570206.0, 4699082.000000000931323 ] } },
{ "type": "Feature", "properties": { "degree": 4, "GEOID": "11001007803", "population": 4491.0, "median_income": 2357.0, "demand_score": 1.8097013823594108 }, "geometry": { "type": "Point", "coordinates": [ -8565211.000000001862645, 4707319.999999999068677 ] } },
{ "type": "Feature", "properties": { "degree": 4, "GEOID": "11001007803", "population": 4491.0, "median_income": 2357.0, "demand_score": 1.8094972077430997 }, "geometry": { "type": "Point", "coordinates": [ -8564832.0, 4707319.999999999068677 ] } },
{ "type": "Feature", "properties": { "degree": 4, "GEOID": "11001011100", "population": 5308.0, "median_income": 1927.0, "demand_score": 1.809097958523189 }, "geometry": { "type": "Point", "coordinates": [ -8568502.0, 4709268.0 ] } },
{ "type": "Feature", "properties": { "degree": 3, "GEOID": "11001000600", "population": 4548.0, "median_income": 2206.0, "demand_score": 1.808861137092918 }, "geometry": { "type": "Point", "coordinates": [ -8578866.0, 4712015.0 ] } },
{ "type": "Feature", "properties": { "degree": 4, "GEOID": "11001001100", "population": 4727.0, "median_income": 2109.0, "demand_score": 1.8087674258410749 }, "geometry": { "type": "Point", "coordinates": [ -8580540.0, 4715366.000000000931323 ] } },
{ "type": "Feature", "properties": { "degree": 4, "GEOID": "11001000600", "population": 4548.0, "median_income": 2206.0, "demand_score": 1.8087074311864144 }, "geometry": { "type": "Point", "coordinates": [ -8578991.0, 4712816.999999999068677 ] } },
{ "type": "Feature", "properties": { "degree": 4, "GEOID": "11001003600", "population": 4630.0, "median_income": 2152.0, "demand_score": 1.8076517189704999 }, "geometry": { "type": "Point", "coordinates": [ -8574908.0, 4710759.0 ] } },
{ "type": "Feature", "properties": { "degree": 3, "GEOID": "11001011100", "population": 5308.0, "median_income": 1927.0, "demand_score": 1.8073723922651017 }, "geometry": { "type": "Point", "coordinates": [ -8568349.999999998137355, 4710128.999999999068677 ] } },
{ "type": "Feature", "properties": { "degree": 4, "GEOID": "11001010400", "population": 4725.0, "median_income": 2288.0, "demand_score": 1.8072682988716 }, "geometry": { "type": "Point", "coordinates": [ -8571987.0, 4699836.999999999068677 ] } },
{ "type": "Feature", "properties": { "degree": 3, "GEOID": "11001010400", "population": 4725.0, "median_income": 2288.0, "demand_score": 1.8071593797138426 }, "geometry": { "type": "Point", "coordinates": [ -8571774.0, 4699167.999999999068677 ] } },
{ "type": "Feature", "properties": { "degree": 3, "GEOID": "11001010400", "population": 4725.0, "median_income": 2288.0, "demand_score": 1.8065357631148622 }, "geometry": { "type": "Point", "coordinates": [ -8572153.0, 4698697.999999999068677 ] } },
{ "type": "Feature", "properties": { "degree": 5, "GEOID": "11001004001", "population": 4250.0, "median_income": 2439.0, "demand_score": 1.8057581641172986 }, "geometry": { "type": "Point", "coordinates": [ -8576820.999999998137355, 4710298.0 ] } },
{ "type": "Feature", "properties": { "degree": 4, "GEOID": "11001001100", "population": 4727.0, "median_income": 2109.0, "demand_score": 1.8055012517254194 }, "geometry": { "type": "Point", "coordinates": [ -8580450.0, 4715366.000000000931323 ] } },
{ "type": "Feature", "properties": { "degree": 3, "GEOID": "11001001100", "population": 4727.0, "median_income": 2109.0, "demand_score": 1.8054599235355797 }, "geometry": { "type": "Point", "coordinates": [ -8579809.000000001862645, 4714821.0 ] } },
{ "type": "Feature", "properties": { "degree": 3, "GEOID": "11001001100", "population": 4727.0, "median_income": 2109.0, "demand_score": 1.8050303945421564 }, "geometry": { "type": "Point", "coordinates": [ -8580189.0, 4715990.0 ] } },
{ "type": "Feature", "properties": { "degree": 3, "GEOID": "11001007304", "population": 4927.0, "median_income": 2027.0, "demand_score": 1.8048362208708697 }, "geometry": { "type": "Point", "coordinates": [ -8568891.0, 4698954.999999999068677 ] } },
{ "type": "Feature", "properties": { "degree": 4, "GEOID": "11001001100", "population": 4727.0, "median_income": 2109.0, "demand_score": 1.8045159505416768 }, "geometry": { "type": "Point", "coordinates": [ -8580188.0, 4716091.0 ] } },
{ "type": "Feature", "properties": { "degree": 4, "GEOID": "11001001100", "population": 4727.0, "median_income": 2109.0, "demand_score": 1.8042141502996396 }, "geometry": { "type": "Point", "coordinates": [ -8580189.0, 4715898.999999999068677 ] } },
{ "type": "Feature", "properties": { "degree": 3, "GEOID": "11001011100", "population": 5308.0, "median_income": 1927.0, "demand_score": 1.8041207195456788 }, "geometry": { "type": "Point", "coordinates": [ -8568650.0, 4709041.0 ] } },
{ "type": "Feature", "properties": { "degree": 3, "GEOID": "11001001100", "population": 4727.0, "median_income": 2109.0, "demand_score": 1.8033594768185741 }, "geometry": { "type": "Point", "coordinates": [ -8579796.0, 4714838.999999999068677 ] } },
{ "type": "Feature", "properties": { "degree": 3, "GEOID": "11001011100", "population": 5308.0, "median_income": 1927.0, "demand_score": 1.8031136657914282 }, "geometry": { "type": "Point", "coordinates": [ -8567300.0, 4710027.0 ] } },
{ "type": "Feature", "properties": { "degree": 3, "GEOID": "11001010400", "population": 4725.0, "median_income": 2288.0, "demand_score": 1.803082204209969 }, "geometry": { "type": "Point", "coordinates": [ -8571968.000000001862645, 4699506.999999999068677 ] } },
{ "type": "Feature", "properties": { "degree": 3, "GEOID": "11001004001", "population": 4250.0, "median_income": 2439.0, "demand_score": 1.8029526040129396 }, "geometry": { "type": "Point", "coordinates": [ -8576670.0, 4710312.0 ] } },
{ "type": "Feature", "properties": { "degree": 2, "GEOID": "11001011100", "population": 5308.0, "median_income": 1927.0, "demand_score": 1.8029333623411559 }, "geometry": { "type": "Point", "coordinates": [ -8568552.000000001862645, 4710559.0 ] } },
{ "type": "Feature", "properties": { "degree": 4, "GEOID": "11001011100", "population": 5308.0, "median_income": 1927.0, "demand_score": 1.8026804907328451 }, "geometry": { "type": "Point", "coordinates": [ -8568725.999999998137355, 4710711.999999999068677 ] } },
{ "type": "Feature", "properties": { "degree": 3, "GEOID": "11001001100", "population": 4727.0, "median_income": 2109.0, "demand_score": 1.8025591099171889 }, "geometry": { "type": "Point", "coordinates": [ -8580189.0, 4715301.0 ] } },
{ "type": "Feature", "properties": { "degree": 4, "GEOID": "11001001100", "population": 4727.0, "median_income": 2109.0, "demand_score": 1.8022287319500521 }, "geometry": { "type": "Point", "coordinates": [ -8580189.0, 4715805.0 ] } },
{ "type": "Feature", "properties": { "degree": 3, "GEOID": "11001007304", "population": 4927.0, "median_income": 2027.0, "demand_score": 1.8020732117830995 }, "geometry": { "type": "Point", "coordinates": [ -8569068.0, 4698777.0 ] } },
{ "type": "Feature", "properties": { "degree": 3, "GEOID": "11001010400", "population": 4725.0, "median_income": 2288.0, "demand_score": 1.801969415230023 }, "geometry": { "type": "Point", "coordinates": [ -8571471.000000001862645, 4701027.0 ] } },
{ "type": "Feature", "properties": { "degree": 3, "GEOID": "11001003600", "population": 4630.0, "median_income": 2152.0, "demand_score": 1.8018774339737365 }, "geometry": { "type": "Point", "coordinates": [ -8575190.0, 4710900.0 ] } },
{ "type": "Feature", "properties": { "degree": 3, "GEOID": "11001007803", "population": 4491.0, "median_income": 2357.0, "demand_score": 1.8016885926893091 }, "geometry": { "type": "Point", "coordinates": [ -8565509.999999998137355, 4707328.000000000931323 ] } },
{ "type": "Feature", "properties": { "degree": 2, "GEOID": "11001010400", "population": 4725.0, "median_income": 2288.0, "demand_score": 1.8016523228227577 }, "geometry": { "type": "Point", "coordinates": [ -8572133.999999998137355, 4700219.000000000931323 ] } },
{ "type": "Feature", "properties": { "degree": 3, "GEOID": "11001011100", "population": 5308.0, "median_income": 1927.0, "demand_score": 1.8016369746251928 }, "geometry": { "type": "Point", "coordinates": [ -8568502.0, 4709160.000000000931323 ] } },
{ "type": "Feature", "properties": { "degree": 4, "GEOID": "11001001100", "population": 4727.0, "median_income": 2109.0, "demand_score": 1.8015194590075581 }, "geometry": { "type": "Point", "coordinates": [ -8580189.0, 4716241.999999998137355 ] } },
{ "type": "Feature", "properties": { "degree": 3, "GEOID": "11001004001", "population": 4250.0, "median_income": 2439.0, "demand_score": 1.8015137418814811 }, "geometry": { "type": "Point", "coordinates": [ -8576706.0, 4710411.999999999068677 ] } },
{ "type": "Feature", "properties": { "degree": 4, "GEOID": "11001001100", "population": 4727.0, "median_income": 2109.0, "demand_score": 1.8014966061481577 }, "geometry": { "type": "Point", "coordinates": [ -8579376.0, 4714813.000000000931323 ] } },
{ "type": "Feature", "properties": { "degree": 3, "GEOID": "11001000600", "population": 4548.0, "median_income": 2206.0, "demand_score": 1.8007858718993719 }, "geometry": { "type": "Point", "coordinates": [ -8578867.000000001862645, 4711823.999999999068677 ] } },
{ "type": "Feature", "properties": { "degree": 3, "GEOID": "11001010400", "population": 4725.0, "median_income": 2288.0, "demand_score": 1.8005539906137629 }, "geometry": { "type": "Point", "coordinates": [ -8572097.0, 4698792.999999999068677 ] } },
{ "type": "Feature", "properties": { "degree": 3, "GEOID": "11001010400", "population": 4725.0, "median_income": 2288.0, "demand_score": 1.800482249007975 }, "geometry": { "type": "Point", "coordinates": [ -8571567.999999998137355, 4700965.0 ] } },
{ "type": "Feature", "properties": { "degree": 4, "GEOID": "11001001100", "population": 4727.0, "median_income": 2109.0, "demand_score": 1.8002875896911299 }, "geometry": { "type": "Point", "coordinates": [ -8580415.999999998137355, 4716647.000000000931323 ] } },
{ "type": "Feature", "properties": { "degree": 4, "GEOID": "11001001100", "population": 4727.0, "median_income": 2109.0, "demand_score": 1.7999277940267358 }, "geometry": { "type": "Point", "coordinates": [ -8580189.0, 4715732.000000000931323 ] } },
{ "type": "Feature", "properties": { "degree": 4, "GEOID": "11001007304", "population": 4927.0, "median_income": 2027.0, "demand_score": 1.799404450973829 }, "geometry": { "type": "Point", "coordinates": [ -8570321.0, 4699044.999999999068677 ] } },
{ "type": "Feature", "properties": { "degree": 4, "GEOID": "11001010400", "population": 4725.0, "median_income": 2288.0, "demand_score": 1.799335657798957 }, "geometry": { "type": "Point", "coordinates": [ -8572107.0, 4699039.999999999068677 ] } },
{ "type": "Feature", "properties": { "degree": 4, "GEOID": "11001011100", "population": 5308.0, "median_income": 1927.0, "demand_score": 1.7992477929408615 }, "geometry": { "type": "Point", "coordinates": [ -8567446.0, 4710721.0 ] } },
{ "type": "Feature", "properties": { "degree": 4, "GEOID": "11001001100", "population": 4727.0, "median_income": 2109.0, "demand_score": 1.7991112511601237 }, "geometry": { "type": "Point", "coordinates": [ -8580189.0, 4715710.0 ] } },
{ "type": "Feature", "properties": { "degree": 4, "GEOID": "11001007803", "population": 4491.0, "median_income": 2357.0, "demand_score": 1.7988402921801931 }, "geometry": { "type": "Point", "coordinates": [ -8565211.000000001862645, 4707223.999999999068677 ] } },
{ "type": "Feature", "properties": { "degree": 4, "GEOID": "11001007803", "population": 4491.0, "median_income": 2357.0, "demand_score": 1.7986505712762448 }, "geometry": { "type": "Point", "coordinates": [ -8564832.0, 4707223.999999999068677 ] } },
{ "type": "Feature", "properties": { "degree": 3, "GEOID": "11001010400", "population": 4725.0, "median_income": 2288.0, "demand_score": 1.7985977130374053 }, "geometry": { "type": "Point", "coordinates": [ -8572056.0, 4699747.0 ] } },
{ "type": "Feature", "properties": { "degree": 4, "GEOID": "11001011100", "population": 5308.0, "median_income": 1927.0, "demand_score": 1.7985760965204598 }, "geometry": { "type": "Point", "coordinates": [ -8568943.0, 4710864.999999999068677 ] } },
{ "type": "Feature", "properties": { "degree": 4, "GEOID": "11001007304", "population": 4927.0, "median_income": 2027.0, "demand_score": 1.7982261234958039 }, "geometry": { "type": "Point", "coordinates": [ -8570495.999999998137355, 4698991.000000000931323 ] } },
{ "type": "Feature", "properties": { "degree": 4, "GEOID": "11001003600", "population": 4630.0, "median_income": 2152.0, "demand_score": 1.7978788082180808 }, "geometry": { "type": "Point", "coordinates": [ -8574908.0, 4710900.0 ] } },
{ "type": "Feature", "properties": { "degree": 4, "GEOID": "11001011100", "population": 5308.0, "median_income": 1927.0, "demand_score": 1.797425499830712 }, "geometry": { "type": "Point", "coordinates": [ -8568289.999999998137355, 4710223.999999999068677 ] } },
{ "type": "Feature", "properties": { "degree": 4, "GEOID": "11001003600", "population": 4630.0, "median_income": 2152.0, "demand_score": 1.797417073510079 }, "geometry": { "type": "Point", "coordinates": [ -8574610.999999998137355, 4711043.0 ] } },
{ "type": "Feature", "properties": { "degree": 4, "GEOID": "11001010400", "population": 4725.0, "median_income": 2288.0, "demand_score": 1.7974057493546294 }, "geometry": { "type": "Point", "coordinates": [ -8572070.0, 4698838.000000000931323 ] } },
{ "type": "Feature", "properties": { "degree": 3, "GEOID": "11001007803", "population": 4491.0, "median_income": 2357.0, "demand_score": 1.7962494357929373 }, "geometry": { "type": "Point", "coordinates": [ -8565655.0, 4707126.999999999068677 ] } },
{ "type": "Feature", "properties": { "degree": 3, "GEOID": "11001007803", "population": 4491.0, "median_income": 2357.0, "demand_score": 1.7961737418865074 }, "geometry": { "type": "Point", "coordinates": [ -8565661.0, 4706504.0 ] } },
{ "type": "Feature", "properties": { "degree": 3, "GEOID": "11001001100", "population": 4727.0, "median_income": 2109.0, "demand_score": 1.7960688116892607 }, "geometry": { "type": "Point", "coordinates": [ -8580189.0, 4715364.999999999068677 ] } },
{ "type": "Feature", "properties": { "degree": 4, "GEOID": "11001001100", "population": 4727.0, "median_income": 2109.0, "demand_score": 1.7959345518599403 }, "geometry": { "type": "Point", "coordinates": [ -8580189.0, 4716387.0 ] } },
{ "type": "Feature", "properties": { "degree": 4, "GEOID": "11001001100", "population": 4727.0, "median_income": 2109.0, "demand_score": 1.7953345487231538 }, "geometry": { "type": "Point", "coordinates": [ -8580154.0, 4715710.0 ] } },
{ "type": "Feature", "properties": { "degree": 3, "GEOID": "11001001100", "population": 4727.0, "median_income": 2109.0, "demand_score": 1.7952991587833091 }, "geometry": { "type": "Point", "coordinates": [ -8579712.999999998137355, 4714814.0 ] } },
{ "type": "Feature", "properties": { "degree": 4, "GEOID": "11001007304", "population": 4927.0, "median_income": 2027.0, "demand_score": 1.795044344740155 }, "geometry": { "type": "Point", "coordinates": [ -8570613.0, 4698954.0 ] } },
{ "type": "Feature", "properties": { "degree": 4, "GEOID": "11001001100", "population": 4727.0, "median_income": 2109.0, "demand_score": 1.7948225692259618 }, "geometry": { "type": "Point", "coordinates": [ -8580188.0, 4715614.0 ] } },
{ "type": "Feature", "properties": { "degree": 3, "GEOID": "11001004001", "population": 4250.0, "median_income": 2439.0, "demand_score": 1.7945916179817445 }, "geometry": { "type": "Point", "coordinates": [ -8576576.0, 4710552.999999999068677 ] } },
{ "type": "Feature", "properties": { "degree": 3, "GEOID": "11001009510", "population": 4918.0, "median_income": 1913.0, "demand_score": 1.7939448515176384 }, "geometry": { "type": "Point", "coordinates": [ -8572089.0, 4713188.0 ] } },
{ "type": "Feature", "properties": { "degree": 3, "GEOID": "11001001100", "population": 4727.0, "median_income": 2109.0, "demand_score": 1.7930197628757107 }, "geometry": { "type": "Point", "coordinates": [ -8579904.999999998137355, 4715184.999999999068677 ] } },
{ "type": "Feature", "properties": { "degree": 3, "GEOID": "11001011100", "population": 5308.0, "median_income": 1927.0, "demand_score": 1.7925999149627705 }, "geometry": { "type": "Point", "coordinates": [ -8568404.0, 4709157.000000001862645 ] } },
{ "type": "Feature", "properties": { "degree": 3, "GEOID": "11001007304", "population": 4927.0, "median_income": 2027.0, "demand_score": 1.7916593003186396 }, "geometry": { "type": "Point", "coordinates": [ -8570698.0, 4698927.000000000931323 ] } },
{ "type": "Feature", "properties": { "degree": 3, "GEOID": "11001001100", "population": 4727.0, "median_income": 2109.0, "demand_score": 1.7915467238380591 }, "geometry": { "type": "Point", "coordinates": [ -8580189.0, 4715409.0 ] } },
{ "type": "Feature", "properties": { "degree": 3, "GEOID": "11001010400", "population": 4725.0, "median_income": 2288.0, "demand_score": 1.7914441232547502 }, "geometry": { "type": "Point", "coordinates": [ -8572117.0, 4700075.0 ] } },
{ "type": "Feature", "properties": { "degree": 3, "GEOID": "11001007502", "population": 5073.0, "median_income": 1818.0, "demand_score": 1.7908942396691483 }, "geometry": { "type": "Point", "coordinates": [ -8568483.999999998137355, 4701662.999999999068677 ] } },
{ "type": "Feature", "properties": { "degree": 3, "GEOID": "11001011100", "population": 5308.0, "median_income": 1927.0, "demand_score": 1.7905096050848885 }, "geometry": { "type": "Point", "coordinates": [ -8567219.999999998137355, 4709730.999999999068677 ] } },
{ "type": "Feature", "properties": { "degree": 4, "GEOID": "11001001100", "population": 4727.0, "median_income": 2109.0, "demand_score": 1.7897181427042439 }, "geometry": { "type": "Point", "coordinates": [ -8580188.0, 4715518.0 ] } },
{ "type": "Feature", "properties": { "degree": 3, "GEOID": "11001010400", "population": 4725.0, "median_income": 2288.0, "demand_score": 1.7895653655022388 }, "geometry": { "type": "Point", "coordinates": [ -8572232.0, 4700036.0 ] } },
{ "type": "Feature", "properties": { "degree": 4, "GEOID": "11001001100", "population": 4727.0, "median_income": 2109.0, "demand_score": 1.7890730789074389 }, "geometry": { "type": "Point", "coordinates": [ -8580189.0, 4716516.999999999068677 ] } },
{ "type": "Feature", "properties": { "degree": 4, "GEOID": "11001001100", "population": 4727.0, "median_income": 2109.0, "demand_score": 1.7886184310502355 }, "geometry": { "type": "Point", "coordinates": [ -8579563.0, 4714813.000000000931323 ] } },
{ "type": "Feature", "properties": { "degree": 4, "GEOID": "11001011100", "population": 5308.0, "median_income": 1927.0, "demand_score": 1.788073737836595 }, "geometry": { "type": "Point", "coordinates": [ -8567560.0, 4710559.0 ] } },
{ "type": "Feature", "properties": { "degree": 4, "GEOID": "11001011100", "population": 5308.0, "median_income": 1927.0, "demand_score": 1.7880043333172315 }, "geometry": { "type": "Point", "coordinates": [ -8568725.999999998137355, 4710864.0 ] } },
{ "type": "Feature", "properties": { "degree": 3, "GEOID": "11001007502", "population": 5073.0, "median_income": 1818.0, "demand_score": 1.7879836921445276 }, "geometry": { "type": "Point", "coordinates": [ -8568515.0, 4701691.0 ] } },
{ "type": "Feature", "properties": { "degree": 4, "GEOID": "11001007803", "population": 4491.0, "median_income": 2357.0, "demand_score": 1.7877376692632103 }, "geometry": { "type": "Point", "coordinates": [ -8565211.000000001862645, 4707125.999999999068677 ] } },
{ "type": "Feature", "properties": { "degree": 3, "GEOID": "11001009102", "population": 4753.0, "median_income": 1937.0, "demand_score": 1.7877160680807938 }, "geometry": { "type": "Point", "coordinates": [ -8570249.999999998137355, 4710373.999999999068677 ] } },
{ "type": "Feature", "properties": { "degree": 3, "GEOID": "11001007803", "population": 4491.0, "median_income": 2357.0, "demand_score": 1.7876757169172788 }, "geometry": { "type": "Point", "coordinates": [ -8565604.0, 4707230.0 ] } },
{ "type": "Feature", "properties": { "degree": 4, "GEOID": "11001007803", "population": 4491.0, "median_income": 2357.0, "demand_score": 1.7874475131082708 }, "geometry": { "type": "Point", "coordinates": [ -8564832.0, 4707124.999999999068677 ] } },
{ "type": "Feature", "properties": { "degree": 3, "GEOID": "11001010400", "population": 4725.0, "median_income": 2288.0, "demand_score": 1.7874463111703158 }, "geometry": { "type": "Point", "coordinates": [ -8571992.0, 4698970.0 ] } },
{ "type": "Feature", "properties": { "degree": 4, "GEOID": "11001011100", "population": 5308.0, "median_income": 1927.0, "demand_score": 1.787221194928365 }, "geometry": { "type": "Point", "coordinates": [ -8567561.0, 4710405.0 ] } },
{ "type": "Feature", "properties": { "degree": 3, "GEOID": "11001009510", "population": 4918.0, "median_income": 1913.0, "demand_score": 1.7867503039994115 }, "geometry": { "type": "Point", "coordinates": [ -8571760.999999998137355, 4713496.999999999068677 ] } },
{ "type": "Feature", "properties": { "degree": 3, "GEOID": "11001007304", "population": 4927.0, "median_income": 2027.0, "demand_score": 1.7867366922465668 }, "geometry": { "type": "Point", "coordinates": [ -8570321.0, 4698898.000000000931323 ] } },
{ "type": "Feature", "properties": { "degree": 4, "GEOID": "11001011100", "population": 5308.0, "median_income": 1927.0, "demand_score": 1.7865555849389902 }, "geometry": { "type": "Point", "coordinates": [ -8567560.0, 4710711.999999999068677 ] } },
{ "type": "Feature", "properties": { "degree": 4, "GEOID": "11001011100", "population": 5308.0, "median_income": 1927.0, "demand_score": 1.7865486594638198 }, "geometry": { "type": "Point", "coordinates": [ -8568502.0, 4710711.999999999068677 ] } },
{ "type": "Feature", "properties": { "degree": 3, "GEOID": "11001009510", "population": 4918.0, "median_income": 1913.0, "demand_score": 1.7863615510984698 }, "geometry": { "type": "Point", "coordinates": [ -8572089.0, 4713297.0 ] } },
{ "type": "Feature", "properties": { "degree": 4, "GEOID": "11001009102", "population": 4753.0, "median_income": 1937.0, "demand_score": 1.7860914483027064 }, "geometry": { "type": "Point", "coordinates": [ -8570330.0, 4710512.000000000931323 ] } },
{ "type": "Feature", "properties": { "degree": 4, "GEOID": "11001011100", "population": 5308.0, "median_income": 1927.0, "demand_score": 1.7852758064736105 }, "geometry": { "type": "Point", "coordinates": [ -8568399.0, 4709059.999999999068677 ] } },
{ "type": "Feature", "properties": { "degree": 3, "GEOID": "11001007502", "population": 5073.0, "median_income": 1818.0, "demand_score": 1.7850993150020973 }, "geometry": { "type": "Point", "coordinates": [ -8568543.999999998137355, 4701720.0 ] } },
{ "type": "Feature", "properties": { "degree": 3, "GEOID": "11001011100", "population": 5308.0, "median_income": 1927.0, "demand_score": 1.7849487725856121 }, "geometry": { "type": "Point", "coordinates": [ -8567561.0, 4710278.999999999068677 ] } },
{ "type": "Feature", "properties": { "degree": 3, "GEOID": "11001011100", "population": 5308.0, "median_income": 1927.0, "demand_score": 1.7848839771620049 }, "geometry": { "type": "Point", "coordinates": [ -8567555.0, 4710814.0 ] } },
{ "type": "Feature", "properties": { "degree": 4, "GEOID": "11001001100", "population": 4727.0, "median_income": 2109.0, "demand_score": 1.7843605438620236 }, "geometry": { "type": "Point", "coordinates": [ -8579375.000000001862645, 4714985.999999999068677 ] } },
{ "type": "Feature", "properties": { "degree": 3, "GEOID": "11001001100", "population": 4727.0, "median_income": 2109.0, "demand_score": 1.783686245031153 }, "geometry": { "type": "Point", "coordinates": [ -8579904.999999998137355, 4715300.0 ] } },
{ "type": "Feature", "properties": { "degree": 3, "GEOID": "11001009102", "population": 4753.0, "median_income": 1937.0, "demand_score": 1.7834764069321394 }, "geometry": { "type": "Point", "coordinates": [ -8569729.0, 4710218.0 ] } },
{ "type": "Feature", "properties": { "degree": 3, "GEOID": "11001010400", "population": 4725.0, "median_income": 2288.0, "demand_score": 1.7828129045713101 }, "geometry": { "type": "Point", "coordinates": [ -8572207.999999998137355, 4699763.0 ] } },
{ "type": "Feature", "properties": { "degree": 3, "GEOID": "11001001100", "population": 4727.0, "median_income": 2109.0, "demand_score": 1.7824964816237183 }, "geometry": { "type": "Point", "coordinates": [ -8580328.0, 4716777.999999999068677 ] } },
{ "type": "Feature", "properties": { "degree": 4, "GEOID": "11001011100", "population": 5308.0, "median_income": 1927.0, "demand_score": 1.7824422420363224 }, "geometry": { "type": "Point", "coordinates": [ -8568954.0, 4711018.000000000931323 ] } },
{ "type": "Feature", "properties": { "degree": 3, "GEOID": "11001007304", "population": 4927.0, "median_income": 2027.0, "demand_score": 1.7822884764310216 }, "geometry": { "type": "Point", "coordinates": [ -8570476.0, 4698852.999999999068677 ] } },
{ "type": "Feature", "properties": { "degree": 3, "GEOID": "11001009102", "population": 4753.0, "median_income": 1937.0, "demand_score": 1.7820706389771541 }, "geometry": { "type": "Point", "coordinates": [ -8570303.999999998137355, 4710670.000000000931323 ] } },
{ "type": "Feature", "properties": { "degree": 4, "GEOID": "11001009102", "population": 4753.0, "median_income": 1937.0, "demand_score": 1.7817461548610032 }, "geometry": { "type": "Point", "coordinates": [ -8569471.0, 4710389.0 ] } },
{ "type": "Feature", "properties": { "degree": 4, "GEOID": "11001009102", "population": 4753.0, "median_income": 1937.0, "demand_score": 1.7816918205770609 }, "geometry": { "type": "Point", "coordinates": [ -8569263.0, 4710405.0 ] } },
{ "type": "Feature", "properties": { "degree": 2, "GEOID": "11001007304", "population": 4927.0, "median_income": 2027.0, "demand_score": 1.7815965692140816 }, "geometry": { "type": "Point", "coordinates": [ -8570586.0, 4698837.0 ] } },
{ "type": "Feature", "properties": { "degree": 3, "GEOID": "11001007502", "population": 5073.0, "median_income": 1818.0, "demand_score": 1.7813366279649556 }, "geometry": { "type": "Point", "coordinates": [ -8568562.0, 4701628.999999999068677 ] } },
{ "type": "Feature", "properties": { "degree": 2, "GEOID": "11001007502", "population": 5073.0, "median_income": 1818.0, "demand_score": 1.7811472357793374 }, "geometry": { "type": "Point", "coordinates": [ -8568581.0, 4701758.999999999068677 ] } },
{ "type": "Feature", "properties": { "degree": 3, "GEOID": "11001010400", "population": 4725.0, "median_income": 2288.0, "demand_score": 1.7808161567911736 }, "geometry": { "type": "Point", "coordinates": [ -8572220.0, 4699899.999999999068677 ] } },
{ "type": "Feature", "properties": { "degree": 4, "GEOID": "11001001100", "population": 4727.0, "median_income": 2109.0, "demand_score": 1.7807658298339497 }, "geometry": { "type": "Point", "coordinates": [ -8580189.0, 4716647.000000000931323 ] } },
{ "type": "Feature", "properties": { "degree": 3, "GEOID": "11001009510", "population": 4918.0, "median_income": 1913.0, "demand_score": 1.7800058545403084 }, "geometry": { "type": "Point", "coordinates": [ -8571932.0, 4713492.0 ] } },
{ "type": "Feature", "properties": { "degree": 3, "GEOID": "11001001100", "population": 4727.0, "median_income": 2109.0, "demand_score": 1.7796183557701468 }, "geometry": { "type": "Point", "coordinates": [ -8579752.000000001862645, 4715184.999999999068677 ] } },
{ "type": "Feature", "properties": { "degree": 2, "GEOID": "11001009102", "population": 4753.0, "median_income": 1937.0, "demand_score": 1.779462195133843 }, "geometry": { "type": "Point", "coordinates": [ -8570123.999999998137355, 4710131.999999999068677 ] } },
{ "type": "Feature", "properties": { "degree": 3, "GEOID": "11001009510", "population": 4918.0, "median_income": 1913.0, "demand_score": 1.7792992524745164 }, "geometry": { "type": "Point", "coordinates": [ -8572539.000000001862645, 4714751.999999999068677 ] } },
{ "type": "Feature", "properties": { "degree": 3, "GEOID": "11001009510", "population": 4918.0, "median_income": 1913.0, "demand_score": 1.7787938249442021 }, "geometry": { "type": "Point", "coordinates": [ -8572089.0, 4713391.999999999068677 ] } },
{ "type": "Feature", "properties": { "degree": 4, "GEOID": "11001009102", "population": 4753.0, "median_income": 1937.0, "demand_score": 1.7785255637649802 }, "geometry": { "type": "Point", "coordinates": [ -8570266.000000001862645, 4710765.999999999068677 ] } },
{ "type": "Feature", "properties": { "degree": 4, "GEOID": "11001009510", "population": 4918.0, "median_income": 1913.0, "demand_score": 1.7785217422101456 }, "geometry": { "type": "Point", "coordinates": [ -8572473.0, 4714770.999999999068677 ] } },
{ "type": "Feature", "properties": { "degree": 3, "GEOID": "11001009102", "population": 4753.0, "median_income": 1937.0, "demand_score": 1.7773901910349832 }, "geometry": { "type": "Point", "coordinates": [ -8570106.0, 4710162.0 ] } },
{ "type": "Feature", "properties": { "degree": 3, "GEOID": "11001007502", "population": 5073.0, "median_income": 1818.0, "demand_score": 1.7772925813776452 }, "geometry": { "type": "Point", "coordinates": [ -8568258.0, 4701191.000000000931323 ] } },
{ "type": "Feature", "properties": { "degree": 3, "GEOID": "11001011100", "population": 5308.0, "median_income": 1927.0, "demand_score": 1.7770337560662899 }, "geometry": { "type": "Point", "coordinates": [ -8567263.0, 4709606.999999999068677 ] } },
{ "type": "Feature", "properties": { "degree": 3, "GEOID": "11001001100", "population": 4727.0, "median_income": 2109.0, "demand_score": 1.7770159426686944 }, "geometry": { "type": "Point", "coordinates": [ -8579606.0, 4714983.0 ] } },
{ "type": "Feature", "properties": { "degree": 3, "GEOID": "11001011100", "population": 5308.0, "median_income": 1927.0, "demand_score": 1.7769359528790736 }, "geometry": { "type": "Point", "coordinates": [ -8567561.0, 4710043.000000000931323 ] } },
{ "type": "Feature", "properties": { "degree": 4, "GEOID": "11001001100", "population": 4727.0, "median_income": 2109.0, "demand_score": 1.7765699885629345 }, "geometry": { "type": "Point", "coordinates": [ -8579644.0, 4715067.999999999068677 ] } },
{ "type": "Feature", "properties": { "degree": 4, "GEOID": "11001001100", "population": 4727.0, "median_income": 2109.0, "demand_score": 1.7762146836600674 }, "geometry": { "type": "Point", "coordinates": [ -8580011.0, 4715614.0 ] } },
{ "type": "Feature", "properties": { "degree": 3, "GEOID": "11001007304", "population": 4927.0, "median_income": 2027.0, "demand_score": 1.7760151035927263 }, "geometry": { "type": "Point", "coordinates": [ -8570321.0, 4698755.999999999068677 ] } },
{ "type": "Feature", "properties": { "degree": 4, "GEOID": "11001001100", "population": 4727.0, "median_income": 2109.0, "demand_score": 1.7757593626835824 }, "geometry": { "type": "Point", "coordinates": [ -8579347.999999998137355, 4715081.999999999068677 ] } },
{ "type": "Feature", "properties": { "degree": 3, "GEOID": "11001007502", "population": 5073.0, "median_income": 1818.0, "demand_score": 1.7757051749411574 }, "geometry": { "type": "Point", "coordinates": [ -8568035.999999998137355, 4701109.000000000931323 ] } },
{ "type": "Feature", "properties": { "degree": 3, "GEOID": "11001011100", "population": 5308.0, "median_income": 1927.0, "demand_score": 1.7751600114879096 }, "geometry": { "type": "Point", "coordinates": [ -8566935.0, 4709360.0 ] } },
{ "type": "Feature", "properties": { "degree": 3, "GEOID": "11001005004", "population": 3891.0, "median_income": 2260.0, "demand_score": 1.7747790042061167 }, "geometry": { "type": "Point", "coordinates": [ -8574819.0, 4708737.999999999068677 ] } },
{ "type": "Feature", "properties": { "degree": 4, "GEOID": "11001001100", "population": 4727.0, "median_income": 2109.0, "demand_score": 1.7745579315072402 }, "geometry": { "type": "Point", "coordinates": [ -8579697.0, 4715184.999999999068677 ] } },
{ "type": "Feature", "properties": { "degree": 3, "GEOID": "11001001100", "population": 4727.0, "median_income": 2109.0, "demand_score": 1.7743131206536764 }, "geometry": { "type": "Point", "coordinates": [ -8579632.0, 4715087.0 ] } },
{ "type": "Feature", "properties": { "degree": 3, "GEOID": "11001001100", "population": 4727.0, "median_income": 2109.0, "demand_score": 1.7742176220090389 }, "geometry": { "type": "Point", "coordinates": [ -8579904.999999998137355, 4715409.0 ] } },
{ "type": "Feature", "properties": { "degree": 3, "GEOID": "11001007803", "population": 4491.0, "median_income": 2357.0, "demand_score": 1.7738988225700532 }, "geometry": { "type": "Point", "coordinates": [ -8565211.000000001862645, 4707003.999999999068677 ] } },
{ "type": "Feature", "properties": { "degree": 3, "GEOID": "11001007502", "population": 5073.0, "median_income": 1818.0, "demand_score": 1.7737399746903102 }, "geometry": { "type": "Point", "coordinates": [ -8568612.0, 4701562.0 ] } },
{ "type": "Feature", "properties": { "degree": 4, "GEOID": "11001007803", "population": 4491.0, "median_income": 2357.0, "demand_score": 1.7737356339251222 }, "geometry": { "type": "Point", "coordinates": [ -8564832.0, 4707003.999999999068677 ] } },
{ "type": "Feature", "properties": { "degree": 4, "GEOID": "11001011100", "population": 5308.0, "median_income": 1927.0, "demand_score": 1.7734227652027208 }, "geometry": { "type": "Point", "coordinates": [ -8568503.0, 4710864.999999999068677 ] } },
{ "type": "Feature", "properties": { "degree": 4, "GEOID": "11001009102", "population": 4753.0, "median_income": 1937.0, "demand_score": 1.7731772185948484 }, "geometry": { "type": "Point", "coordinates": [ -8570073.0, 4710217.0 ] } },
{ "type": "Feature", "properties": { "degree": 4, "GEOID": "11001001100", "population": 4727.0, "median_income": 2109.0, "demand_score": 1.773103079607742 }, "geometry": { "type": "Point", "coordinates": [ -8579720.999999998137355, 4715238.0 ] } },
{ "type": "Feature", "properties": { "degree": 3, "GEOID": "11001011100", "population": 5308.0, "median_income": 1927.0, "demand_score": 1.772652493205761 }, "geometry": { "type": "Point", "coordinates": [ -8568725.999999998137355, 4711016.999999998137355 ] } },
{ "type": "Feature", "properties": { "degree": 4, "GEOID": "11001001100", "population": 4727.0, "median_income": 2109.0, "demand_score": 1.77257784881523 }, "geometry": { "type": "Point", "coordinates": [ -8579904.999999998137355, 4715990.0 ] } },
{ "type": "Feature", "properties": { "degree": 3, "GEOID": "11001011100", "population": 5308.0, "median_income": 1927.0, "demand_score": 1.7723896746765826 }, "geometry": { "type": "Point", "coordinates": [ -8568149.0, 4710445.999999999068677 ] } },
{ "type": "Feature", "properties": { "degree": 3, "GEOID": "11001001100", "population": 4727.0, "median_income": 2109.0, "demand_score": 1.7722856927989246 }, "geometry": { "type": "Point", "coordinates": [ -8579904.999999998137355, 4716090.0 ] } },
{ "type": "Feature", "properties": { "degree": 3, "GEOID": "11001009510", "population": 4918.0, "median_income": 1913.0, "demand_score": 1.7721311723623028 }, "geometry": { "type": "Point", "coordinates": [ -8572262.999999998137355, 4713270.0 ] } },
{ "type": "Feature", "properties": { "degree": 4, "GEOID": "11001001100", "population": 4727.0, "median_income": 2109.0, "demand_score": 1.7719769816371989 }, "geometry": { "type": "Point", "coordinates": [ -8579904.999999998137355, 4715900.0 ] } },
{ "type": "Feature", "properties": { "degree": 3, "GEOID": "11001011100", "population": 5308.0, "median_income": 1927.0, "demand_score": 1.7719091460696532 }, "geometry": { "type": "Point", "coordinates": [ -8566973.0, 4709347.0 ] } },
{ "type": "Feature", "properties": { "degree": 3, "GEOID": "11001009102", "population": 4753.0, "median_income": 1937.0, "demand_score": 1.7713936139370905 }, "geometry": { "type": "Point", "coordinates": [ -8569919.0, 4710217.0 ] } },
{ "type": "Feature", "properties": { "degree": 4, "GEOID": "11001001100", "population": 4727.0, "median_income": 2109.0, "demand_score": 1.7712889533716667 }, "geometry": { "type": "Point", "coordinates": [ -8580189.0, 4716777.0 ] } },
{ "type": "Feature", "properties": { "degree": 3, "GEOID": "11001009510", "population": 4918.0, "median_income": 1913.0, "demand_score": 1.7712471311902895 }, "geometry": { "type": "Point", "coordinates": [ -8572255.0, 4713297.0 ] } },
{ "type": "Feature", "properties": { "degree": 3, "GEOID": "11001009510", "population": 4918.0, "median_income": 1913.0, "demand_score": 1.7711012714693495 }, "geometry": { "type": "Point", "coordinates": [ -8572592.0, 4714661.999999999068677 ] } },
{ "type": "Feature", "properties": { "degree": 4, "GEOID": "11001001100", "population": 4727.0, "median_income": 2109.0, "demand_score": 1.770467565766249 }, "geometry": { "type": "Point", "coordinates": [ -8579904.999999998137355, 4715805.0 ] } },
{ "type": "Feature", "properties": { "degree": 3, "GEOID": "11001007803", "population": 4491.0, "median_income": 2357.0, "demand_score": 1.7704253393130571 }, "geometry": { "type": "Point", "coordinates": [ -8564672.0, 4707002.999999999068677 ] } },
{ "type": "Feature", "properties": { "degree": 4, "GEOID": "11001009510", "population": 4918.0, "median_income": 1913.0, "demand_score": 1.770115406711303 }, "geometry": { "type": "Point", "coordinates": [ -8572089.0, 4713492.0 ] } },
{ "type": "Feature", "properties": { "degree": 3, "GEOID": "11001001100", "population": 4727.0, "median_income": 2109.0, "demand_score": 1.7696055882592794 }, "geometry": { "type": "Point", "coordinates": [ -8580266.0, 4716874.000000000931323 ] } },
{ "type": "Feature", "properties": { "degree": 4, "GEOID": "11001005004", "population": 3891.0, "median_income": 2260.0, "demand_score": 1.7691856214788935 }, "geometry": { "type": "Point", "coordinates": [ -8574610.999999998137355, 4708584.999999999068677 ] } },
{ "type": "Feature", "properties": { "degree": 3, "GEOID": "11001011100", "population": 5308.0, "median_income": 1927.0, "demand_score": 1.7689194074975449 }, "geometry": { "type": "Point", "coordinates": [ -8567715.999999998137355, 4710711.0 ] } },
{ "type": "Feature", "properties": { "degree": 2, "GEOID": "11001007502", "population": 5073.0, "median_income": 1818.0, "demand_score": 1.7687172450424828 }, "geometry": { "type": "Point", "coordinates": [ -8568688.0, 4701722.0 ] } },
{ "type": "Feature", "properties": { "degree": 4, "GEOID": "11001001100", "population": 4727.0, "median_income": 2109.0, "demand_score": 1.7680895046056508 }, "geometry": { "type": "Point", "coordinates": [ -8579904.999999998137355, 4715710.0 ] } },
{ "type": "Feature", "properties": { "degree": 3, "GEOID": "11001007803", "population": 4491.0, "median_income": 2357.0, "demand_score": 1.7678860627074928 }, "geometry": { "type": "Point", "coordinates": [ -8565427.0, 4706420.0 ] } },
{ "type": "Feature", "properties": { "degree": 2, "GEOID": "11001001100", "population": 4727.0, "median_income": 2109.0, "demand_score": 1.767395661726884 }, "geometry": { "type": "Point", "coordinates": [ -8580194.0, 4716832.000000000931323 ] } },
{ "type": "Feature", "properties": { "degree": 4, "GEOID": "11001005004", "population": 3891.0, "median_income": 2260.0, "demand_score": 1.7667985829607935 }, "geometry": { "type": "Point", "coordinates": [ -8574726.999999998137355, 4708737.999999999068677 ] } },
{ "type": "Feature", "properties": { "degree": 3, "GEOID": "11001009102", "population": 4753.0, "median_income": 1937.0, "demand_score": 1.766581476512733 }, "geometry": { "type": "Point", "coordinates": [ -8569805.999999998137355, 4710349.999999999068677 ] } },
{ "type": "Feature", "properties": { "degree": 3, "GEOID": "11001007803", "population": 4491.0, "median_income": 2357.0, "demand_score": 1.7664206377040053 }, "geometry": { "type": "Point", "coordinates": [ -8564545.0, 4707000.999999999068677 ] } },
{ "type": "Feature", "properties": { "degree": 3, "GEOID": "11001009510", "population": 4918.0, "median_income": 1913.0, "demand_score": 1.7653290181948644 }, "geometry": { "type": "Point", "coordinates": [ -8572067.0, 4713560.0 ] } },
{ "type": "Feature", "properties": { "degree": 3, "GEOID": "11001011100", "population": 5308.0, "median_income": 1927.0, "demand_score": 1.7650988195607209 }, "geometry": { "type": "Point", "coordinates": [ -8568391.0, 4710864.999999999068677 ] } },
{ "type": "Feature", "properties": { "degree": 3, "GEOID": "11001007502", "population": 5073.0, "median_income": 1818.0, "demand_score": 1.7650441548633888 }, "geometry": { "type": "Point", "coordinates": [ -8568456.0, 4701196.0 ] } },
{ "type": "Feature", "properties": { "degree": 3, "GEOID": "11001009510", "population": 4918.0, "median_income": 1913.0, "demand_score": 1.7649338656885909 }, "geometry": { "type": "Point", "coordinates": [ -8572254.0, 4713391.999999999068677 ] } },
{ "type": "Feature", "properties": { "degree": 4, "GEOID": "11001001100", "population": 4727.0, "median_income": 2109.0, "demand_score": 1.7648122558632675 }, "geometry": { "type": "Point", "coordinates": [ -8579904.999999998137355, 4715613.0 ] } },
{ "type": "Feature", "properties": { "degree": 4, "GEOID": "11001001100", "population": 4727.0, "median_income": 2109.0, "demand_score": 1.76476768493111 }, "geometry": { "type": "Point", "coordinates": [ -8579897.0, 4716387.0 ] } },
{ "type": "Feature", "properties": { "degree": 3, "GEOID": "11001009102", "population": 4753.0, "median_income": 1937.0, "demand_score": 1.7642877581394598 }, "geometry": { "type": "Point", "coordinates": [ -8569263.0, 4710558.000000000931323 ] } },
{ "type": "Feature", "properties": { "degree": 6, "GEOID": "11001001100", "population": 4727.0, "median_income": 2109.0, "demand_score": 1.7642709161430594 }, "geometry": { "type": "Point", "coordinates": [ -8579904.999999998137355, 4715518.0 ] } },
{ "type": "Feature", "properties": { "degree": 2, "GEOID": "11001007502", "population": 5073.0, "median_income": 1818.0, "demand_score": 1.7639758897291413 }, "geometry": { "type": "Point", "coordinates": [ -8568724.999999998137355, 4701676.000000000931323 ] } },
{ "type": "Feature", "properties": { "degree": 3, "GEOID": "11001009102", "population": 4753.0, "median_income": 1937.0, "demand_score": 1.7629441319417507 }, "geometry": { "type": "Point", "coordinates": [ -8569460.0, 4710560.0 ] } },
{ "type": "Feature", "properties": { "degree": 4, "GEOID": "11001001100", "population": 4727.0, "median_income": 2109.0, "demand_score": 1.7621997923574546 }, "geometry": { "type": "Point", "coordinates": [ -8579567.0, 4715184.999999999068677 ] } },
{ "type": "Feature", "properties": { "degree": 4, "GEOID": "11001011100", "population": 5308.0, "median_income": 1927.0, "demand_score": 1.7619367633993628 }, "geometry": { "type": "Point", "coordinates": [ -8567722.999999998137355, 4710959.000000000931323 ] } },
{ "type": "Feature", "properties": { "degree": 3, "GEOID": "11001007803", "population": 4491.0, "median_income": 2357.0, "demand_score": 1.7618497742436554 }, "geometry": { "type": "Point", "coordinates": [ -8565212.0, 4706898.0 ] } },
{ "type": "Feature", "properties": { "degree": 4, "GEOID": "11001005004", "population": 3891.0, "median_income": 2260.0, "demand_score": 1.7617067620744358 }, "geometry": { "type": "Point", "coordinates": [ -8574726.999999998137355, 4708815.000000000931323 ] } },
{ "type": "Feature", "properties": { "degree": 3, "GEOID": "11001007502", "population": 5073.0, "median_income": 1818.0, "demand_score": 1.7617053008941943 }, "geometry": { "type": "Point", "coordinates": [ -8568258.0, 4701041.000000000931323 ] } },
{ "type": "Feature", "properties": { "degree": 4, "GEOID": "11001001100", "population": 4727.0, "median_income": 2109.0, "demand_score": 1.7616326002459914 }, "geometry": { "type": "Point", "coordinates": [ -8579831.0, 4716241.999999998137355 ] } },
{ "type": "Feature", "properties": { "degree": 4, "GEOID": "11001007803", "population": 4491.0, "median_income": 2357.0, "demand_score": 1.7615960417837935 }, "geometry": { "type": "Point", "coordinates": [ -8564832.0, 4706897.0 ] } },
{ "type": "Feature", "properties": { "degree": 3, "GEOID": "11001007304", "population": 4927.0, "median_income": 2027.0, "demand_score": 1.7614024803843851 }, "geometry": { "type": "Point", "coordinates": [ -8570658.0, 4698660.0 ] } },
{ "type": "Feature", "properties": { "degree": 4, "GEOID": "11001009510", "population": 4918.0, "median_income": 1913.0, "demand_score": 1.7603860782385667 }, "geometry": { "type": "Point", "coordinates": [ -8572042.000000001862645, 4713627.0 ] } },
{ "type": "Feature", "properties": { "degree": 4, "GEOID": "11001009400", "population": 4889.0, "median_income": 1807.0, "demand_score": 1.7600815559732146 }, "geometry": { "type": "Point", "coordinates": [ -8569187.0, 4713490.999999999068677 ] } },
{ "type": "Feature", "properties": { "degree": 3, "GEOID": "11001007502", "population": 5073.0, "median_income": 1818.0, "demand_score": 1.7597602231307441 }, "geometry": { "type": "Point", "coordinates": [ -8568656.0, 4701363.999999999068677 ] } },
{ "type": "Feature", "properties": { "degree": 4, "GEOID": "11001011100", "population": 5308.0, "median_income": 1927.0, "demand_score": 1.7597462936358466 }, "geometry": { "type": "Point", "coordinates": [ -8567235.0, 4709385.0 ] } },
{ "type": "Feature", "properties": { "degree": 3, "GEOID": "11001001100", "population": 4727.0, "median_income": 2109.0, "demand_score": 1.7597351412883322 }, "geometry": { "type": "Point", "coordinates": [ -8580092.999999998137355, 4716821.0 ] } },
{ "type": "Feature", "properties": { "degree": 4, "GEOID": "11001011100", "population": 5308.0, "median_income": 1927.0, "demand_score": 1.7594161541793722 }, "geometry": { "type": "Point", "coordinates": [ -8568503.0, 4711018.000000000931323 ] } },
{ "type": "Feature", "properties": { "degree": 3, "GEOID": "11001011100", "population": 5308.0, "median_income": 1927.0, "demand_score": 1.758976717458909 }, "geometry": { "type": "Point", "coordinates": [ -8568077.0, 4710559.0 ] } },
{ "type": "Feature", "properties": { "degree": 4, "GEOID": "11001007803", "population": 4491.0, "median_income": 2357.0, "demand_score": 1.7585977627219918 }, "geometry": { "type": "Point", "coordinates": [ -8564672.0, 4706897.0 ] } },
{ "type": "Feature", "properties": { "degree": 3, "GEOID": "11001009102", "population": 4753.0, "median_income": 1937.0, "demand_score": 1.7581333394963039 }, "geometry": { "type": "Point", "coordinates": [ -8570091.0, 4710832.0 ] } },
{ "type": "Feature", "properties": { "degree": 4, "GEOID": "11001009510", "population": 4918.0, "median_income": 1913.0, "demand_score": 1.7573946014300328 }, "geometry": { "type": "Point", "coordinates": [ -8572254.0, 4713492.0 ] } },
{ "type": "Feature", "properties": { "degree": 3, "GEOID": "11001007502", "population": 5073.0, "median_income": 1818.0, "demand_score": 1.7571044340364028 }, "geometry": { "type": "Point", "coordinates": [ -8567950.0, 4700940.999999999068677 ] } },
{ "type": "Feature", "properties": { "degree": 3, "GEOID": "11001011100", "population": 5308.0, "median_income": 1927.0, "demand_score": 1.7570271471143675 }, "geometry": { "type": "Point", "coordinates": [ -8568467.0, 4711018.000000000931323 ] } },
{ "type": "Feature", "properties": { "degree": 3, "GEOID": "11001011100", "population": 5308.0, "median_income": 1927.0, "demand_score": 1.7569345136942425 }, "geometry": { "type": "Point", "coordinates": [ -8568077.0, 4709084.999999999068677 ] } },
{ "type": "Feature", "properties": { "degree": 3, "GEOID": "11001009102", "population": 4753.0, "median_income": 1937.0, "demand_score": 1.7567472288782144 }, "geometry": { "type": "Point", "coordinates": [ -8569960.0, 4710376.0 ] } },
{ "type": "Feature", "properties": { "degree": 4, "GEOID": "11001009102", "population": 4753.0, "median_income": 1937.0, "demand_score": 1.7564010785226714 }, "geometry": { "type": "Point", "coordinates": [ -8570036.0, 4710552.999999999068677 ] } },
{ "type": "Feature", "properties": { "degree": 4, "GEOID": "11001011100", "population": 5308.0, "median_income": 1927.0, "demand_score": 1.756039568490785 }, "geometry": { "type": "Point", "coordinates": [ -8567833.0, 4710382.999999999068677 ] } },
{ "type": "Feature", "properties": { "degree": 4, "GEOID": "11001001100", "population": 4727.0, "median_income": 2109.0, "demand_score": 1.7559766453458989 }, "geometry": { "type": "Point", "coordinates": [ -8579762.0, 4716090.0 ] } },
{ "type": "Feature", "properties": { "degree": 2, "GEOID": "11001011100", "population": 5308.0, "median_income": 1927.0, "demand_score": 1.7558107951742805 }, "geometry": { "type": "Point", "coordinates": [ -8568280.999999998137355, 4710872.0 ] } },
{ "type": "Feature", "properties": { "degree": 2, "GEOID": "11001011100", "population": 5308.0, "median_income": 1927.0, "demand_score": 1.755555664684223 }, "geometry": { "type": "Point", "coordinates": [ -8567313.0, 4711663.999999999068677 ] } },
{ "type": "Feature", "properties": { "degree": 4, "GEOID": "11001009102", "population": 4753.0, "median_income": 1937.0, "demand_score": 1.7552067133518841 }, "geometry": { "type": "Point", "coordinates": [ -8569881.0, 4710415.999999999068677 ] } },
{ "type": "Feature", "properties": { "degree": 3, "GEOID": "11001011100", "population": 5308.0, "median_income": 1927.0, "demand_score": 1.7551437058201644 }, "geometry": { "type": "Point", "coordinates": [ -8567584.999999998137355, 4711372.999999999068677 ] } },
{ "type": "Feature", "properties": { "degree": 2, "GEOID": "11001011100", "population": 5308.0, "median_income": 1927.0, "demand_score": 1.7551415335335987 }, "geometry": { "type": "Point", "coordinates": [ -8568504.0, 4711064.0 ] } },
{ "type": "Feature", "properties": { "degree": 3, "GEOID": "11001011100", "population": 5308.0, "median_income": 1927.0, "demand_score": 1.754953671485376 }, "geometry": { "type": "Point", "coordinates": [ -8568830.0, 4708332.999999999068677 ] } },
{ "type": "Feature", "properties": { "degree": 4, "GEOID": "11001011100", "population": 5308.0, "median_income": 1927.0, "demand_score": 1.754925596961332 }, "geometry": { "type": "Point", "coordinates": [ -8569274.0, 4711315.000000000931323 ] } },
{ "type": "Feature", "properties": { "degree": 3, "GEOID": "11001009510", "population": 4918.0, "median_income": 1913.0, "demand_score": 1.7549149383630724 }, "geometry": { "type": "Point", "coordinates": [ -8572378.0, 4713369.999999999068677 ] } },
{ "type": "Feature", "properties": { "degree": 2, "GEOID": "11001011100", "population": 5308.0, "median_income": 1927.0, "demand_score": 1.7548568156901763 }, "geometry": { "type": "Point", "coordinates": [ -8567170.000000001862645, 4711775.999999999068677 ] } },
{ "type": "Feature", "properties": { "degree": 3, "GEOID": "11001007502", "population": 5073.0, "median_income": 1818.0, "demand_score": 1.7547905864127913 }, "geometry": { "type": "Point", "coordinates": [ -8568164.999999998137355, 4700947.0 ] } },
{ "type": "Feature", "properties": { "degree": 3, "GEOID": "11001009400", "population": 4889.0, "median_income": 1807.0, "demand_score": 1.7545136549940894 }, "geometry": { "type": "Point", "coordinates": [ -8569072.000000001862645, 4713688.0 ] } },
{ "type": "Feature", "properties": { "degree": 4, "GEOID": "11001011100", "population": 5308.0, "median_income": 1927.0, "demand_score": 1.7543877853557781 }, "geometry": { "type": "Point", "coordinates": [ -8567773.0, 4711018.000000000931323 ] } },
{ "type": "Feature", "properties": { "degree": 3, "GEOID": "11001011100", "population": 5308.0, "median_income": 1927.0, "demand_score": 1.7538959375195007 }, "geometry": { "type": "Point", "coordinates": [ -8567824.0, 4710853.999999999068677 ] } },
{ "type": "Feature", "properties": { "degree": 3, "GEOID": "11001009400", "population": 4889.0, "median_income": 1807.0, "demand_score": 1.753811795562922 }, "geometry": { "type": "Point", "coordinates": [ -8569067.0, 4713837.999999999068677 ] } },
{ "type": "Feature", "properties": { "degree": 3, "GEOID": "11001011100", "population": 5308.0, "median_income": 1927.0, "demand_score": 1.7531600332031556 }, "geometry": { "type": "Point", "coordinates": [ -8569188.0, 4711325.0 ] } },
{ "type": "Feature", "properties": { "degree": 3, "GEOID": "11001009102", "population": 4753.0, "median_income": 1937.0, "demand_score": 1.7530529516248783 }, "geometry": { "type": "Point", "coordinates": [ -8569797.999999998137355, 4710508.999999999068677 ] } },
{ "type": "Feature", "properties": { "degree": 3, "GEOID": "11001011100", "population": 5308.0, "median_income": 1927.0, "demand_score": 1.7529892908709281 }, "geometry": { "type": "Point", "coordinates": [ -8567859.0, 4710375.0 ] } },
{ "type": "Feature", "properties": { "degree": 4, "GEOID": "11001009510", "population": 4918.0, "median_income": 1913.0, "demand_score": 1.7526941501587532 }, "geometry": { "type": "Point", "coordinates": [ -8572008.999999998137355, 4713720.999999999068677 ] } },
{ "type": "Feature", "properties": { "degree": 4, "GEOID": "11001007304", "population": 4927.0, "median_income": 2027.0, "demand_score": 1.7526848429199771 }, "geometry": { "type": "Point", "coordinates": [ -8570883.999999998137355, 4698609.0 ] } },
{ "type": "Feature", "properties": { "degree": 2, "GEOID": "11001007803", "population": 4491.0, "median_income": 2357.0, "demand_score": 1.7524839813204425 }, "geometry": { "type": "Point", "coordinates": [ -8564450.0, 4706903.999999999068677 ] } },
{ "type": "Feature", "properties": { "degree": 3, "GEOID": "11001011100", "population": 5308.0, "median_income": 1927.0, "demand_score": 1.7524568816666934 }, "geometry": { "type": "Point", "coordinates": [ -8569238.999999998137355, 4711334.999999999068677 ] } },
{ "type": "Feature", "properties": { "degree": 4, "GEOID": "11001011100", "population": 5308.0, "median_income": 1927.0, "demand_score": 1.7519655804934475 }, "geometry": { "type": "Point", "coordinates": [ -8567876.0, 4710558.000000000931323 ] } },
{ "type": "Feature", "properties": { "degree": 2, "GEOID": "11001011100", "population": 5308.0, "median_income": 1927.0, "demand_score": 1.7518055986509014 }, "geometry": { "type": "Point", "coordinates": [ -8567859.0, 4710296.0 ] } },
{ "type": "Feature", "properties": { "degree": 3, "GEOID": "11001009400", "population": 4889.0, "median_income": 1807.0, "demand_score": 1.7513633898767917 }, "geometry": { "type": "Point", "coordinates": [ -8569047.999999998137355, 4713855.999999999068677 ] } },
{ "type": "Feature", "properties": { "degree": 3, "GEOID": "11001011100", "population": 5308.0, "median_income": 1927.0, "demand_score": 1.7513181195425758 }, "geometry": { "type": "Point", "coordinates": [ -8568033.999999998137355, 4710618.0 ] } },
{ "type": "Feature", "properties": { "degree": 4, "GEOID": "11001001100", "population": 4727.0, "median_income": 2109.0, "demand_score": 1.7510933802365638 }, "geometry": { "type": "Point", "coordinates": [ -8579716.999999998137355, 4715990.0 ] } },
{ "type": "Feature", "properties": { "degree": 4, "GEOID": "11001011100", "population": 5308.0, "median_income": 1927.0, "demand_score": 1.7507621801258069 }, "geometry": { "type": "Point", "coordinates": [ -8567876.0, 4710711.999999999068677 ] } },
{ "type": "Feature", "properties": { "degree": 3, "GEOID": "11001011100", "population": 5308.0, "median_income": 1927.0, "demand_score": 1.7503185996377995 }, "geometry": { "type": "Point", "coordinates": [ -8568544.999999998137355, 4711140.0 ] } },
{ "type": "Feature", "properties": { "degree": 4, "GEOID": "11001009400", "population": 4889.0, "median_income": 1807.0, "demand_score": 1.7498384055785938 }, "geometry": { "type": "Point", "coordinates": [ -8569187.0, 4713338.0 ] } },
{ "type": "Feature", "properties": { "degree": 4, "GEOID": "11001011100", "population": 5308.0, "median_income": 1927.0, "demand_score": 1.749540883871662 }, "geometry": { "type": "Point", "coordinates": [ -8569202.0, 4711357.999999999068677 ] } },
{ "type": "Feature", "properties": { "degree": 4, "GEOID": "11001011100", "population": 5308.0, "median_income": 1927.0, "demand_score": 1.7492988110221188 }, "geometry": { "type": "Point", "coordinates": [ -8567876.0, 4710799.0 ] } },
{ "type": "Feature", "properties": { "degree": 3, "GEOID": "11001007803", "population": 4491.0, "median_income": 2357.0, "demand_score": 1.7491868673041173 }, "geometry": { "type": "Point", "coordinates": [ -8565211.000000001862645, 4706784.999999999068677 ] } },
{ "type": "Feature", "properties": { "degree": 4, "GEOID": "11001009510", "population": 4918.0, "median_income": 1913.0, "demand_score": 1.7489471797946221 }, "geometry": { "type": "Point", "coordinates": [ -8572254.0, 4713594.999999999068677 ] } },
{ "type": "Feature", "properties": { "degree": 4, "GEOID": "11001011100", "population": 5308.0, "median_income": 1927.0, "demand_score": 1.7486580630337571 }, "geometry": { "type": "Point", "coordinates": [ -8568954.0, 4711325.0 ] } },
{ "type": "Feature", "properties": { "degree": 4, "GEOID": "11001009102", "population": 4753.0, "median_income": 1937.0, "demand_score": 1.7486473181389552 }, "geometry": { "type": "Point", "coordinates": [ -8569715.0, 4710604.0 ] } },
{ "type": "Feature", "properties": { "degree": 3, "GEOID": "11001007803", "population": 4491.0, "median_income": 2357.0, "demand_score": 1.7486444191002759 }, "geometry": { "type": "Point", "coordinates": [ -8565212.0, 4706680.0 ] } },
{ "type": "Feature", "properties": { "degree": 4, "GEOID": "11001009400", "population": 4889.0, "median_income": 1807.0, "demand_score": 1.7483607394483038 }, "geometry": { "type": "Point", "coordinates": [ -8569072.000000001862645, 4713490.999999999068677 ] } },
{ "type": "Feature", "properties": { "degree": 4, "GEOID": "11001011100", "population": 5308.0, "median_income": 1927.0, "demand_score": 1.7483441978616894 }, "geometry": { "type": "Point", "coordinates": [ -8567761.0, 4711187.0 ] } },
{ "type": "Feature", "properties": { "degree": 4, "GEOID": "11001011100", "population": 5308.0, "median_income": 1927.0, "demand_score": 1.747821309902108 }, "geometry": { "type": "Point", "coordinates": [ -8567876.0, 4710864.999999999068677 ] } },
{ "type": "Feature", "properties": { "degree": 3, "GEOID": "11001007803", "population": 4491.0, "median_income": 2357.0, "demand_score": 1.7474132993597027 }, "geometry": { "type": "Point", "coordinates": [ -8565212.0, 4706583.0 ] } },
{ "type": "Feature", "properties": { "degree": 3, "GEOID": "11001007803", "population": 4491.0, "median_income": 2357.0, "demand_score": 1.7473860875934197 }, "geometry": { "type": "Point", "coordinates": [ -8564671.0, 4706797.000000000931323 ] } },
{ "type": "Feature", "properties": { "degree": 5, "GEOID": "11001009102", "population": 4753.0, "median_income": 1937.0, "demand_score": 1.7470417139973091 }, "geometry": { "type": "Point", "coordinates": [ -8569997.999999998137355, 4710873.0 ] } },
{ "type": "Feature", "properties": { "degree": 3, "GEOID": "11001009102", "population": 4753.0, "median_income": 1937.0, "demand_score": 1.7467405953744533 }, "geometry": { "type": "Point", "coordinates": [ -8569263.0, 4710711.999999999068677 ] } },
{ "type": "Feature", "properties": { "degree": 4, "GEOID": "11001011100", "population": 5308.0, "median_income": 1927.0, "demand_score": 1.7466687853251894 }, "geometry": { "type": "Point", "coordinates": [ -8568046.0, 4710711.999999999068677 ] } },
{ "type": "Feature", "properties": { "degree": 3, "GEOID": "11001008802", "population": 4607.0, "median_income": 1891.0, "demand_score": 1.7466391537843662 }, "geometry": { "type": "Point", "coordinates": [ -8570657.0, 4707833.0 ] } },
{ "type": "Feature", "properties": { "degree": 3, "GEOID": "11001011100", "population": 5308.0, "median_income": 1927.0, "demand_score": 1.7464427053404714 }, "geometry": { "type": "Point", "coordinates": [ -8569166.999999998137355, 4711382.0 ] } },
{ "type": "Feature", "properties": { "degree": 4, "GEOID": "11001009102", "population": 4753.0, "median_income": 1937.0, "demand_score": 1.7458160769686262 }, "geometry": { "type": "Point", "coordinates": [ -8569460.0, 4710711.999999999068677 ] } },
{ "type": "Feature", "properties": { "degree": 3, "GEOID": "11001007803", "population": 4491.0, "median_income": 2357.0, "demand_score": 1.7455058954337841 }, "geometry": { "type": "Point", "coordinates": [ -8565212.0, 4706482.0 ] } },
{ "type": "Feature", "properties": { "degree": 3, "GEOID": "11001009000", "population": 3637.0, "median_income": 2289.0, "demand_score": 1.7450438655459142 }, "geometry": { "type": "Point", "coordinates": [ -8566890.0, 4710635.999999999068677 ] } },
{ "type": "Feature", "properties": { "degree": 3, "GEOID": "11001009510", "population": 4918.0, "median_income": 1913.0, "demand_score": 1.7446468346697239 }, "geometry": { "type": "Point", "coordinates": [ -8572402.000000001862645, 4713490.999999999068677 ] } },
{ "type": "Feature", "properties": { "degree": 4, "GEOID": "11001008802", "population": 4607.0, "median_income": 1891.0, "demand_score": 1.7443703575078082 }, "geometry": { "type": "Point", "coordinates": [ -8570508.0, 4707750.0 ] } },
{ "type": "Feature", "properties": { "degree": 4, "GEOID": "11001008802", "population": 4607.0, "median_income": 1891.0, "demand_score": 1.744152832232098 }, "geometry": { "type": "Point", "coordinates": [ -8570781.0, 4707901.000000000931323 ] } },
{ "type": "Feature", "properties": { "degree": 3, "GEOID": "11001009400", "population": 4889.0, "median_income": 1807.0, "demand_score": 1.7439552106480449 }, "geometry": { "type": "Point", "coordinates": [ -8569287.0, 4713184.999999999068677 ] } },
{ "type": "Feature", "properties": { "degree": 3, "GEOID": "11001009102", "population": 4753.0, "median_income": 1937.0, "demand_score": 1.7438407304542753 }, "geometry": { "type": "Point", "coordinates": [ -8569965.0, 4710826.0 ] } },
{ "type": "Feature", "properties": { "degree": 3, "GEOID": "11001011100", "population": 5308.0, "median_income": 1927.0, "demand_score": 1.7434396250843105 }, "geometry": { "type": "Point", "coordinates": [ -8567842.999999998137355, 4711105.000000000931323 ] } },
{ "type": "Feature", "properties": { "degree": 4, "GEOID": "11001011100", "population": 5308.0, "median_income": 1927.0, "demand_score": 1.7433842104303112 }, "geometry": { "type": "Point", "coordinates": [ -8568277.0, 4711018.000000000931323 ] } },
{ "type": "Feature", "properties": { "degree": 4, "GEOID": "11001009102", "population": 4753.0, "median_income": 1937.0, "demand_score": 1.7432476617992489 }, "geometry": { "type": "Point", "coordinates": [ -8569641.0, 4710688.0 ] } },
{ "type": "Feature", "properties": { "degree": 3, "GEOID": "11001007304", "population": 4927.0, "median_income": 2027.0, "demand_score": 1.7432343269641444 }, "geometry": { "type": "Point", "coordinates": [ -8570213.0, 4698313.999999999068677 ] } },
{ "type": "Feature", "properties": { "degree": 4, "GEOID": "11001011100", "population": 5308.0, "median_income": 1927.0, "demand_score": 1.7432259821601472 }, "geometry": { "type": "Point", "coordinates": [ -8567876.0, 4711018.000000000931323 ] } },
{ "type": "Feature", "properties": { "degree": 3, "GEOID": "11001009510", "population": 4918.0, "median_income": 1913.0, "demand_score": 1.7430185506460152 }, "geometry": { "type": "Point", "coordinates": [ -8572236.000000001862645, 4713678.000000000931323 ] } },
{ "type": "Feature", "properties": { "degree": 3, "GEOID": "11001011100", "population": 5308.0, "median_income": 1927.0, "demand_score": 1.7427968515521901 }, "geometry": { "type": "Point", "coordinates": [ -8568603.999999998137355, 4711248.0 ] } },
{ "type": "Feature", "properties": { "degree": 3, "GEOID": "11001011100", "population": 5308.0, "median_income": 1927.0, "demand_score": 1.7421993762350712 }, "geometry": { "type": "Point", "coordinates": [ -8568472.999999998137355, 4711179.0 ] } },
{ "type": "Feature", "properties": { "degree": 4, "GEOID": "11001007803", "population": 4491.0, "median_income": 2357.0, "demand_score": 1.7421608512112903 }, "geometry": { "type": "Point", "coordinates": [ -8565213.0, 4706349.0 ] } },
{ "type": "Feature", "properties": { "degree": 3, "GEOID": "11001008802", "population": 4607.0, "median_income": 1891.0, "demand_score": 1.7420145366699054 }, "geometry": { "type": "Point", "coordinates": [ -8570454.000000001862645, 4707722.0 ] } },
{ "type": "Feature", "properties": { "degree": 3, "GEOID": "11001009510", "population": 4918.0, "median_income": 1913.0, "demand_score": 1.7418986988665477 }, "geometry": { "type": "Point", "coordinates": [ -8572343.0, 4713594.999999999068677 ] } },
{ "type": "Feature", "properties": { "degree": 4, "GEOID": "11001007803", "population": 4491.0, "median_income": 2357.0, "demand_score": 1.7418327202991195 }, "geometry": { "type": "Point", "coordinates": [ -8564832.0, 4706723.000000000931323 ] } },
{ "type": "Feature", "properties": { "degree": 4, "GEOID": "11001011100", "population": 5308.0, "median_income": 1927.0, "demand_score": 1.7416802360944952 }, "geometry": { "type": "Point", "coordinates": [ -8567956.0, 4710711.999999999068677 ] } },
{ "type": "Feature", "properties": { "degree": 3, "GEOID": "11001009510", "population": 4918.0, "median_income": 1913.0, "demand_score": 1.7415216096464645 }, "geometry": { "type": "Point", "coordinates": [ -8572225.000000001862645, 4713702.999999999068677 ] } },
{ "type": "Feature", "properties": { "degree": 3, "GEOID": "11001009000", "population": 3637.0, "median_income": 2289.0, "demand_score": 1.7409960341782216 }, "geometry": { "type": "Point", "coordinates": [ -8566933.0, 4710588.0 ] } },
{ "type": "Feature", "properties": { "degree": 3, "GEOID": "11001011100", "population": 5308.0, "median_income": 1927.0, "demand_score": 1.7409516368452991 }, "geometry": { "type": "Point", "coordinates": [ -8567153.0, 4709135.999999999068677 ] } },
{ "type": "Feature", "properties": { "degree": 4, "GEOID": "11001009510", "population": 4918.0, "median_income": 1913.0, "demand_score": 1.7403807445508961 }, "geometry": { "type": "Point", "coordinates": [ -8572495.0, 4713423.0 ] } },
{ "type": "Feature", "properties": { "degree": 3, "GEOID": "11001011100", "population": 5308.0, "median_income": 1927.0, "demand_score": 1.7403049650559683 }, "geometry": { "type": "Point", "coordinates": [ -8567863.0, 4711129.0 ] } },
{ "type": "Feature", "properties": { "degree": 4, "GEOID": "11001011100", "population": 5308.0, "median_income": 1927.0, "demand_score": 1.7398634513658084 }, "geometry": { "type": "Point", "coordinates": [ -8567763.0, 4709458.999999999068677 ] } },
{ "type": "Feature", "properties": { "degree": 4, "GEOID": "11001009400", "population": 4889.0, "median_income": 1807.0, "demand_score": 1.7395604042231247 }, "geometry": { "type": "Point", "coordinates": [ -8569072.000000001862645, 4713338.0 ] } },
{ "type": "Feature", "properties": { "degree": 3, "GEOID": "11001007304", "population": 4927.0, "median_income": 2027.0, "demand_score": 1.7394523477536343 }, "geometry": { "type": "Point", "coordinates": [ -8570173.0, 4698254.999999999068677 ] } },
{ "type": "Feature", "properties": { "degree": 4, "GEOID": "11001011100", "population": 5308.0, "median_income": 1927.0, "demand_score": 1.7380459742694661 }, "geometry": { "type": "Point", "coordinates": [ -8567425.0, 4711769.999999999068677 ] } },
{ "type": "Feature", "properties": { "degree": 5, "GEOID": "11001009400", "population": 4889.0, "median_income": 1807.0, "demand_score": 1.7376344616116177 }, "geometry": { "type": "Point", "coordinates": [ -8569187.0, 4713189.999999999068677 ] } },
{ "type": "Feature", "properties": { "degree": 3, "GEOID": "11001011100", "population": 5308.0, "median_income": 1927.0, "demand_score": 1.7375618781447204 }, "geometry": { "type": "Point", "coordinates": [ -8567692.0, 4711488.0 ] } },
{ "type": "Feature", "properties": { "degree": 2, "GEOID": "11001009510", "population": 4918.0, "median_income": 1913.0, "demand_score": 1.7375505704349741 }, "geometry": { "type": "Point", "coordinates": [ -8572398.999999998137355, 4713591.0 ] } },
{ "type": "Feature", "properties": { "degree": 3, "GEOID": "11001011100", "population": 5308.0, "median_income": 1927.0, "demand_score": 1.7375491625833224 }, "geometry": { "type": "Point", "coordinates": [ -8568954.0, 4711424.999999999068677 ] } },
{ "type": "Feature", "properties": { "degree": 3, "GEOID": "11001011100", "population": 5308.0, "median_income": 1927.0, "demand_score": 1.7373718131308478 }, "geometry": { "type": "Point", "coordinates": [ -8567735.0, 4709483.000000000931323 ] } },
{ "type": "Feature", "properties": { "degree": 3, "GEOID": "11001009400", "population": 4889.0, "median_income": 1807.0, "demand_score": 1.737078049921287 }, "geometry": { "type": "Point", "coordinates": [ -8568915.999999998137355, 4713725.000000000931323 ] } },
{ "type": "Feature", "properties": { "degree": 3, "GEOID": "11001011100", "population": 5308.0, "median_income": 1927.0, "demand_score": 1.7367513261738443 }, "geometry": { "type": "Point", "coordinates": [ -8568648.0, 4711328.0 ] } },
{ "type": "Feature", "properties": { "degree": 4, "GEOID": "11001011100", "population": 5308.0, "median_income": 1927.0, "demand_score": 1.7362590477230575 }, "geometry": { "type": "Point", "coordinates": [ -8568046.0, 4710864.999999999068677 ] } },
{ "type": "Feature", "properties": { "degree": 4, "GEOID": "11001007803", "population": 4491.0, "median_income": 2357.0, "demand_score": 1.736194624566334 }, "geometry": { "type": "Point", "coordinates": [ -8564672.0, 4706697.0 ] } },
{ "type": "Feature", "properties": { "degree": 3, "GEOID": "11001001100", "population": 4727.0, "median_income": 2109.0, "demand_score": 1.7361291716645375 }, "geometry": { "type": "Point", "coordinates": [ -8579535.0, 4715518.0 ] } },
{ "type": "Feature", "properties": { "degree": 4, "GEOID": "11001011100", "population": 5308.0, "median_income": 1927.0, "demand_score": 1.7359755538276596 }, "geometry": { "type": "Point", "coordinates": [ -8568343.999999998137355, 4708522.999999999068677 ] } },
{ "type": "Feature", "properties": { "degree": 4, "GEOID": "11001009400", "population": 4889.0, "median_income": 1807.0, "demand_score": 1.7359465457564331 }, "geometry": { "type": "Point", "coordinates": [ -8568954.0, 4713492.0 ] } },
{ "type": "Feature", "properties": { "degree": 2, "GEOID": "11001011100", "population": 5308.0, "median_income": 1927.0, "demand_score": 1.7357425123892005 }, "geometry": { "type": "Point", "coordinates": [ -8568183.0, 4711021.999999999068677 ] } },
{ "type": "Feature", "properties": { "degree": 3, "GEOID": "11001009510", "population": 4918.0, "median_income": 1913.0, "demand_score": 1.7356660824568824 }, "geometry": { "type": "Point", "coordinates": [ -8572185.0, 4713793.000000000931323 ] } },
{ "type": "Feature", "properties": { "degree": 3, "GEOID": "11001011100", "population": 5308.0, "median_income": 1927.0, "demand_score": 1.7349033135352689 }, "geometry": { "type": "Point", "coordinates": [ -8568531.999999998137355, 4711288.0 ] } },
{ "type": "Feature", "properties": { "degree": 2, "GEOID": "11001011100", "population": 5308.0, "median_income": 1927.0, "demand_score": 1.7345758354718874 }, "geometry": { "type": "Point", "coordinates": [ -8568286.999999998137355, 4707850.999999999068677 ] } },
{ "type": "Feature", "properties": { "degree": 3, "GEOID": "11001011100", "population": 5308.0, "median_income": 1927.0, "demand_score": 1.7345655439116707 }, "geometry": { "type": "Point", "coordinates": [ -8567297.0, 4711905.000000000931323 ] } },
{ "type": "Feature", "properties": { "degree": 4, "GEOID": "11001009102", "population": 4753.0, "median_income": 1937.0, "demand_score": 1.7333670315049514 }, "geometry": { "type": "Point", "coordinates": [ -8569871.0, 4710742.000000000931323 ] } },
{ "type": "Feature", "properties": { "degree": 3, "GEOID": "11001001303", "population": 3580.0, "median_income": 2279.0, "demand_score": 1.7326362559662654 }, "geometry": { "type": "Point", "coordinates": [ -8578128.0, 4713376.0 ] } },
{ "type": "Feature", "properties": { "degree": 3, "GEOID": "11001011100", "population": 5308.0, "median_income": 1927.0, "demand_score": 1.7325362167857068 }, "geometry": { "type": "Point", "coordinates": [ -8568389.0, 4711225.0 ] } },
{ "type": "Feature", "properties": { "degree": 4, "GEOID": "11001006700", "population": 4058.0, "median_income": 2067.0, "demand_score": 1.7324311513547619 }, "geometry": { "type": "Point", "coordinates": [ -8570782.0, 4705583.999999999068677 ] } },
{ "type": "Feature", "properties": { "degree": 5, "GEOID": "11001009400", "population": 4889.0, "median_income": 1807.0, "demand_score": 1.7323945245620946 }, "geometry": { "type": "Point", "coordinates": [ -8569391.0, 4713020.999999999068677 ] } },
{ "type": "Feature", "properties": { "degree": 4, "GEOID": "11001001100", "population": 4727.0, "median_income": 2109.0, "demand_score": 1.7323687912686438 }, "geometry": { "type": "Point", "coordinates": [ -8579517.0, 4715547.0 ] } },
{ "type": "Feature", "properties": { "degree": 3, "GEOID": "11001008802", "population": 4607.0, "median_income": 1891.0, "demand_score": 1.7323128082746626 }, "geometry": { "type": "Point", "coordinates": [ -8570298.0, 4707635.999999999068677 ] } },
{ "type": "Feature", "properties": { "degree": 3, "GEOID": "11001011100", "population": 5308.0, "median_income": 1927.0, "demand_score": 1.73221000458437 }, "geometry": { "type": "Point", "coordinates": [ -8568725.999999998137355, 4708163.0 ] } },
{ "type": "Feature", "properties": { "degree": 3, "GEOID": "11001007502", "population": 5073.0, "median_income": 1818.0, "demand_score": 1.7319424527762937 }, "geometry": { "type": "Point", "coordinates": [ -8567781.0, 4700721.999999999068677 ] } },
{ "type": "Feature", "properties": { "degree": 4, "GEOID": "11001006700", "population": 4058.0, "median_income": 2067.0, "demand_score": 1.7318715762646555 }, "geometry": { "type": "Point", "coordinates": [ -8569987.999999998137355, 4705456.000000000931323 ] } },
{ "type": "Feature", "properties": { "degree": 3, "GEOID": "11001007803", "population": 4491.0, "median_income": 2357.0, "demand_score": 1.7318633071829879 }, "geometry": { "type": "Point", "coordinates": [ -8564351.0, 4706747.999999999068677 ] } },
{ "type": "Feature", "properties": { "degree": 3, "GEOID": "11001007502", "population": 5073.0, "median_income": 1818.0, "demand_score": 1.731856665546363 }, "geometry": { "type": "Point", "coordinates": [ -8568642.0, 4700972.999999999068677 ] } },
{ "type": "Feature", "properties": { "degree": 3, "GEOID": "11001011100", "population": 5308.0, "median_income": 1927.0, "demand_score": 1.7314286061924564 }, "geometry": { "type": "Point", "coordinates": [ -8568500.0, 4711305.000000000931323 ] } },
{ "type": "Feature", "properties": { "degree": 2, "GEOID": "11001007502", "population": 5073.0, "median_income": 1818.0, "demand_score": 1.7314090525780514 }, "geometry": { "type": "Point", "coordinates": [ -8568158.0, 4700735.999999999068677 ] } },
{ "type": "Feature", "properties": { "degree": 4, "GEOID": "11001007803", "population": 4491.0, "median_income": 2357.0, "demand_score": 1.7300095694387367 }, "geometry": { "type": "Point", "coordinates": [ -8564832.0, 4706619.0 ] } },
{ "type": "Feature", "properties": { "degree": 4, "GEOID": "11001006700", "population": 4058.0, "median_income": 2067.0, "demand_score": 1.7299038032057723 }, "geometry": { "type": "Point", "coordinates": [ -8570906.0, 4705696.0 ] } },
{ "type": "Feature", "properties": { "degree": 3, "GEOID": "11001001301", "population": 4041.0, "median_income": 2080.0, "demand_score": 1.7298976409209148 }, "geometry": { "type": "Point", "coordinates": [ -8578856.0, 4714617.0 ] } },
{ "type": "Feature", "properties": { "degree": 4, "GEOID": "11001006700", "population": 4058.0, "median_income": 2067.0, "demand_score": 1.7298933741112583 }, "geometry": { "type": "Point", "coordinates": [ -8571040.0, 4705738.999999999068677 ] } },
{ "type": "Feature", "properties": { "degree": 3, "GEOID": "11001007502", "population": 5073.0, "median_income": 1818.0, "demand_score": 1.7297272050975805 }, "geometry": { "type": "Point", "coordinates": [ -8568001.0, 4700703.0 ] } },
{ "type": "Feature", "properties": { "degree": 5, "GEOID": "11001006700", "population": 4058.0, "median_income": 2067.0, "demand_score": 1.7295072674365168 }, "geometry": { "type": "Point", "coordinates": [ -8570515.0, 4705276.000000000931323 ] } },
{ "type": "Feature", "properties": { "degree": 3, "GEOID": "11001011100", "population": 5308.0, "median_income": 1927.0, "demand_score": 1.7294367264949124 }, "geometry": { "type": "Point", "coordinates": [ -8568145.0, 4711061.999999999068677 ] } },
{ "type": "Feature", "properties": { "degree": 4, "GEOID": "11001009102", "population": 4753.0, "median_income": 1937.0, "demand_score": 1.729291232215461 }, "geometry": { "type": "Point", "coordinates": [ -8569263.0, 4710864.999999999068677 ] } },
{ "type": "Feature", "properties": { "degree": 3, "GEOID": "11001001303", "population": 3580.0, "median_income": 2279.0, "demand_score": 1.7291835501318329 }, "geometry": { "type": "Point", "coordinates": [ -8577434.0, 4713146.0 ] } },
{ "type": "Feature", "properties": { "degree": 3, "GEOID": "11001009510", "population": 4918.0, "median_income": 1913.0, "demand_score": 1.7290120365200154 }, "geometry": { "type": "Point", "coordinates": [ -8572331.999999998137355, 4713757.999999999068677 ] } },
{ "type": "Feature", "properties": { "degree": 3, "GEOID": "11001009400", "population": 4889.0, "median_income": 1807.0, "demand_score": 1.7287431287099675 }, "geometry": { "type": "Point", "coordinates": [ -8569286.0, 4713032.0 ] } },
{ "type": "Feature", "properties": { "degree": 4, "GEOID": "11001009102", "population": 4753.0, "median_income": 1937.0, "demand_score": 1.7285179280167664 }, "geometry": { "type": "Point", "coordinates": [ -8569459.0, 4710864.999999999068677 ] } },
{ "type": "Feature", "properties": { "degree": 4, "GEOID": "11001009400", "population": 4889.0, "median_income": 1807.0, "demand_score": 1.7282672591302903 }, "geometry": { "type": "Point", "coordinates": [ -8568954.0, 4713338.0 ] } },
{ "type": "Feature", "properties": { "degree": 3, "GEOID": "11001001301", "population": 4041.0, "median_income": 2080.0, "demand_score": 1.7282390516941661 }, "geometry": { "type": "Point", "coordinates": [ -8578606.0, 4714545.999999999068677 ] } },
{ "type": "Feature", "properties": { "degree": 4, "GEOID": "11001008802", "population": 4607.0, "median_income": 1891.0, "demand_score": 1.7281824830081298 }, "geometry": { "type": "Point", "coordinates": [ -8570438.999999998137355, 4707879.0 ] } },
{ "type": "Feature", "properties": { "degree": 2, "GEOID": "11001001301", "population": 4041.0, "median_income": 2080.0, "demand_score": 1.7281489696207533 }, "geometry": { "type": "Point", "coordinates": [ -8578760.0, 4714614.999999999068677 ] } },
{ "type": "Feature", "properties": { "degree": 3, "GEOID": "11001011100", "population": 5308.0, "median_income": 1927.0, "demand_score": 1.728118064079649 }, "geometry": { "type": "Point", "coordinates": [ -8567749.0, 4711550.0 ] } },
{ "type": "Feature", "properties": { "degree": 3, "GEOID": "11001009510", "population": 4918.0, "median_income": 1913.0, "demand_score": 1.7280223056262092 }, "geometry": { "type": "Point", "coordinates": [ -8572140.999999998137355, 4713895.999999999068677 ] } },
{ "type": "Feature", "properties": { "degree": 5, "GEOID": "11001011100", "population": 5308.0, "median_income": 1927.0, "demand_score": 1.7278543872590597 }, "geometry": { "type": "Point", "coordinates": [ -8568954.0, 4711512.0 ] } },
{ "type": "Feature", "properties": { "degree": 2, "GEOID": "11001011100", "population": 5308.0, "median_income": 1927.0, "demand_score": 1.7274274049064182 }, "geometry": { "type": "Point", "coordinates": [ -8568461.0, 4711322.999999999068677 ] } },
{ "type": "Feature", "properties": { "degree": 3, "GEOID": "11001001303", "population": 3580.0, "median_income": 2279.0, "demand_score": 1.7269075893548682 }, "geometry": { "type": "Point", "coordinates": [ -8578183.0, 4714002.999999999068677 ] } },
{ "type": "Feature", "properties": { "degree": 3, "GEOID": "11001006700", "population": 4058.0, "median_income": 2067.0, "demand_score": 1.7266581868692517 }, "geometry": { "type": "Point", "coordinates": [ -8570300.0, 4705471.0 ] } },
{ "type": "Feature", "properties": { "degree": 3, "GEOID": "11001009400", "population": 4889.0, "median_income": 1807.0, "demand_score": 1.7265146798829076 }, "geometry": { "type": "Point", "coordinates": [ -8569074.0, 4713160.999999998137355 ] } },
{ "type": "Feature", "properties": { "degree": 4, "GEOID": "11001001303", "population": 3580.0, "median_income": 2279.0, "demand_score": 1.7260193855058912 }, "geometry": { "type": "Point", "coordinates": [ -8577725.000000001862645, 4713176.0 ] } },
{ "type": "Feature", "properties": { "degree": 4, "GEOID": "11001006700", "population": 4058.0, "median_income": 2067.0, "demand_score": 1.725429607006322 }, "geometry": { "type": "Point", "coordinates": [ -8570906.0, 4705738.999999999068677 ] } },
{ "type": "Feature", "properties": { "degree": 2, "GEOID": "11001011100", "population": 5308.0, "median_income": 1927.0, "demand_score": 1.7252940009421533 }, "geometry": { "type": "Point", "coordinates": [ -8568040.999999998137355, 4711014.999999999068677 ] } },
{ "type": "Feature", "properties": { "degree": 3, "GEOID": "11001001301", "population": 4041.0, "median_income": 2080.0, "demand_score": 1.725012850898652 }, "geometry": { "type": "Point", "coordinates": [ -8577629.999999998137355, 4714274.999999999068677 ] } },
{ "type": "Feature", "properties": { "degree": 3, "GEOID": "11001011100", "population": 5308.0, "median_income": 1927.0, "demand_score": 1.7249041370979583 }, "geometry": { "type": "Point", "coordinates": [ -8568617.0, 4708163.0 ] } },
{ "type": "Feature", "properties": { "degree": 4, "GEOID": "11001006700", "population": 4058.0, "median_income": 2067.0, "demand_score": 1.7248830249591514 }, "geometry": { "type": "Point", "coordinates": [ -8569781.0, 4705584.999999999068677 ] } },
{ "type": "Feature", "properties": { "degree": 4, "GEOID": "11001011100", "population": 5308.0, "median_income": 1927.0, "demand_score": 1.7247809104206988 }, "geometry": { "type": "Point", "coordinates": [ -8567959.0, 4711249.999999999068677 ] } },
{ "type": "Feature", "properties": { "degree": 3, "GEOID": "11001001301", "population": 4041.0, "median_income": 2080.0, "demand_score": 1.7246000781945376 }, "geometry": { "type": "Point", "coordinates": [ -8577408.0, 4715341.999999999068677 ] } },
{ "type": "Feature", "properties": { "degree": 3, "GEOID": "11001009102", "population": 4753.0, "median_income": 1937.0, "demand_score": 1.724569978831652 }, "geometry": { "type": "Point", "coordinates": [ -8569795.999999998137355, 4710826.0 ] } },
{ "type": "Feature", "properties": { "degree": 5, "GEOID": "11001001301", "population": 4041.0, "median_income": 2080.0, "demand_score": 1.7244636756644651 }, "geometry": { "type": "Point", "coordinates": [ -8578462.999999998137355, 4714467.0 ] } },
{ "type": "Feature", "properties": { "degree": 3, "GEOID": "11001007803", "population": 4491.0, "median_income": 2357.0, "demand_score": 1.724437346615824 }, "geometry": { "type": "Point", "coordinates": [ -8564674.0, 4706591.999999999068677 ] } },
{ "type": "Feature", "properties": { "degree": 3, "GEOID": "11001008802", "population": 4607.0, "median_income": 1891.0, "demand_score": 1.7242438676987519 }, "geometry": { "type": "Point", "coordinates": [ -8570200.0, 4707583.0 ] } },
{ "type": "Feature", "properties": { "degree": 3, "GEOID": "11001009510", "population": 4918.0, "median_income": 1913.0, "demand_score": 1.723831132354416 }, "geometry": { "type": "Point", "coordinates": [ -8572617.0, 4713500.999999999068677 ] } },
{ "type": "Feature", "properties": { "degree": 3, "GEOID": "11001009400", "population": 4889.0, "median_income": 1807.0, "demand_score": 1.7237589866519667 }, "geometry": { "type": "Point", "coordinates": [ -8568841.0, 4713492.0 ] } },
{ "type": "Feature", "properties": { "degree": 3, "GEOID": "11001011100", "population": 5308.0, "median_income": 1927.0, "demand_score": 1.723579119498881 }, "geometry": { "type": "Point", "coordinates": [ -8567913.999999998137355, 4708803.999999999068677 ] } },
{ "type": "Feature", "properties": { "degree": 4, "GEOID": "11001011100", "population": 5308.0, "median_income": 1927.0, "demand_score": 1.7232931099036231 }, "geometry": { "type": "Point", "coordinates": [ -8567692.0, 4709203.0 ] } },
{ "type": "Feature", "properties": { "degree": 3, "GEOID": "11001009000", "population": 3637.0, "median_income": 2289.0, "demand_score": 1.7232672136655343 }, "geometry": { "type": "Point", "coordinates": [ -8567047.0, 4710779.000000000931323 ] } },
{ "type": "Feature", "properties": { "degree": 4, "GEOID": "11001011100", "population": 5308.0, "median_income": 1927.0, "demand_score": 1.7232359960225154 }, "geometry": { "type": "Point", "coordinates": [ -8566951.0, 4708876.000000000931323 ] } },
{ "type": "Feature", "properties": { "degree": 4, "GEOID": "11001006700", "population": 4058.0, "median_income": 2067.0, "demand_score": 1.723190807777772 }, "geometry": { "type": "Point", "coordinates": [ -8570515.0, 4705360.999999999068677 ] } },
{ "type": "Feature", "properties": { "degree": 4, "GEOID": "11001011100", "population": 5308.0, "median_income": 1927.0, "demand_score": 1.7231223331579353 }, "geometry": { "type": "Point", "coordinates": [ -8568390.0, 4711324.0 ] } },
{ "type": "Feature", "properties": { "degree": 3, "GEOID": "11001001303", "population": 3580.0, "median_income": 2279.0, "demand_score": 1.7231058961690726 }, "geometry": { "type": "Point", "coordinates": [ -8578128.0, 4713219.999999999068677 ] } },
{ "type": "Feature", "properties": { "degree": 4, "GEOID": "11001009400", "population": 4889.0, "median_income": 1807.0, "demand_score": 1.7230641158742066 }, "geometry": { "type": "Point", "coordinates": [ -8569187.0, 4713032.0 ] } },
{ "type": "Feature", "properties": { "degree": 3, "GEOID": "11001011100", "population": 5308.0, "median_income": 1927.0, "demand_score": 1.7227116599408725 }, "geometry": { "type": "Point", "coordinates": [ -8568502.0, 4711392.999999999068677 ] } },
{ "type": "Feature", "properties": { "degree": 3, "GEOID": "11001006700", "population": 4058.0, "median_income": 2067.0, "demand_score": 1.721952349773578 }, "geometry": { "type": "Point", "coordinates": [ -8570831.000000001862645, 4705734.999999999068677 ] } },
{ "type": "Feature", "properties": { "degree": 4, "GEOID": "11001006700", "population": 4058.0, "median_income": 2067.0, "demand_score": 1.7218579827357263 }, "geometry": { "type": "Point", "coordinates": [ -8570658.0, 4705583.999999999068677 ] } },
{ "type": "Feature", "properties": { "degree": 3, "GEOID": "11001009102", "population": 4753.0, "median_income": 1937.0, "demand_score": 1.7217968301485636 }, "geometry": { "type": "Point", "coordinates": [ -8569794.999999998137355, 4710993.0 ] } },
{ "type": "Feature", "properties": { "degree": 2, "GEOID": "11001007502", "population": 5073.0, "median_income": 1818.0, "demand_score": 1.7214831703028821 }, "geometry": { "type": "Point", "coordinates": [ -8568084.0, 4700636.999999999068677 ] } },
{ "type": "Feature", "properties": { "degree": 3, "GEOID": "11001009102", "population": 4753.0, "median_income": 1937.0, "demand_score": 1.7214792296474231 }, "geometry": { "type": "Point", "coordinates": [ -8569772.0, 4710864.999999999068677 ] } },
{ "type": "Feature", "properties": { "degree": 3, "GEOID": "11001001301", "population": 4041.0, "median_income": 2080.0, "demand_score": 1.7211313834134512 }, "geometry": { "type": "Point", "coordinates": [ -8578856.0, 4714694.0 ] } },
{ "type": "Feature", "properties": { "degree": 4, "GEOID": "11001007502", "population": 5073.0, "median_income": 1818.0, "demand_score": 1.7208962930454272 }, "geometry": { "type": "Point", "coordinates": [ -8568160.999999998137355, 4700643.0 ] } },
{ "type": "Feature", "properties": { "degree": 4, "GEOID": "11001007803", "population": 4491.0, "median_income": 2357.0, "demand_score": 1.7206954650513042 }, "geometry": { "type": "Point", "coordinates": [ -8564351.0, 4706643.999999999068677 ] } },
{ "type": "Feature", "properties": { "degree": 3, "GEOID": "11001011100", "population": 5308.0, "median_income": 1927.0, "demand_score": 1.7197669727843823 }, "geometry": { "type": "Point", "coordinates": [ -8567676.0, 4709160.000000000931323 ] } },
{ "type": "Feature", "properties": { "degree": 2, "GEOID": "11001009510", "population": 4918.0, "median_income": 1913.0, "demand_score": 1.7197325654759092 }, "geometry": { "type": "Point", "coordinates": [ -8571676.0, 4714103.000000000931323 ] } },
{ "type": "Feature", "properties": { "degree": 4, "GEOID": "11001006700", "population": 4058.0, "median_income": 2067.0, "demand_score": 1.719698267160386 }, "geometry": { "type": "Point", "coordinates": [ -8569987.999999998137355, 4705738.0 ] } },
{ "type": "Feature", "properties": { "degree": 3, "GEOID": "11001009000", "population": 3637.0, "median_income": 2289.0, "demand_score": 1.7196071535871911 }, "geometry": { "type": "Point", "coordinates": [ -8567096.000000001862645, 4710730.999999999068677 ] } },
{ "type": "Feature", "properties": { "degree": 3, "GEOID": "11001007803", "population": 4491.0, "median_income": 2357.0, "demand_score": 1.7191875737972295 }, "geometry": { "type": "Point", "coordinates": [ -8565031.0, 4706253.999999999068677 ] } },
{ "type": "Feature", "properties": { "degree": 4, "GEOID": "11001007803", "population": 4491.0, "median_income": 2357.0, "demand_score": 1.7187597409813655 }, "geometry": { "type": "Point", "coordinates": [ -8564833.0, 4706519.999999999068677 ] } },
{ "type": "Feature", "properties": { "degree": 5, "GEOID": "11001006700", "population": 4058.0, "median_income": 2067.0, "demand_score": 1.7183158653808042 }, "geometry": { "type": "Point", "coordinates": [ -8569781.0, 4705517.000000000931323 ] } },
{ "type": "Feature", "properties": { "degree": 3, "GEOID": "11001009400", "population": 4889.0, "median_income": 1807.0, "demand_score": 1.718305877299694 }, "geometry": { "type": "Point", "coordinates": [ -8568955.0, 4713184.999999999068677 ] } },
{ "type": "Feature", "properties": { "degree": 3, "GEOID": "11001008802", "population": 4607.0, "median_income": 1891.0, "demand_score": 1.7182495027137574 }, "geometry": { "type": "Point", "coordinates": [ -8570134.000000001862645, 4707546.0 ] } },
{ "type": "Feature", "properties": { "degree": 3, "GEOID": "11001009510", "population": 4918.0, "median_income": 1913.0, "demand_score": 1.7175621834377217 }, "geometry": { "type": "Point", "coordinates": [ -8572295.0, 4714267.000000000931323 ] } },
{ "type": "Feature", "properties": { "degree": 4, "GEOID": "11001006700", "population": 4058.0, "median_income": 2067.0, "demand_score": 1.7174776124078091 }, "geometry": { "type": "Point", "coordinates": [ -8569987.999999998137355, 4705583.999999999068677 ] } },
{ "type": "Feature", "properties": { "degree": 3, "GEOID": "11001009400", "population": 4889.0, "median_income": 1807.0, "demand_score": 1.7168649346615097 }, "geometry": { "type": "Point", "coordinates": [ -8568840.0, 4713338.0 ] } },
{ "type": "Feature", "properties": { "degree": 3, "GEOID": "11001008802", "population": 4607.0, "median_income": 1891.0, "demand_score": 1.7166233886681388 }, "geometry": { "type": "Point", "coordinates": [ -8570117.0, 4707536.999999999068677 ] } },
{ "type": "Feature", "properties": { "degree": 4, "GEOID": "11001006700", "population": 4058.0, "median_income": 2067.0, "demand_score": 1.7164869462552672 }, "geometry": { "type": "Point", "coordinates": [ -8570782.0, 4705761.0 ] } },
{ "type": "Feature", "properties": { "degree": 4, "GEOID": "11001006700", "population": 4058.0, "median_income": 2067.0, "demand_score": 1.7160930870613782 }, "geometry": { "type": "Point", "coordinates": [ -8569906.0, 4705587.0 ] } },
{ "type": "Feature", "properties": { "degree": 4, "GEOID": "11001011100", "population": 5308.0, "median_income": 1927.0, "demand_score": 1.7159490689298784 }, "geometry": { "type": "Point", "coordinates": [ -8568277.0, 4711324.0 ] } },
{ "type": "Feature", "properties": { "degree": 3, "GEOID": "11001007803", "population": 4491.0, "median_income": 2357.0, "demand_score": 1.7159004525660606 }, "geometry": { "type": "Point", "coordinates": [ -8564971.000000001862645, 4706369.999999999068677 ] } },
{ "type": "Feature", "properties": { "degree": 4, "GEOID": "11001001301", "population": 4041.0, "median_income": 2080.0, "demand_score": 1.7155846911402926 }, "geometry": { "type": "Point", "coordinates": [ -8577914.0, 4714211.0 ] } },
{ "type": "Feature", "properties": { "degree": 3, "GEOID": "11001009000", "population": 3637.0, "median_income": 2289.0, "demand_score": 1.7155176491500841 }, "geometry": { "type": "Point", "coordinates": [ -8567093.999999998137355, 4710843.999999999068677 ] } },
{ "type": "Feature", "properties": { "degree": 3, "GEOID": "11001011100", "population": 5308.0, "median_income": 1927.0, "demand_score": 1.714904337022473 }, "geometry": { "type": "Point", "coordinates": [ -8568472.0, 4707890.999999999068677 ] } },
{ "type": "Feature", "properties": { "degree": 3, "GEOID": "11001009000", "population": 3637.0, "median_income": 2289.0, "demand_score": 1.7148542495907693 }, "geometry": { "type": "Point", "coordinates": [ -8567163.0, 4710581.0 ] } },
{ "type": "Feature", "properties": { "degree": 6, "GEOID": "11001006700", "population": 4058.0, "median_income": 2067.0, "demand_score": 1.7145345876315372 }, "geometry": { "type": "Point", "coordinates": [ -8570300.0, 4705583.999999999068677 ] } },
{ "type": "Feature", "properties": { "degree": 3, "GEOID": "11001009510", "population": 4918.0, "median_income": 1913.0, "demand_score": 1.7143909952352472 }, "geometry": { "type": "Point", "coordinates": [ -8572439.0, 4713834.999999999068677 ] } },
{ "type": "Feature", "properties": { "degree": 4, "GEOID": "11001009400", "population": 4889.0, "median_income": 1807.0, "demand_score": 1.7142157676940599 }, "geometry": { "type": "Point", "coordinates": [ -8568954.0, 4713130.999999999068677 ] } },
{ "type": "Feature", "properties": { "degree": 3, "GEOID": "11001001301", "population": 4041.0, "median_income": 2080.0, "demand_score": 1.7142154938773251 }, "geometry": { "type": "Point", "coordinates": [ -8579140.0, 4714716.0 ] } },
{ "type": "Feature", "properties": { "degree": 3, "GEOID": "11001006700", "population": 4058.0, "median_income": 2067.0, "demand_score": 1.7140801437513717 }, "geometry": { "type": "Point", "coordinates": [ -8570515.0, 4705471.0 ] } },
{ "type": "Feature", "properties": { "degree": 3, "GEOID": "11001011100", "population": 5308.0, "median_income": 1927.0, "demand_score": 1.7137162804293822 }, "geometry": { "type": "Point", "coordinates": [ -8568026.999999998137355, 4711332.999999999068677 ] } },
{ "type": "Feature", "properties": { "degree": 3, "GEOID": "11001001303", "population": 3580.0, "median_income": 2279.0, "demand_score": 1.7135760594343517 }, "geometry": { "type": "Point", "coordinates": [ -8578025.0, 4713219.999999999068677 ] } },
{ "type": "Feature", "properties": { "degree": 4, "GEOID": "11001009102", "population": 4753.0, "median_income": 1937.0, "demand_score": 1.7133916118395716 }, "geometry": { "type": "Point", "coordinates": [ -8569729.0, 4711033.999999999068677 ] } },
{ "type": "Feature", "properties": { "degree": 2, "GEOID": "11001011100", "population": 5308.0, "median_income": 1927.0, "demand_score": 1.7132112538030726 }, "geometry": { "type": "Point", "coordinates": [ -8568274.0, 4708328.0 ] } },
{ "type": "Feature", "properties": { "degree": 3, "GEOID": "11001011100", "population": 5308.0, "median_income": 1927.0, "demand_score": 1.7126969457786529 }, "geometry": { "type": "Point", "coordinates": [ -8568799.999999998137355, 4711609.0 ] } },
{ "type": "Feature", "properties": { "degree": 3, "GEOID": "11001007502", "population": 5073.0, "median_income": 1818.0, "demand_score": 1.7126953065080488 }, "geometry": { "type": "Point", "coordinates": [ -8567781.0, 4700553.0 ] } },
{ "type": "Feature", "properties": { "degree": 4, "GEOID": "11001006700", "population": 4058.0, "median_income": 2067.0, "demand_score": 1.7124893767946949 }, "geometry": { "type": "Point", "coordinates": [ -8569987.999999998137355, 4705629.000000000931323 ] } },
{ "type": "Feature", "properties": { "degree": 4, "GEOID": "11001009102", "population": 4753.0, "median_income": 1937.0, "demand_score": 1.7118320369881552 }, "geometry": { "type": "Point", "coordinates": [ -8569263.0, 4711018.000000000931323 ] } },
{ "type": "Feature", "properties": { "degree": 3, "GEOID": "11001007304", "population": 4927.0, "median_income": 2027.0, "demand_score": 1.711825969665292 }, "geometry": { "type": "Point", "coordinates": [ -8569934.0, 4697908.999999999068677 ] } },
{ "type": "Feature", "properties": { "degree": 3, "GEOID": "11001009510", "population": 4918.0, "median_income": 1913.0, "demand_score": 1.7116522197646642 }, "geometry": { "type": "Point", "coordinates": [ -8572561.0, 4714137.999999999068677 ] } },
{ "type": "Feature", "properties": { "degree": 3, "GEOID": "11001011100", "population": 5308.0, "median_income": 1927.0, "demand_score": 1.7115639439942227 }, "geometry": { "type": "Point", "coordinates": [ -8567849.0, 4711658.000000000931323 ] } },
{ "type": "Feature", "properties": { "degree": 4, "GEOID": "11001001301", "population": 4041.0, "median_income": 2080.0, "demand_score": 1.7115596301199494 }, "geometry": { "type": "Point", "coordinates": [ -8578856.0, 4714777.999999999068677 ] } },
{ "type": "Feature", "properties": { "degree": 4, "GEOID": "11001008802", "population": 4607.0, "median_income": 1891.0, "demand_score": 1.7114051688314942 }, "geometry": { "type": "Point", "coordinates": [ -8570368.0, 4708010.999999999068677 ] } },
{ "type": "Feature", "properties": { "degree": 4, "GEOID": "11001008802", "population": 4607.0, "median_income": 1891.0, "demand_score": 1.7113903724907069 }, "geometry": { "type": "Point", "coordinates": [ -8570130.0, 4707708.999999999068677 ] } },
{ "type": "Feature", "properties": { "degree": 4, "GEOID": "11001009102", "population": 4753.0, "median_income": 1937.0, "demand_score": 1.7111453771945886 }, "geometry": { "type": "Point", "coordinates": [ -8569460.0, 4711018.000000000931323 ] } },
{ "type": "Feature", "properties": { "degree": 3, "GEOID": "11001011100", "population": 5308.0, "median_income": 1927.0, "demand_score": 1.7109454616549451 }, "geometry": { "type": "Point", "coordinates": [ -8568283.999999998137355, 4708163.0 ] } },
{ "type": "Feature", "properties": { "degree": 3, "GEOID": "11001009400", "population": 4889.0, "median_income": 1807.0, "demand_score": 1.710632327555671 }, "geometry": { "type": "Point", "coordinates": [ -8568719.0, 4713499.0 ] } },
{ "type": "Feature", "properties": { "degree": 3, "GEOID": "11001011100", "population": 5308.0, "median_income": 1927.0, "demand_score": 1.7100325347341006 }, "geometry": { "type": "Point", "coordinates": [ -8568601.999999998137355, 4711562.999999999068677 ] } },
{ "type": "Feature", "properties": { "degree": 3, "GEOID": "11001009102", "population": 4753.0, "median_income": 1937.0, "demand_score": 1.7098061361781285 }, "geometry": { "type": "Point", "coordinates": [ -8569540.0, 4711018.000000000931323 ] } },
{ "type": "Feature", "properties": { "degree": 3, "GEOID": "11001011100", "population": 5308.0, "median_income": 1927.0, "demand_score": 1.7096827327457311 }, "geometry": { "type": "Point", "coordinates": [ -8567450.0, 4712064.0 ] } },
{ "type": "Feature", "properties": { "degree": 3, "GEOID": "11001009400", "population": 4889.0, "median_income": 1807.0, "demand_score": 1.7094983072413039 }, "geometry": { "type": "Point", "coordinates": [ -8568705.0, 4713512.999999999068677 ] } },
{ "type": "Feature", "properties": { "degree": 3, "GEOID": "11001007803", "population": 4491.0, "median_income": 2357.0, "demand_score": 1.7087997125974497 }, "geometry": { "type": "Point", "coordinates": [ -8564949.000000001862645, 4706211.0 ] } },
{ "type": "Feature", "properties": { "degree": 3, "GEOID": "11001011100", "population": 5308.0, "median_income": 1927.0, "demand_score": 1.7086486306888704 }, "geometry": { "type": "Point", "coordinates": [ -8568502.0, 4711531.000000000931323 ] } },
{ "type": "Feature", "properties": { "degree": 3, "GEOID": "11001008802", "population": 4607.0, "median_income": 1891.0, "demand_score": 1.7085072746973635 }, "geometry": { "type": "Point", "coordinates": [ -8570035.0, 4707492.000000000931323 ] } },
{ "type": "Feature", "properties": { "degree": 4, "GEOID": "11001006700", "population": 4058.0, "median_income": 2067.0, "demand_score": 1.7083067824944727 }, "geometry": { "type": "Point", "coordinates": [ -8570515.0, 4705583.999999999068677 ] } },
{ "type": "Feature", "properties": { "degree": 4, "GEOID": "11001011100", "population": 5308.0, "median_income": 1927.0, "demand_score": 1.7075523743853742 }, "geometry": { "type": "Point", "coordinates": [ -8567619.0, 4711954.999999999068677 ] } },
{ "type": "Feature", "properties": { "degree": 4, "GEOID": "11001007803", "population": 4491.0, "median_income": 2357.0, "demand_score": 1.7072658118630013 }, "geometry": { "type": "Point", "coordinates": [ -8564833.0, 4706418.999999999068677 ] } },
{ "type": "Feature", "properties": { "degree": 3, "GEOID": "11001011100", "population": 5308.0, "median_income": 1927.0, "demand_score": 1.7072499710913598 }, "geometry": { "type": "Point", "coordinates": [ -8568150.0, 4711324.0 ] } },
{ "type": "Feature", "properties": { "degree": 4, "GEOID": "11001009400", "population": 4889.0, "median_income": 1807.0, "demand_score": 1.7070596265117106 }, "geometry": { "type": "Point", "coordinates": [ -8569250.0, 4712839.000000000931323 ] } },
{ "type": "Feature", "properties": { "degree": 3, "GEOID": "11001009510", "population": 4918.0, "median_income": 1913.0, "demand_score": 1.7064083226156952 }, "geometry": { "type": "Point", "coordinates": [ -8572558.0, 4714092.0 ] } },
{ "type": "Feature", "properties": { "degree": 4, "GEOID": "11001009400", "population": 4889.0, "median_income": 1807.0, "demand_score": 1.7063828339832161 }, "geometry": { "type": "Point", "coordinates": [ -8568954.0, 4713032.0 ] } },
{ "type": "Feature", "properties": { "degree": 2, "GEOID": "11001007502", "population": 5073.0, "median_income": 1818.0, "demand_score": 1.7054377681900932 }, "geometry": { "type": "Point", "coordinates": [ -8567953.0, 4700488.0 ] } },
{ "type": "Feature", "properties": { "degree": 3, "GEOID": "11001008802", "population": 4607.0, "median_income": 1891.0, "demand_score": 1.7054142273418111 }, "geometry": { "type": "Point", "coordinates": [ -8570005.0, 4707475.999999999068677 ] } },
{ "type": "Feature", "properties": { "degree": 4, "GEOID": "11001009400", "population": 4889.0, "median_income": 1807.0, "demand_score": 1.705226254011202 }, "geometry": { "type": "Point", "coordinates": [ -8568726.999999998137355, 4713338.0 ] } },
{ "type": "Feature", "properties": { "degree": 4, "GEOID": "11001011100", "population": 5308.0, "median_income": 1927.0, "demand_score": 1.7051133071014506 }, "geometry": { "type": "Point", "coordinates": [ -8568724.999999998137355, 4711654.999999999068677 ] } },
{ "type": "Feature", "properties": { "degree": 3, "GEOID": "11001009510", "population": 4918.0, "median_income": 1913.0, "demand_score": 1.7049697613380737 }, "geometry": { "type": "Point", "coordinates": [ -8572281.0, 4714153.999999999068677 ] } },
{ "type": "Feature", "properties": { "degree": 3, "GEOID": "11001009000", "population": 3637.0, "median_income": 2289.0, "demand_score": 1.7049107904608907 }, "geometry": { "type": "Point", "coordinates": [ -8567115.0, 4711001.999999999068677 ] } },
{ "type": "Feature", "properties": { "degree": 4, "GEOID": "11001008802", "population": 4607.0, "median_income": 1891.0, "demand_score": 1.7047219358609109 }, "geometry": { "type": "Point", "coordinates": [ -8570048.0, 4707664.999999999068677 ] } },
{ "type": "Feature", "properties": { "degree": 4, "GEOID": "11001001301", "population": 4041.0, "median_income": 2080.0, "demand_score": 1.7046739824095534 }, "geometry": { "type": "Point", "coordinates": [ -8578048.0, 4714211.0 ] } },
{ "type": "Feature", "properties": { "degree": 4, "GEOID": "11001007502", "population": 5073.0, "median_income": 1818.0, "demand_score": 1.7045449638708048 }, "geometry": { "type": "Point", "coordinates": [ -8568032.999999998137355, 4700484.0 ] } },
{ "type": "Feature", "properties": { "degree": 3, "GEOID": "11001011100", "population": 5308.0, "median_income": 1927.0, "demand_score": 1.7042873544126089 }, "geometry": { "type": "Point", "coordinates": [ -8567893.0, 4708520.999999999068677 ] } },
{ "type": "Feature", "properties": { "degree": 4, "GEOID": "11001009400", "population": 4889.0, "median_income": 1807.0, "demand_score": 1.7039511245084658 }, "geometry": { "type": "Point", "coordinates": [ -8569187.0, 4712839.000000000931323 ] } },
{ "type": "Feature", "properties": { "degree": 3, "GEOID": "11001009510", "population": 4918.0, "median_income": 1913.0, "demand_score": 1.7038537453292908 }, "geometry": { "type": "Point", "coordinates": [ -8572268.999999998137355, 4714066.999999999068677 ] } },
{ "type": "Feature", "properties": { "degree": 3, "GEOID": "11001009400", "population": 4889.0, "median_income": 1807.0, "demand_score": 1.7035861145177849 }, "geometry": { "type": "Point", "coordinates": [ -8568839.0, 4713124.0 ] } },
{ "type": "Feature", "properties": { "degree": 3, "GEOID": "11001000501", "population": 3594.0, "median_income": 2183.0, "demand_score": 1.7035102633385661 }, "geometry": { "type": "Point", "coordinates": [ -8577691.999999998137355, 4711514.0 ] } },
{ "type": "Feature", "properties": { "degree": 4, "GEOID": "11001006700", "population": 4058.0, "median_income": 2067.0, "demand_score": 1.7030643746045011 }, "geometry": { "type": "Point", "coordinates": [ -8570660.0, 4705817.999999999068677 ] } },
{ "type": "Feature", "properties": { "degree": 3, "GEOID": "11001011100", "population": 5308.0, "median_income": 1927.0, "demand_score": 1.7028454285319374 }, "geometry": { "type": "Point", "coordinates": [ -8568390.0, 4711530.000000000931323 ] } },
{ "type": "Feature", "properties": { "degree": 4, "GEOID": "11001001301", "population": 4041.0, "median_income": 2080.0, "demand_score": 1.7020746263533733 }, "geometry": { "type": "Point", "coordinates": [ -8579184.0, 4714813.000000000931323 ] } },
{ "type": "Feature", "properties": { "degree": 3, "GEOID": "11001007803", "population": 4491.0, "median_income": 2357.0, "demand_score": 1.7019837058747296 }, "geometry": { "type": "Point", "coordinates": [ -8564672.0, 4706393.0 ] } },
{ "type": "Feature", "properties": { "degree": 3, "GEOID": "11001001301", "population": 4041.0, "median_income": 2080.0, "demand_score": 1.7012559452778904 }, "geometry": { "type": "Point", "coordinates": [ -8577943.999999998137355, 4714348.0 ] } },
{ "type": "Feature", "properties": { "degree": 3, "GEOID": "11001006700", "population": 4058.0, "median_income": 2067.0, "demand_score": 1.70101777094366 }, "geometry": { "type": "Point", "coordinates": [ -8570188.999999998137355, 4705730.0 ] } },
{ "type": "Feature", "properties": { "degree": 5, "GEOID": "11001009510", "population": 4918.0, "median_income": 1913.0, "demand_score": 1.7007407688370924 }, "geometry": { "type": "Point", "coordinates": [ -8572437.0, 4713990.0 ] } },
{ "type": "Feature", "properties": { "degree": 4, "GEOID": "11001011100", "population": 5308.0, "median_income": 1927.0, "demand_score": 1.7003524267004235 }, "geometry": { "type": "Point", "coordinates": [ -8567588.999999998137355, 4712062.000000001862645 ] } },
{ "type": "Feature", "properties": { "degree": 3, "GEOID": "11001008802", "population": 4607.0, "median_income": 1891.0, "demand_score": 1.6996710669215032 }, "geometry": { "type": "Point", "coordinates": [ -8569951.0, 4707451.000000001862645 ] } },
{ "type": "Feature", "properties": { "degree": 4, "GEOID": "11001000501", "population": 3594.0, "median_income": 2183.0, "demand_score": 1.6993816235791095 }, "geometry": { "type": "Point", "coordinates": [ -8577335.0, 4710725.0 ] } },
{ "type": "Feature", "properties": { "degree": 3, "GEOID": "11001011100", "population": 5308.0, "median_income": 1927.0, "demand_score": 1.699361388983414 }, "geometry": { "type": "Point", "coordinates": [ -8568668.999999998137355, 4711689.000000000931323 ] } },
{ "type": "Feature", "properties": { "degree": 3, "GEOID": "11001001301", "population": 4041.0, "median_income": 2080.0, "demand_score": 1.6993386560452817 }, "geometry": { "type": "Point", "coordinates": [ -8578461.999999998137355, 4714754.0 ] } },
{ "type": "Feature", "properties": { "degree": 3, "GEOID": "11001011100", "population": 5308.0, "median_income": 1927.0, "demand_score": 1.6991470084987748 }, "geometry": { "type": "Point", "coordinates": [ -8568502.0, 4711623.0 ] } },
{ "type": "Feature", "properties": { "degree": 3, "GEOID": "11001007803", "population": 4491.0, "median_income": 2357.0, "demand_score": 1.6988964903318737 }, "geometry": { "type": "Point", "coordinates": [ -8564833.0, 4706306.999999999068677 ] } },
{ "type": "Feature", "properties": { "degree": 4, "GEOID": "11001007803", "population": 4491.0, "median_income": 2357.0, "demand_score": 1.6987081462462725 }, "geometry": { "type": "Point", "coordinates": [ -8564351.0, 4706441.0 ] } },
{ "type": "Feature", "properties": { "degree": 3, "GEOID": "11001009400", "population": 4889.0, "median_income": 1807.0, "demand_score": 1.6980401853483214 }, "geometry": { "type": "Point", "coordinates": [ -8569198.000000001862645, 4712776.0 ] } },
{ "type": "Feature", "properties": { "degree": 3, "GEOID": "11001007803", "population": 4491.0, "median_income": 2357.0, "demand_score": 1.6976728608907643 }, "geometry": { "type": "Point", "coordinates": [ -8564563.999999998137355, 4706374.999999999068677 ] } },
{ "type": "Feature", "properties": { "degree": 4, "GEOID": "11001009102", "population": 4753.0, "median_income": 1937.0, "demand_score": 1.697642153668073 }, "geometry": { "type": "Point", "coordinates": [ -8569598.0, 4711115.0 ] } },
{ "type": "Feature", "properties": { "degree": 3, "GEOID": "11001011100", "population": 5308.0, "median_income": 1927.0, "demand_score": 1.6975852953287813 }, "geometry": { "type": "Point", "coordinates": [ -8568125.0, 4711451.999999999068677 ] } },
{ "type": "Feature", "properties": { "degree": 3, "GEOID": "11001009400", "population": 4889.0, "median_income": 1807.0, "demand_score": 1.6974358007205632 }, "geometry": { "type": "Point", "coordinates": [ -8569071.0, 4712840.0 ] } },
{ "type": "Feature", "properties": { "degree": 4, "GEOID": "11001008802", "population": 4607.0, "median_income": 1891.0, "demand_score": 1.6973641055352491 }, "geometry": { "type": "Point", "coordinates": [ -8569965.0, 4707619.999999999068677 ] } },
{ "type": "Feature", "properties": { "degree": 3, "GEOID": "11001001301", "population": 4041.0, "median_income": 2080.0, "demand_score": 1.6973441045927555 }, "geometry": { "type": "Point", "coordinates": [ -8577185.0, 4714489.999999999068677 ] } },
{ "type": "Feature", "properties": { "degree": 3, "GEOID": "11001001301", "population": 4041.0, "median_income": 2080.0, "demand_score": 1.6972632571085091 }, "geometry": { "type": "Point", "coordinates": [ -8577801.0, 4714471.0 ] } },
{ "type": "Feature", "properties": { "degree": 4, "GEOID": "11001008802", "population": 4607.0, "median_income": 1891.0, "demand_score": 1.6970433127594737 }, "geometry": { "type": "Point", "coordinates": [ -8570057.999999998137355, 4707841.0 ] } },
{ "type": "Feature", "properties": { "degree": 4, "GEOID": "11001001301", "population": 4041.0, "median_income": 2080.0, "demand_score": 1.69703118224181 }, "geometry": { "type": "Point", "coordinates": [ -8578461.999999998137355, 4714777.999999999068677 ] } },
{ "type": "Feature", "properties": { "degree": 4, "GEOID": "11001009400", "population": 4889.0, "median_income": 1807.0, "demand_score": 1.6969596776404119 }, "geometry": { "type": "Point", "coordinates": [ -8568840.0, 4713032.0 ] } },
{ "type": "Feature", "properties": { "degree": 4, "GEOID": "11001009400", "population": 4889.0, "median_income": 1807.0, "demand_score": 1.696917341748027 }, "geometry": { "type": "Point", "coordinates": [ -8568725.999999998137355, 4713184.999999999068677 ] } },
{ "type": "Feature", "properties": { "degree": 3, "GEOID": "11001011100", "population": 5308.0, "median_income": 1927.0, "demand_score": 1.6968097040282561 }, "geometry": { "type": "Point", "coordinates": [ -8567329.0, 4708792.0 ] } },
{ "type": "Feature", "properties": { "degree": 4, "GEOID": "11001011100", "population": 5308.0, "median_income": 1927.0, "demand_score": 1.6963712504130064 }, "geometry": { "type": "Point", "coordinates": [ -8568278.0, 4711530.000000000931323 ] } },
{ "type": "Feature", "properties": { "degree": 3, "GEOID": "11001001301", "population": 4041.0, "median_income": 2080.0, "demand_score": 1.6957502537384777 }, "geometry": { "type": "Point", "coordinates": [ -8578065.0, 4715474.0 ] } },
{ "type": "Feature", "properties": { "degree": 3, "GEOID": "11001007803", "population": 4491.0, "median_income": 2357.0, "demand_score": 1.6957026205497012 }, "geometry": { "type": "Point", "coordinates": [ -8564833.0, 4706199.0 ] } },
{ "type": "Feature", "properties": { "degree": 3, "GEOID": "11001009000", "population": 3637.0, "median_income": 2289.0, "demand_score": 1.6949636302171558 }, "geometry": { "type": "Point", "coordinates": [ -8567053.0, 4711217.0 ] } },
{ "type": "Feature", "properties": { "degree": 2, "GEOID": "11001007502", "population": 5073.0, "median_income": 1818.0, "demand_score": 1.6947947966677173 }, "geometry": { "type": "Point", "coordinates": [ -8567908.999999998137355, 4700392.999999999068677 ] } },
{ "type": "Feature", "properties": { "degree": 4, "GEOID": "11001008802", "population": 4607.0, "median_income": 1891.0, "demand_score": 1.6946360901040052 }, "geometry": { "type": "Point", "coordinates": [ -8570296.0, 4708140.999999999068677 ] } },
{ "type": "Feature", "properties": { "degree": 4, "GEOID": "11001007502", "population": 5073.0, "median_income": 1818.0, "demand_score": 1.6946171025528336 }, "geometry": { "type": "Point", "coordinates": [ -8568032.999999998137355, 4700397.0 ] } },
{ "type": "Feature", "properties": { "degree": 3, "GEOID": "11001001301", "population": 4041.0, "median_income": 2080.0, "demand_score": 1.6945045851692617 }, "geometry": { "type": "Point", "coordinates": [ -8577499.0, 4714564.0 ] } },
{ "type": "Feature", "properties": { "degree": 3, "GEOID": "11001009102", "population": 4753.0, "median_income": 1937.0, "demand_score": 1.6943663900306065 }, "geometry": { "type": "Point", "coordinates": [ -8569263.0, 4711170.999999999068677 ] } },
{ "type": "Feature", "properties": { "degree": 3, "GEOID": "11001007803", "population": 4491.0, "median_income": 2357.0, "demand_score": 1.6939682957277498 }, "geometry": { "type": "Point", "coordinates": [ -8564833.0, 4706146.999999999068677 ] } },
{ "type": "Feature", "properties": { "degree": 3, "GEOID": "11001009102", "population": 4753.0, "median_income": 1937.0, "demand_score": 1.6935421197856388 }, "geometry": { "type": "Point", "coordinates": [ -8569459.0, 4711172.999999999068677 ] } },
{ "type": "Feature", "properties": { "degree": 4, "GEOID": "11001009000", "population": 3637.0, "median_income": 2289.0, "demand_score": 1.6933137241027101 }, "geometry": { "type": "Point", "coordinates": [ -8567327.0, 4710756.0 ] } },
{ "type": "Feature", "properties": { "degree": 3, "GEOID": "11001007803", "population": 4491.0, "median_income": 2357.0, "demand_score": 1.6928865423227797 }, "geometry": { "type": "Point", "coordinates": [ -8564458.0, 4706357.0 ] } },
{ "type": "Feature", "properties": { "degree": 4, "GEOID": "11001006700", "population": 4058.0, "median_income": 2067.0, "demand_score": 1.6924680881017233 }, "geometry": { "type": "Point", "coordinates": [ -8570300.0, 4705784.999999999068677 ] } },
{ "type": "Feature", "properties": { "degree": 3, "GEOID": "11001007803", "population": 4491.0, "median_income": 2357.0, "demand_score": 1.692279840517086 }, "geometry": { "type": "Point", "coordinates": [ -8564672.0, 4706306.999999999068677 ] } },
{ "type": "Feature", "properties": { "degree": 4, "GEOID": "11001011100", "population": 5308.0, "median_income": 1927.0, "demand_score": 1.6918699688004109 }, "geometry": { "type": "Point", "coordinates": [ -8567966.999999998137355, 4711787.000000000931323 ] } },
{ "type": "Feature", "properties": { "degree": 4, "GEOID": "11001008802", "population": 4607.0, "median_income": 1891.0, "demand_score": 1.6912178228740475 }, "geometry": { "type": "Point", "coordinates": [ -8569976.0, 4707796.0 ] } },
{ "type": "Feature", "properties": { "degree": 4, "GEOID": "11001009000", "population": 3637.0, "median_income": 2289.0, "demand_score": 1.6911863125047983 }, "geometry": { "type": "Point", "coordinates": [ -8566800.0, 4711434.0 ] } },
{ "type": "Feature", "properties": { "degree": 3, "GEOID": "11001000501", "population": 3594.0, "median_income": 2183.0, "demand_score": 1.6908056857874736 }, "geometry": { "type": "Point", "coordinates": [ -8577183.0, 4710969.0 ] } },
{ "type": "Feature", "properties": { "degree": 3, "GEOID": "11001011100", "population": 5308.0, "median_income": 1927.0, "demand_score": 1.6905295193171184 }, "geometry": { "type": "Point", "coordinates": [ -8567724.0, 4712060.999999999068677 ] } },
{ "type": "Feature", "properties": { "degree": 3, "GEOID": "11001006700", "population": 4058.0, "median_income": 2067.0, "demand_score": 1.6905211618223606 }, "geometry": { "type": "Point", "coordinates": [ -8570300.0, 4705820.0 ] } },
{ "type": "Feature", "properties": { "degree": 3, "GEOID": "11001011100", "population": 5308.0, "median_income": 1927.0, "demand_score": 1.6905058088025935 }, "geometry": { "type": "Point", "coordinates": [ -8568194.0, 4711536.999999999068677 ] } },
{ "type": "Feature", "properties": { "degree": 4, "GEOID": "11001009102", "population": 4753.0, "median_income": 1937.0, "demand_score": 1.6902658286291206 }, "geometry": { "type": "Point", "coordinates": [ -8569457.0, 4711201.999999999068677 ] } },
{ "type": "Feature", "properties": { "degree": 3, "GEOID": "11001001301", "population": 4041.0, "median_income": 2080.0, "demand_score": 1.6899742421929296 }, "geometry": { "type": "Point", "coordinates": [ -8578103.0, 4714467.0 ] } },
{ "type": "Feature", "properties": { "degree": 4, "GEOID": "11001009400", "population": 4889.0, "median_income": 1807.0, "demand_score": 1.6897472182955857 }, "geometry": { "type": "Point", "coordinates": [ -8568954.0, 4712840.0 ] } },
{ "type": "Feature", "properties": { "degree": 4, "GEOID": "11001008802", "population": 4607.0, "median_income": 1891.0, "demand_score": 1.6896244209275193 }, "geometry": { "type": "Point", "coordinates": [ -8569883.000000001862645, 4707573.999999999068677 ] } },
{ "type": "Feature", "properties": { "degree": 4, "GEOID": "11001009000", "population": 3637.0, "median_income": 2289.0, "demand_score": 1.6895748272181788 }, "geometry": { "type": "Point", "coordinates": [ -8567344.999999998137355, 4710816.0 ] } },
{ "type": "Feature", "properties": { "degree": 4, "GEOID": "11001009400", "population": 4889.0, "median_income": 1807.0, "demand_score": 1.68956008541934 }, "geometry": { "type": "Point", "coordinates": [ -8568725.999999998137355, 4713070.000000000931323 ] } },
{ "type": "Feature", "properties": { "degree": 3, "GEOID": "11001009000", "population": 3637.0, "median_income": 2289.0, "demand_score": 1.6887286508569739 }, "geometry": { "type": "Point", "coordinates": [ -8566930.000000001862645, 4711386.0 ] } },
{ "type": "Feature", "properties": { "degree": 4, "GEOID": "11001001301", "population": 4041.0, "median_income": 2080.0, "demand_score": 1.6883466743769222 }, "geometry": { "type": "Point", "coordinates": [ -8577971.0, 4714467.0 ] } },
{ "type": "Feature", "properties": { "degree": 4, "GEOID": "11001001301", "population": 4041.0, "median_income": 2080.0, "demand_score": 1.6878351570955332 }, "geometry": { "type": "Point", "coordinates": [ -8578856.0, 4714985.999999999068677 ] } },
{ "type": "Feature", "properties": { "degree": 4, "GEOID": "11001009400", "population": 4889.0, "median_income": 1807.0, "demand_score": 1.6869358485929704 }, "geometry": { "type": "Point", "coordinates": [ -8568725.999999998137355, 4713032.0 ] } },
{ "type": "Feature", "properties": { "degree": 3, "GEOID": "11001000501", "population": 3594.0, "median_income": 2183.0, "demand_score": 1.6860030895153781 }, "geometry": { "type": "Point", "coordinates": [ -8577207.0, 4710716.0 ] } },
{ "type": "Feature", "properties": { "degree": 4, "GEOID": "11001011100", "population": 5308.0, "median_income": 1927.0, "demand_score": 1.6858957536400847 }, "geometry": { "type": "Point", "coordinates": [ -8568273.0, 4711634.0 ] } },
{ "type": "Feature", "properties": { "degree": 3, "GEOID": "11001009400", "population": 4889.0, "median_income": 1807.0, "demand_score": 1.6848914644487465 }, "geometry": { "type": "Point", "coordinates": [ -8569124.0, 4712683.999999999068677 ] } },
{ "type": "Feature", "properties": { "degree": 4, "GEOID": "11001008802", "population": 4607.0, "median_income": 1891.0, "demand_score": 1.6848802901445858 }, "geometry": { "type": "Point", "coordinates": [ -8570255.0, 4708217.0 ] } },
{ "type": "Feature", "properties": { "degree": 4, "GEOID": "11001008802", "population": 4607.0, "median_income": 1891.0, "demand_score": 1.6847912945803616 }, "geometry": { "type": "Point", "coordinates": [ -8569894.000000001862645, 4707750.0 ] } },
{ "type": "Feature", "properties": { "degree": 3, "GEOID": "11001011100", "population": 5308.0, "median_income": 1927.0, "demand_score": 1.6842986491081677 }, "geometry": { "type": "Point", "coordinates": [ -8567589.999999998137355, 4712237.0 ] } },
{ "type": "Feature", "properties": { "degree": 2, "GEOID": "11001009000", "population": 3637.0, "median_income": 2289.0, "demand_score": 1.6834651750309986 }, "geometry": { "type": "Point", "coordinates": [ -8566702.999999998137355, 4711545.0 ] } },
{ "type": "Feature", "properties": { "degree": 3, "GEOID": "11001001301", "population": 4041.0, "median_income": 2080.0, "demand_score": 1.6833111517515351 }, "geometry": { "type": "Point", "coordinates": [ -8578458.999999998137355, 4714914.999999999068677 ] } },
{ "type": "Feature", "properties": { "degree": 3, "GEOID": "11001009000", "population": 3637.0, "median_income": 2289.0, "demand_score": 1.6833092048909137 }, "geometry": { "type": "Point", "coordinates": [ -8566956.999999998137355, 4711424.999999999068677 ] } },
{ "type": "Feature", "properties": { "degree": 5, "GEOID": "11001001301", "population": 4041.0, "median_income": 2080.0, "demand_score": 1.6832218951423408 }, "geometry": { "type": "Point", "coordinates": [ -8578267.999999998137355, 4714782.0 ] } },
{ "type": "Feature", "properties": { "degree": 4, "GEOID": "11001008802", "population": 4607.0, "median_income": 1891.0, "demand_score": 1.683185699647169 }, "geometry": { "type": "Point", "coordinates": [ -8570216.0, 4708289.999999999068677 ] } },
{ "type": "Feature", "properties": { "degree": 4, "GEOID": "11001009400", "population": 4889.0, "median_income": 1807.0, "demand_score": 1.6829337057077007 }, "geometry": { "type": "Point", "coordinates": [ -8568682.0, 4713032.0 ] } },
{ "type": "Feature", "properties": { "degree": 3, "GEOID": "11001009400", "population": 4889.0, "median_income": 1807.0, "demand_score": 1.6822843766440687 }, "geometry": { "type": "Point", "coordinates": [ -8569108.999999998137355, 4712666.0 ] } },
{ "type": "Feature", "properties": { "degree": 4, "GEOID": "11001008802", "population": 4607.0, "median_income": 1891.0, "demand_score": 1.6821533165232787 }, "geometry": { "type": "Point", "coordinates": [ -8569986.999999998137355, 4707972.0 ] } },
{ "type": "Feature", "properties": { "degree": 3, "GEOID": "11001009505", "population": 4286.0, "median_income": 1820.0, "demand_score": 1.6817467223683731 }, "geometry": { "type": "Point", "coordinates": [ -8572298.0, 4715285.999999999068677 ] } },
{ "type": "Feature", "properties": { "degree": 4, "GEOID": "11001009400", "population": 4889.0, "median_income": 1807.0, "demand_score": 1.681434490604014 }, "geometry": { "type": "Point", "coordinates": [ -8568840.0, 4712840.0 ] } },
{ "type": "Feature", "properties": { "degree": 5, "GEOID": "11001011100", "population": 5308.0, "median_income": 1927.0, "demand_score": 1.6812639057086733 }, "geometry": { "type": "Point", "coordinates": [ -8568502.0, 4711794.0 ] } },
{ "type": "Feature", "properties": { "degree": 3, "GEOID": "11001007502", "population": 5073.0, "median_income": 1818.0, "demand_score": 1.6809222805361781 }, "geometry": { "type": "Point", "coordinates": [ -8567538.0, 4700309.999999999068677 ] } },
{ "type": "Feature", "properties": { "degree": 4, "GEOID": "11001001301", "population": 4041.0, "median_income": 2080.0, "demand_score": 1.6807755059450935 }, "geometry": { "type": "Point", "coordinates": [ -8578562.0, 4714985.999999999068677 ] } },
{ "type": "Feature", "properties": { "degree": 3, "GEOID": "11001009000", "population": 3637.0, "median_income": 2289.0, "demand_score": 1.6806140208791169 }, "geometry": { "type": "Point", "coordinates": [ -8567398.999999998137355, 4710903.0 ] } },
{ "type": "Feature", "properties": { "degree": 4, "GEOID": "11001007901", "population": 4505.0, "median_income": 1728.0, "demand_score": 1.6803151487679076 }, "geometry": { "type": "Point", "coordinates": [ -8569070.0, 4706401.0 ] } },
{ "type": "Feature", "properties": { "degree": 4, "GEOID": "11001001301", "population": 4041.0, "median_income": 2080.0, "demand_score": 1.6802751581065127 }, "geometry": { "type": "Point", "coordinates": [ -8579263.0, 4714987.0 ] } },
{ "type": "Feature", "properties": { "degree": 4, "GEOID": "11001007803", "population": 4491.0, "median_income": 2357.0, "demand_score": 1.6800978584801949 }, "geometry": { "type": "Point", "coordinates": [ -8564673.0, 4706199.0 ] } },
{ "type": "Feature", "properties": { "degree": 4, "GEOID": "11001007603", "population": 3619.0, "median_income": 2107.0, "demand_score": 1.6799925039068362 }, "geometry": { "type": "Point", "coordinates": [ -8567776.999999998137355, 4701251.999999999068677 ] } },
{ "type": "Feature", "properties": { "degree": 4, "GEOID": "11001009505", "population": 4286.0, "median_income": 1820.0, "demand_score": 1.6795624571440038 }, "geometry": { "type": "Point", "coordinates": [ -8571498.0, 4716075.0 ] } },
{ "type": "Feature", "properties": { "degree": 3, "GEOID": "11001000501", "population": 3594.0, "median_income": 2183.0, "demand_score": 1.6795613428038689 }, "geometry": { "type": "Point", "coordinates": [ -8577308.0, 4710483.0 ] } },
{ "type": "Feature", "properties": { "degree": 3, "GEOID": "11001007502", "population": 5073.0, "median_income": 1818.0, "demand_score": 1.6791101823906711 }, "geometry": { "type": "Point", "coordinates": [ -8567787.999999998137355, 4700257.999999999068677 ] } },
{ "type": "Feature", "properties": { "degree": 3, "GEOID": "11001001301", "population": 4041.0, "median_income": 2080.0, "demand_score": 1.6788080177608884 }, "geometry": { "type": "Point", "coordinates": [ -8578515.999999998137355, 4714985.999999999068677 ] } },
{ "type": "Feature", "properties": { "degree": 4, "GEOID": "11001007803", "population": 4491.0, "median_income": 2357.0, "demand_score": 1.6778754096102366 }, "geometry": { "type": "Point", "coordinates": [ -8564565.0, 4706198.000000000931323 ] } },
{ "type": "Feature", "properties": { "degree": 3, "GEOID": "11001009000", "population": 3637.0, "median_income": 2289.0, "demand_score": 1.6777699730912135 }, "geometry": { "type": "Point", "coordinates": [ -8567241.0, 4711232.999999999068677 ] } },
{ "type": "Feature", "properties": { "degree": 4, "GEOID": "11001008802", "population": 4607.0, "median_income": 1891.0, "demand_score": 1.677765880477998 }, "geometry": { "type": "Point", "coordinates": [ -8569812.0, 4707705.000000000931323 ] } },
{ "type": "Feature", "properties": { "degree": 4, "GEOID": "11001009505", "population": 4286.0, "median_income": 1820.0, "demand_score": 1.6773244402947545 }, "geometry": { "type": "Point", "coordinates": [ -8571909.0, 4716232.0 ] } },
{ "type": "Feature", "properties": { "degree": 4, "GEOID": "11001008802", "population": 4607.0, "median_income": 1891.0, "demand_score": 1.6769861091752654 }, "geometry": { "type": "Point", "coordinates": [ -8569905.0, 4707926.999999999068677 ] } },
{ "type": "Feature", "properties": { "degree": 3, "GEOID": "11001007603", "population": 3619.0, "median_income": 2107.0, "demand_score": 1.6769696521809065 }, "geometry": { "type": "Point", "coordinates": [ -8567966.999999998137355, 4701219.999999999068677 ] } },
{ "type": "Feature", "properties": { "degree": 4, "GEOID": "11001001301", "population": 4041.0, "median_income": 2080.0, "demand_score": 1.6765310389892099 }, "geometry": { "type": "Point", "coordinates": [ -8578057.0, 4714624.0 ] } },
{ "type": "Feature", "properties": { "degree": 4, "GEOID": "11001007901", "population": 4505.0, "median_income": 1728.0, "demand_score": 1.6763810401712245 }, "geometry": { "type": "Point", "coordinates": [ -8569459.0, 4706612.0 ] } },
{ "type": "Feature", "properties": { "degree": 4, "GEOID": "11001007603", "population": 3619.0, "median_income": 2107.0, "demand_score": 1.6759029622911696 }, "geometry": { "type": "Point", "coordinates": [ -8567315.0, 4701710.000000000931323 ] } },
{ "type": "Feature", "properties": { "degree": 3, "GEOID": "11001007803", "population": 4491.0, "median_income": 2357.0, "demand_score": 1.6757972864293058 }, "geometry": { "type": "Point", "coordinates": [ -8564708.0, 4706020.0 ] } },
{ "type": "Feature", "properties": { "degree": 3, "GEOID": "11001001301", "population": 4041.0, "median_income": 2080.0, "demand_score": 1.6757187328535268 }, "geometry": { "type": "Point", "coordinates": [ -8578018.999999998137355, 4714575.0 ] } },
{ "type": "Feature", "properties": { "degree": 4, "GEOID": "11001001301", "population": 4041.0, "median_income": 2080.0, "demand_score": 1.6755831477702747 }, "geometry": { "type": "Point", "coordinates": [ -8577868.0, 4715048.999999999068677 ] } },
{ "type": "Feature", "properties": { "degree": 4, "GEOID": "11001009505", "population": 4286.0, "median_income": 1820.0, "demand_score": 1.6753945005113122 }, "geometry": { "type": "Point", "coordinates": [ -8571500.999999998137355, 4716126.0 ] } },
{ "type": "Feature", "properties": { "degree": 4, "GEOID": "11001009400", "population": 4889.0, "median_income": 1807.0, "demand_score": 1.6753911836948903 }, "geometry": { "type": "Point", "coordinates": [ -8568954.0, 4712685.999999999068677 ] } },
{ "type": "Feature", "properties": { "degree": 3, "GEOID": "11001007901", "population": 4505.0, "median_income": 1728.0, "demand_score": 1.6753656381868474 }, "geometry": { "type": "Point", "coordinates": [ -8569359.999999998137355, 4706612.0 ] } },
{ "type": "Feature", "properties": { "degree": 4, "GEOID": "11001007803", "population": 4491.0, "median_income": 2357.0, "demand_score": 1.6753116741549468 }, "geometry": { "type": "Point", "coordinates": [ -8564460.0, 4706198.000000000931323 ] } },
{ "type": "Feature", "properties": { "degree": 5, "GEOID": "11001009505", "population": 4286.0, "median_income": 1820.0, "demand_score": 1.674794452554492 }, "geometry": { "type": "Point", "coordinates": [ -8572381.0, 4715892.000000000931323 ] } },
{ "type": "Feature", "properties": { "degree": 4, "GEOID": "11001007603", "population": 3619.0, "median_income": 2107.0, "demand_score": 1.6747662040680529 }, "geometry": { "type": "Point", "coordinates": [ -8567662.999999998137355, 4701238.0 ] } },
{ "type": "Feature", "properties": { "degree": 3, "GEOID": "11001007603", "population": 3619.0, "median_income": 2107.0, "demand_score": 1.6746931555005977 }, "geometry": { "type": "Point", "coordinates": [ -8567957.0, 4701200.0 ] } },
{ "type": "Feature", "properties": { "degree": 3, "GEOID": "11001001901", "population": 4628.0, "median_income": 1654.0, "demand_score": 1.6745156012317266 }, "geometry": { "type": "Point", "coordinates": [ -8574295.999999998137355, 4716568.999999999068677 ] } },
{ "type": "Feature", "properties": { "degree": 3, "GEOID": "11001001901", "population": 4628.0, "median_income": 1654.0, "demand_score": 1.6742878604469769 }, "geometry": { "type": "Point", "coordinates": [ -8574199.0, 4716484.000000000931323 ] } },
{ "type": "Feature", "properties": { "degree": 4, "GEOID": "11001001901", "population": 4628.0, "median_income": 1654.0, "demand_score": 1.6741274540055642 }, "geometry": { "type": "Point", "coordinates": [ -8574492.000000001862645, 4716654.0 ] } },
{ "type": "Feature", "properties": { "degree": 4, "GEOID": "11001011100", "population": 5308.0, "median_income": 1927.0, "demand_score": 1.6738706341951475 }, "geometry": { "type": "Point", "coordinates": [ -8568434.0, 4711834.999999999068677 ] } },
{ "type": "Feature", "properties": { "degree": 4, "GEOID": "11001007901", "population": 4505.0, "median_income": 1728.0, "demand_score": 1.6737354170062104 }, "geometry": { "type": "Point", "coordinates": [ -8569620.999999998137355, 4706612.0 ] } },
{ "type": "Feature", "properties": { "degree": 3, "GEOID": "11001009000", "population": 3637.0, "median_income": 2289.0, "demand_score": 1.673480706224346 }, "geometry": { "type": "Point", "coordinates": [ -8567406.999999998137355, 4711043.0 ] } },
{ "type": "Feature", "properties": { "degree": 4, "GEOID": "11001001901", "population": 4628.0, "median_income": 1654.0, "demand_score": 1.6733120966577018 }, "geometry": { "type": "Point", "coordinates": [ -8574099.999999998137355, 4716331.000000000931323 ] } },
{ "type": "Feature", "properties": { "degree": 3, "GEOID": "11001008802", "population": 4607.0, "median_income": 1891.0, "demand_score": 1.6730754181736514 }, "geometry": { "type": "Point", "coordinates": [ -8569945.0, 4708050.0 ] } },
{ "type": "Feature", "properties": { "degree": 3, "GEOID": "11001002900", "population": 4576.0, "median_income": 1672.0, "demand_score": 1.6729577978564365 }, "geometry": { "type": "Point", "coordinates": [ -8574682.0, 4711940.0 ] } },
{ "type": "Feature", "properties": { "degree": 4, "GEOID": "11001001901", "population": 4628.0, "median_income": 1654.0, "demand_score": 1.6728366077659835 }, "geometry": { "type": "Point", "coordinates": [ -8574099.999999998137355, 4715967.999999999068677 ] } },
{ "type": "Feature", "properties": { "degree": 4, "GEOID": "11001007901", "population": 4505.0, "median_income": 1728.0, "demand_score": 1.6725058859360027 }, "geometry": { "type": "Point", "coordinates": [ -8569263.0, 4706612.0 ] } },
{ "type": "Feature", "properties": { "degree": 4, "GEOID": "11001009400", "population": 4889.0, "median_income": 1807.0, "demand_score": 1.6723670919103046 }, "geometry": { "type": "Point", "coordinates": [ -8568725.999999998137355, 4712839.000000000931323 ] } },
{ "type": "Feature", "properties": { "degree": 3, "GEOID": "11001001301", "population": 4041.0, "median_income": 2080.0, "demand_score": 1.6723436411973081 }, "geometry": { "type": "Point", "coordinates": [ -8578388.999999998137355, 4714985.999999999068677 ] } },
{ "type": "Feature", "properties": { "degree": 3, "GEOID": "11001001301", "population": 4041.0, "median_income": 2080.0, "demand_score": 1.6721983348159914 }, "geometry": { "type": "Point", "coordinates": [ -8578856.0, 4715122.999999999068677 ] } },
{ "type": "Feature", "properties": { "degree": 4, "GEOID": "11001007803", "population": 4491.0, "median_income": 2357.0, "demand_score": 1.6721619026762999 }, "geometry": { "type": "Point", "coordinates": [ -8564352.0, 4706198.000000000931323 ] } },
{ "type": "Feature", "properties": { "degree": 3, "GEOID": "11001001901", "population": 4628.0, "median_income": 1654.0, "demand_score": 1.6720083472495151 }, "geometry": { "type": "Point", "coordinates": [ -8574156.999999998137355, 4715848.0 ] } },
{ "type": "Feature", "properties": { "degree": 4, "GEOID": "11001007603", "population": 3619.0, "median_income": 2107.0, "demand_score": 1.6717528052876189 }, "geometry": { "type": "Point", "coordinates": [ -8567315.0, 4701557.0 ] } },
{ "type": "Feature", "properties": { "degree": 3, "GEOID": "11001009505", "population": 4286.0, "median_income": 1820.0, "demand_score": 1.6714038113406375 }, "geometry": { "type": "Point", "coordinates": [ -8572230.000000001862645, 4716151.999999999068677 ] } },
{ "type": "Feature", "properties": { "degree": 4, "GEOID": "11001008802", "population": 4607.0, "median_income": 1891.0, "demand_score": 1.6713392627441475 }, "geometry": { "type": "Point", "coordinates": [ -8569825.0, 4707882.999999999068677 ] } },
{ "type": "Feature", "properties": { "degree": 3, "GEOID": "11001001901", "population": 4628.0, "median_income": 1654.0, "demand_score": 1.671305940489366 }, "geometry": { "type": "Point", "coordinates": [ -8574295.999999998137355, 4716739.0 ] } },
{ "type": "Feature", "properties": { "degree": 4, "GEOID": "11001001901", "population": 4628.0, "median_income": 1654.0, "demand_score": 1.6712562308557177 }, "geometry": { "type": "Point", "coordinates": [ -8574099.999999998137355, 4716905.000000000931323 ] } },
{ "type": "Feature", "properties": { "degree": 4, "GEOID": "11001011100", "population": 5308.0, "median_income": 1927.0, "demand_score": 1.6708516059169427 }, "geometry": { "type": "Point", "coordinates": [ -8567782.999999998137355, 4712237.0 ] } },
{ "type": "Feature", "properties": { "degree": 3, "GEOID": "11001009000", "population": 3637.0, "median_income": 2289.0, "demand_score": 1.6707666514338317 }, "geometry": { "type": "Point", "coordinates": [ -8567421.0, 4711068.0 ] } },
{ "type": "Feature", "properties": { "degree": 3, "GEOID": "11001011100", "population": 5308.0, "median_income": 1927.0, "demand_score": 1.6704793290171607 }, "geometry": { "type": "Point", "coordinates": [ -8568404.0, 4711854.0 ] } },
{ "type": "Feature", "properties": { "degree": 4, "GEOID": "11001011100", "population": 5308.0, "median_income": 1927.0, "demand_score": 1.6704341894663164 }, "geometry": { "type": "Point", "coordinates": [ -8568095.999999998137355, 4711925.999999999068677 ] } },
{ "type": "Feature", "properties": { "degree": 3, "GEOID": "11001001901", "population": 4628.0, "median_income": 1654.0, "demand_score": 1.6697539721052164 }, "geometry": { "type": "Point", "coordinates": [ -8574099.999999998137355, 4716407.999999999068677 ] } },
{ "type": "Feature", "properties": { "degree": 3, "GEOID": "11001009603", "population": 4025.0, "median_income": 1992.0, "demand_score": 1.6694610669580352 }, "geometry": { "type": "Point", "coordinates": [ -8566356.0, 4706348.0 ] } },
{ "type": "Feature", "properties": { "degree": 3, "GEOID": "11001001301", "population": 4041.0, "median_income": 2080.0, "demand_score": 1.669146123604984 }, "geometry": { "type": "Point", "coordinates": [ -8578668.0, 4715123.999999999068677 ] } },
{ "type": "Feature", "properties": { "degree": 3, "GEOID": "11001008802", "population": 4607.0, "median_income": 1891.0, "demand_score": 1.6688725319475872 }, "geometry": { "type": "Point", "coordinates": [ -8569925.999999998137355, 4708086.0 ] } },
{ "type": "Feature", "properties": { "degree": 4, "GEOID": "11001002900", "population": 4576.0, "median_income": 1672.0, "demand_score": 1.668778555047266 }, "geometry": { "type": "Point", "coordinates": [ -8575037.0, 4712304.999999999068677 ] } },
{ "type": "Feature", "properties": { "degree": 3, "GEOID": "11001001901", "population": 4628.0, "median_income": 1654.0, "demand_score": 1.6684461683046872 }, "geometry": { "type": "Point", "coordinates": [ -8574099.999999998137355, 4715878.999999999068677 ] } },
{ "type": "Feature", "properties": { "degree": 2, "GEOID": "11001009603", "population": 4025.0, "median_income": 1992.0, "demand_score": 1.668068226458705 }, "geometry": { "type": "Point", "coordinates": [ -8566278.0, 4706446.000000000931323 ] } },
{ "type": "Feature", "properties": { "degree": 4, "GEOID": "11001009505", "population": 4286.0, "median_income": 1820.0, "demand_score": 1.6680365889863911 }, "geometry": { "type": "Point", "coordinates": [ -8571409.0, 4716129.000000000931323 ] } },
{ "type": "Feature", "properties": { "degree": 3, "GEOID": "11001007901", "population": 4505.0, "median_income": 1728.0, "demand_score": 1.6680223072501081 }, "geometry": { "type": "Point", "coordinates": [ -8569165.999999998137355, 4706612.0 ] } },
{ "type": "Feature", "properties": { "degree": 3, "GEOID": "11001009400", "population": 4889.0, "median_income": 1807.0, "demand_score": 1.6678504415581092 }, "geometry": { "type": "Point", "coordinates": [ -8568840.0, 4712685.999999999068677 ] } },
{ "type": "Feature", "properties": { "degree": 3, "GEOID": "11001000501", "population": 3594.0, "median_income": 2183.0, "demand_score": 1.667022452468593 }, "geometry": { "type": "Point", "coordinates": [ -8577903.0, 4710176.0 ] } },
{ "type": "Feature", "properties": { "degree": 4, "GEOID": "11001009505", "population": 4286.0, "median_income": 1820.0, "demand_score": 1.667016329886152 }, "geometry": { "type": "Point", "coordinates": [ -8572182.0, 4716233.000000000931323 ] } },
{ "type": "Feature", "properties": { "degree": 3, "GEOID": "11001002900", "population": 4576.0, "median_income": 1672.0, "demand_score": 1.666717441471268 }, "geometry": { "type": "Point", "coordinates": [ -8574680.0, 4712065.0 ] } },
{ "type": "Feature", "properties": { "degree": 3, "GEOID": "11001001301", "population": 4041.0, "median_income": 2080.0, "demand_score": 1.6666285309614697 }, "geometry": { "type": "Point", "coordinates": [ -8578910.0, 4715173.0 ] } },
{ "type": "Feature", "properties": { "degree": 4, "GEOID": "11001001901", "population": 4628.0, "median_income": 1654.0, "demand_score": 1.666300560536125 }, "geometry": { "type": "Point", "coordinates": [ -8574295.999999998137355, 4716654.0 ] } },
{ "type": "Feature", "properties": { "degree": 4, "GEOID": "11001001901", "population": 4628.0, "median_income": 1654.0, "demand_score": 1.6662008406426847 }, "geometry": { "type": "Point", "coordinates": [ -8573957.0, 4717181.0 ] } },
{ "type": "Feature", "properties": { "degree": 4, "GEOID": "11001009505", "population": 4286.0, "median_income": 1820.0, "demand_score": 1.6661728682813481 }, "geometry": { "type": "Point", "coordinates": [ -8571909.0, 4716330.0 ] } },
{ "type": "Feature", "properties": { "degree": 2, "GEOID": "11001009400", "population": 4889.0, "median_income": 1807.0, "demand_score": 1.6660382315357454 }, "geometry": { "type": "Point", "coordinates": [ -8568503.0, 4713032.0 ] } },
{ "type": "Feature", "properties": { "degree": 3, "GEOID": "11001001301", "population": 4041.0, "median_income": 2080.0, "demand_score": 1.6657398592560202 }, "geometry": { "type": "Point", "coordinates": [ -8578295.0, 4714995.999999999068677 ] } },
{ "type": "Feature", "properties": { "degree": 4, "GEOID": "11001009505", "population": 4286.0, "median_income": 1820.0, "demand_score": 1.6655458374590431 }, "geometry": { "type": "Point", "coordinates": [ -8571500.0, 4716232.0 ] } },
{ "type": "Feature", "properties": { "degree": 4, "GEOID": "11001001901", "population": 4628.0, "median_income": 1654.0, "demand_score": 1.6653554778357245 }, "geometry": { "type": "Point", "coordinates": [ -8574099.999999998137355, 4716823.0 ] } },
{ "type": "Feature", "properties": { "degree": 4, "GEOID": "11001001901", "population": 4628.0, "median_income": 1654.0, "demand_score": 1.6652192786269968 }, "geometry": { "type": "Point", "coordinates": [ -8574099.999999998137355, 4716485.000000000931323 ] } },
{ "type": "Feature", "properties": { "degree": 4, "GEOID": "11001008802", "population": 4607.0, "median_income": 1891.0, "demand_score": 1.6651592775752411 }, "geometry": { "type": "Point", "coordinates": [ -8569744.999999998137355, 4707839.0 ] } },
{ "type": "Feature", "properties": { "degree": 3, "GEOID": "11001007901", "population": 4505.0, "median_income": 1728.0, "demand_score": 1.6650657186586815 }, "geometry": { "type": "Point", "coordinates": [ -8569459.0, 4706711.0 ] } },
{ "type": "Feature", "properties": { "degree": 4, "GEOID": "11001001901", "population": 4628.0, "median_income": 1654.0, "demand_score": 1.6649423702437003 }, "geometry": { "type": "Point", "coordinates": [ -8574098.999999998137355, 4715823.0 ] } },
{ "type": "Feature", "properties": { "degree": 3, "GEOID": "11001000501", "population": 3594.0, "median_income": 2183.0, "demand_score": 1.6649135570907863 }, "geometry": { "type": "Point", "coordinates": [ -8577359.0, 4710282.0 ] } },
{ "type": "Feature", "properties": { "degree": 3, "GEOID": "11001001901", "population": 4628.0, "median_income": 1654.0, "demand_score": 1.6645519003403701 }, "geometry": { "type": "Point", "coordinates": [ -8573957.0, 4717080.999999999068677 ] } },
{ "type": "Feature", "properties": { "degree": 3, "GEOID": "11001008802", "population": 4607.0, "median_income": 1891.0, "demand_score": 1.6640915483517345 }, "geometry": { "type": "Point", "coordinates": [ -8569843.0, 4708041.0 ] } },
{ "type": "Feature", "properties": { "degree": 3, "GEOID": "11001011100", "population": 5308.0, "median_income": 1927.0, "demand_score": 1.6640472936727 }, "geometry": { "type": "Point", "coordinates": [ -8568346.0, 4711889.0 ] } },
{ "type": "Feature", "properties": { "degree": 4, "GEOID": "11001002900", "population": 4576.0, "median_income": 1672.0, "demand_score": 1.6639631067719138 }, "geometry": { "type": "Point", "coordinates": [ -8574910.0, 4712304.999999999068677 ] } },
{ "type": "Feature", "properties": { "degree": 4, "GEOID": "11001007603", "population": 3619.0, "median_income": 2107.0, "demand_score": 1.6636835437617949 }, "geometry": { "type": "Point", "coordinates": [ -8567315.0, 4701403.0 ] } },
{ "type": "Feature", "properties": { "degree": 4, "GEOID": "11001007901", "population": 4505.0, "median_income": 1728.0, "demand_score": 1.6629204204277428 }, "geometry": { "type": "Point", "coordinates": [ -8569620.999999998137355, 4706709.999999999068677 ] } },
{ "type": "Feature", "properties": { "degree": 3, "GEOID": "11001001301", "population": 4041.0, "median_income": 2080.0, "demand_score": 1.6626755289986686 }, "geometry": { "type": "Point", "coordinates": [ -8579133.0, 4715184.999999999068677 ] } },
{ "type": "Feature", "properties": { "degree": 3, "GEOID": "11001007603", "population": 3619.0, "median_income": 2107.0, "demand_score": 1.6622718799618978 }, "geometry": { "type": "Point", "coordinates": [ -8567434.0, 4701249.999999999068677 ] } },
{ "type": "Feature", "properties": { "degree": 2, "GEOID": "11001009505", "population": 4286.0, "median_income": 1820.0, "demand_score": 1.6622005813152094 }, "geometry": { "type": "Point", "coordinates": [ -8572249.0, 4716239.000000000931323 ] } },
{ "type": "Feature", "properties": { "degree": 3, "GEOID": "11001001901", "population": 4628.0, "median_income": 1654.0, "demand_score": 1.6613750952676245 }, "geometry": { "type": "Point", "coordinates": [ -8573957.0, 4716988.0 ] } },
{ "type": "Feature", "properties": { "degree": 3, "GEOID": "11001009400", "population": 4889.0, "median_income": 1807.0, "demand_score": 1.6605904203709931 }, "geometry": { "type": "Point", "coordinates": [ -8568954.0, 4712533.999999999068677 ] } },
{ "type": "Feature", "properties": { "degree": 3, "GEOID": "11001001901", "population": 4628.0, "median_income": 1654.0, "demand_score": 1.6605705052297282 }, "geometry": { "type": "Point", "coordinates": [ -8573958.0, 4716133.000000000931323 ] } },
{ "type": "Feature", "properties": { "degree": 3, "GEOID": "11001001901", "population": 4628.0, "median_income": 1654.0, "demand_score": 1.6601450598140253 }, "geometry": { "type": "Point", "coordinates": [ -8574198.0, 4716653.0 ] } },
{ "type": "Feature", "properties": { "degree": 3, "GEOID": "11001011100", "population": 5308.0, "median_income": 1927.0, "demand_score": 1.6600683814022172 }, "geometry": { "type": "Point", "coordinates": [ -8568163.999999998137355, 4712001.999999999068677 ] } },
{ "type": "Feature", "properties": { "degree": 4, "GEOID": "11001009505", "population": 4286.0, "median_income": 1820.0, "demand_score": 1.6599663413216608 }, "geometry": { "type": "Point", "coordinates": [ -8572126.0, 4716331.000000000931323 ] } },
{ "type": "Feature", "properties": { "degree": 3, "GEOID": "11001009000", "population": 3637.0, "median_income": 2289.0, "demand_score": 1.6596992048634769 }, "geometry": { "type": "Point", "coordinates": [ -8567319.0, 4711385.0 ] } },
{ "type": "Feature", "properties": { "degree": 4, "GEOID": "11001009400", "population": 4889.0, "median_income": 1807.0, "demand_score": 1.6596880788952033 }, "geometry": { "type": "Point", "coordinates": [ -8568726.999999998137355, 4712685.999999999068677 ] } },
{ "type": "Feature", "properties": { "degree": 3, "GEOID": "11001009000", "population": 3637.0, "median_income": 2289.0, "demand_score": 1.6595364555560437 }, "geometry": { "type": "Point", "coordinates": [ -8567341.999999998137355, 4711361.0 ] } },
{ "type": "Feature", "properties": { "degree": 3, "GEOID": "11001001901", "population": 4628.0, "median_income": 1654.0, "demand_score": 1.6593740839636797 }, "geometry": { "type": "Point", "coordinates": [ -8574099.999999998137355, 4716568.999999999068677 ] } },
{ "type": "Feature", "properties": { "degree": 4, "GEOID": "11001007603", "population": 3619.0, "median_income": 2107.0, "demand_score": 1.6591717574735165 }, "geometry": { "type": "Point", "coordinates": [ -8567168.0, 4701709.0 ] } },
{ "type": "Feature", "properties": { "degree": 3, "GEOID": "11001008802", "population": 4607.0, "median_income": 1891.0, "demand_score": 1.659171584549362 }, "geometry": { "type": "Point", "coordinates": [ -8569766.0, 4707997.999999999068677 ] } },
{ "type": "Feature", "properties": { "degree": 3, "GEOID": "11001009603", "population": 4025.0, "median_income": 1992.0, "demand_score": 1.6586915302955303 }, "geometry": { "type": "Point", "coordinates": [ -8566600.0, 4706030.999999999068677 ] } },
{ "type": "Feature", "properties": { "degree": 4, "GEOID": "11001001901", "population": 4628.0, "median_income": 1654.0, "demand_score": 1.6584742753636945 }, "geometry": { "type": "Point", "coordinates": [ -8574099.999999998137355, 4716738.0 ] } },
{ "type": "Feature", "properties": { "degree": 5, "GEOID": "11001002900", "population": 4576.0, "median_income": 1672.0, "demand_score": 1.6584363730137377 }, "geometry": { "type": "Point", "coordinates": [ -8574587.0, 4712044.000000000931323 ] } },
{ "type": "Feature", "properties": { "degree": 4, "GEOID": "11001009603", "population": 4025.0, "median_income": 1992.0, "demand_score": 1.6579158854488618 }, "geometry": { "type": "Point", "coordinates": [ -8566264.999999998137355, 4706301.0 ] } },
{ "type": "Feature", "properties": { "degree": 3, "GEOID": "11001008802", "population": 4607.0, "median_income": 1891.0, "demand_score": 1.6579153084598279 }, "geometry": { "type": "Point", "coordinates": [ -8569658.0, 4707790.999999999068677 ] } },
{ "type": "Feature", "properties": { "degree": 3, "GEOID": "11001007803", "population": 4491.0, "median_income": 2357.0, "demand_score": 1.657670806881316 }, "geometry": { "type": "Point", "coordinates": [ -8564565.0, 4705949.000000000931323 ] } },
{ "type": "Feature", "properties": { "degree": 3, "GEOID": "11001007901", "population": 4505.0, "median_income": 1728.0, "demand_score": 1.6576628467163412 }, "geometry": { "type": "Point", "coordinates": [ -8569780.0, 4706700.000000000931323 ] } },
{ "type": "Feature", "properties": { "degree": 4, "GEOID": "11001001901", "population": 4628.0, "median_income": 1654.0, "demand_score": 1.6574741040056964 }, "geometry": { "type": "Point", "coordinates": [ -8573958.0, 4715967.999999999068677 ] } },
{ "type": "Feature", "properties": { "degree": 3, "GEOID": "11001009603", "population": 4025.0, "median_income": 1992.0, "demand_score": 1.6574543539652951 }, "geometry": { "type": "Point", "coordinates": [ -8566193.0, 4706407.999999999068677 ] } },
{ "type": "Feature", "properties": { "degree": 3, "GEOID": "11001009505", "population": 4286.0, "median_income": 1820.0, "demand_score": 1.6574279875313518 }, "geometry": { "type": "Point", "coordinates": [ -8572505.0, 4716100.999999999068677 ] } },
{ "type": "Feature", "properties": { "degree": 4, "GEOID": "11001001301", "population": 4041.0, "median_income": 2080.0, "demand_score": 1.6573139783882385 }, "geometry": { "type": "Point", "coordinates": [ -8579307.000000001862645, 4715184.999999999068677 ] } },
{ "type": "Feature", "properties": { "degree": 3, "GEOID": "11001009000", "population": 3637.0, "median_income": 2289.0, "demand_score": 1.6572170653567224 }, "geometry": { "type": "Point", "coordinates": [ -8567459.999999998137355, 4711236.999999999068677 ] } },
{ "type": "Feature", "properties": { "degree": 3, "GEOID": "11001002900", "population": 4576.0, "median_income": 1672.0, "demand_score": 1.6571534025297692 }, "geometry": { "type": "Point", "coordinates": [ -8575037.0, 4712408.999999999068677 ] } },
{ "type": "Feature", "properties": { "degree": 3, "GEOID": "11001001301", "population": 4041.0, "median_income": 2080.0, "demand_score": 1.6569839409753842 }, "geometry": { "type": "Point", "coordinates": [ -8578110.0, 4715019.999999999068677 ] } },
{ "type": "Feature", "properties": { "degree": 3, "GEOID": "11001009000", "population": 3637.0, "median_income": 2289.0, "demand_score": 1.6569714451144075 }, "geometry": { "type": "Point", "coordinates": [ -8566996.0, 4711669.999999999068677 ] } },
{ "type": "Feature", "properties": { "degree": 3, "GEOID": "11001007901", "population": 4505.0, "median_income": 1728.0, "demand_score": 1.6566392649491331 }, "geometry": { "type": "Point", "coordinates": [ -8569780.0, 4706709.999999999068677 ] } },
{ "type": "Feature", "properties": { "degree": 4, "GEOID": "11001009505", "population": 4286.0, "median_income": 1820.0, "demand_score": 1.6560689247011426 }, "geometry": { "type": "Point", "coordinates": [ -8571501.999999998137355, 4716330.0 ] } },
{ "type": "Feature", "properties": { "degree": 3, "GEOID": "11001009000", "population": 3637.0, "median_income": 2289.0, "demand_score": 1.6560421697600844 }, "geometry": { "type": "Point", "coordinates": [ -8566967.999999998137355, 4711694.0 ] } },
{ "type": "Feature", "properties": { "degree": 4, "GEOID": "11001007603", "population": 3619.0, "median_income": 2107.0, "demand_score": 1.6559234990750915 }, "geometry": { "type": "Point", "coordinates": [ -8567169.0, 4701556.0 ] } },
{ "type": "Feature", "properties": { "degree": 4, "GEOID": "11001002900", "population": 4576.0, "median_income": 1672.0, "demand_score": 1.6559015107609945 }, "geometry": { "type": "Point", "coordinates": [ -8574773.0, 4712304.999999999068677 ] } },
{ "type": "Feature", "properties": { "degree": 4, "GEOID": "11001009400", "population": 4889.0, "median_income": 1807.0, "demand_score": 1.6553767090304257 }, "geometry": { "type": "Point", "coordinates": [ -8568503.0, 4712869.0 ] } },
{ "type": "Feature", "properties": { "degree": 4, "GEOID": "11001009400", "population": 4889.0, "median_income": 1807.0, "demand_score": 1.6547120924687109 }, "geometry": { "type": "Point", "coordinates": [ -8568954.0, 4712475.0 ] } },
{ "type": "Feature", "properties": { "degree": 5, "GEOID": "11001007901", "population": 4505.0, "median_income": 1728.0, "demand_score": 1.6546624948234507 }, "geometry": { "type": "Point", "coordinates": [ -8569454.0, 4706802.000000000931323 ] } },
{ "type": "Feature", "properties": { "degree": 3, "GEOID": "11001008802", "population": 4607.0, "median_income": 1891.0, "demand_score": 1.6535508640451486 }, "geometry": { "type": "Point", "coordinates": [ -8569687.0, 4707954.999999999068677 ] } },
{ "type": "Feature", "properties": { "degree": 4, "GEOID": "11001009400", "population": 4889.0, "median_income": 1807.0, "demand_score": 1.6532637122439053 }, "geometry": { "type": "Point", "coordinates": [ -8568503.0, 4712839.000000000931323 ] } },
{ "type": "Feature", "properties": { "degree": 4, "GEOID": "11001009505", "population": 4286.0, "median_income": 1820.0, "demand_score": 1.6531612694179012 }, "geometry": { "type": "Point", "coordinates": [ -8572254.0, 4716331.000000000931323 ] } },
{ "type": "Feature", "properties": { "degree": 3, "GEOID": "11001001301", "population": 4041.0, "median_income": 2080.0, "demand_score": 1.6530951066957229 }, "geometry": { "type": "Point", "coordinates": [ -8578389.999999998137355, 4715176.0 ] } },
{ "type": "Feature", "properties": { "degree": 4, "GEOID": "11001007603", "population": 3619.0, "median_income": 2107.0, "demand_score": 1.6529406231785009 }, "geometry": { "type": "Point", "coordinates": [ -8567316.0, 4701249.999999999068677 ] } },
{ "type": "Feature", "properties": { "degree": 4, "GEOID": "11001001901", "population": 4628.0, "median_income": 1654.0, "demand_score": 1.6527115501154603 }, "geometry": { "type": "Point", "coordinates": [ -8574099.999999998137355, 4716654.0 ] } },
{ "type": "Feature", "properties": { "degree": 3, "GEOID": "11001007901", "population": 4505.0, "median_income": 1728.0, "demand_score": 1.6525667462194715 }, "geometry": { "type": "Point", "coordinates": [ -8569620.999999998137355, 4706802.999999999068677 ] } },
{ "type": "Feature", "properties": { "degree": 3, "GEOID": "11001001301", "population": 4041.0, "median_income": 2080.0, "demand_score": 1.6518774105783112 }, "geometry": { "type": "Point", "coordinates": [ -8578515.999999998137355, 4715238.0 ] } },
{ "type": "Feature", "properties": { "degree": 3, "GEOID": "11001007901", "population": 4505.0, "median_income": 1728.0, "demand_score": 1.6516036774245173 }, "geometry": { "type": "Point", "coordinates": [ -8569262.0, 4706802.999999999068677 ] } },
{ "type": "Feature", "properties": { "degree": 3, "GEOID": "11001001901", "population": 4628.0, "median_income": 1654.0, "demand_score": 1.6512487530606803 }, "geometry": { "type": "Point", "coordinates": [ -8573958.0, 4715825.000000000931323 ] } },
{ "type": "Feature", "properties": { "degree": 3, "GEOID": "11001001301", "population": 4041.0, "median_income": 2080.0, "demand_score": 1.6508002386908522 }, "geometry": { "type": "Point", "coordinates": [ -8579089.999999998137355, 4715298.000000000931323 ] } },
{ "type": "Feature", "properties": { "degree": 3, "GEOID": "11001007603", "population": 3619.0, "median_income": 2107.0, "demand_score": 1.6507994150794441 }, "geometry": { "type": "Point", "coordinates": [ -8567431.0, 4701125.999999999068677 ] } },
{ "type": "Feature", "properties": { "degree": 3, "GEOID": "11001009400", "population": 4889.0, "median_income": 1807.0, "demand_score": 1.6504562330253898 }, "geometry": { "type": "Point", "coordinates": [ -8568470.999999998137355, 4712840.0 ] } },
{ "type": "Feature", "properties": { "degree": 3, "GEOID": "11001001901", "population": 4628.0, "median_income": 1654.0, "demand_score": 1.6501023346588701 }, "geometry": { "type": "Point", "coordinates": [ -8573816.0, 4717180.0 ] } },
{ "type": "Feature", "properties": { "degree": 3, "GEOID": "11001009603", "population": 4025.0, "median_income": 1992.0, "demand_score": 1.6497379990589971 }, "geometry": { "type": "Point", "coordinates": [ -8566450.999999998137355, 4706026.000000000931323 ] } },
{ "type": "Feature", "properties": { "degree": 3, "GEOID": "11001007901", "population": 4505.0, "median_income": 1728.0, "demand_score": 1.6494022988824693 }, "geometry": { "type": "Point", "coordinates": [ -8569194.0, 4706802.000000000931323 ] } },
{ "type": "Feature", "properties": { "degree": 3, "GEOID": "11001002900", "population": 4576.0, "median_income": 1672.0, "demand_score": 1.6493987778751018 }, "geometry": { "type": "Point", "coordinates": [ -8575037.0, 4712477.999999999068677 ] } },
{ "type": "Feature", "properties": { "degree": 4, "GEOID": "11001007603", "population": 3619.0, "median_income": 2107.0, "demand_score": 1.6492741055507949 }, "geometry": { "type": "Point", "coordinates": [ -8567169.0, 4701403.0 ] } },
{ "type": "Feature", "properties": { "degree": 3, "GEOID": "11001001301", "population": 4041.0, "median_income": 2080.0, "demand_score": 1.6488364603375878 }, "geometry": { "type": "Point", "coordinates": [ -8578665.0, 4715305.0 ] } },
{ "type": "Feature", "properties": { "degree": 3, "GEOID": "11001009000", "population": 3637.0, "median_income": 2289.0, "demand_score": 1.6486762378533011 }, "geometry": { "type": "Point", "coordinates": [ -8567645.0, 4711041.999999999068677 ] } },
{ "type": "Feature", "properties": { "degree": 3, "GEOID": "11001007803", "population": 4491.0, "median_income": 2357.0, "demand_score": 1.6486633924663985 }, "geometry": { "type": "Point", "coordinates": [ -8564459.0, 4705958.999999999068677 ] } },
{ "type": "Feature", "properties": { "degree": 4, "GEOID": "11001009505", "population": 4286.0, "median_income": 1820.0, "demand_score": 1.6486242986852779 }, "geometry": { "type": "Point", "coordinates": [ -8571909.0, 4716484.000000000931323 ] } },
{ "type": "Feature", "properties": { "degree": 3, "GEOID": "11001001301", "population": 4041.0, "median_income": 2080.0, "demand_score": 1.6480624298104971 }, "geometry": { "type": "Point", "coordinates": [ -8578967.999999998137355, 4715334.0 ] } },
{ "type": "Feature", "properties": { "degree": 3, "GEOID": "11001009505", "population": 4286.0, "median_income": 1820.0, "demand_score": 1.6479467160258121 }, "geometry": { "type": "Point", "coordinates": [ -8572333.0, 4716332.0 ] } },
{ "type": "Feature", "properties": { "degree": 4, "GEOID": "11001001600", "population": 4477.0, "median_income": 1645.0, "demand_score": 1.6477215221507686 }, "geometry": { "type": "Point", "coordinates": [ -8575193.0, 4718621.0 ] } },
{ "type": "Feature", "properties": { "degree": 3, "GEOID": "11001001600", "population": 4477.0, "median_income": 1645.0, "demand_score": 1.6476790230840259 }, "geometry": { "type": "Point", "coordinates": [ -8574905.0, 4719133.999999999068677 ] } },
{ "type": "Feature", "properties": { "degree": 4, "GEOID": "11001001901", "population": 4628.0, "median_income": 1654.0, "demand_score": 1.6475103067949899 }, "geometry": { "type": "Point", "coordinates": [ -8573956.0, 4715763.0 ] } },
{ "type": "Feature", "properties": { "degree": 3, "GEOID": "11001009505", "population": 4286.0, "median_income": 1820.0, "demand_score": 1.6474033933418608 }, "geometry": { "type": "Point", "coordinates": [ -8572043.0, 4716473.999999999068677 ] } },
{ "type": "Feature", "properties": { "degree": 3, "GEOID": "11001009603", "population": 4025.0, "median_income": 1992.0, "demand_score": 1.6470322953188674 }, "geometry": { "type": "Point", "coordinates": [ -8566111.0, 4706368.000000000931323 ] } },
{ "type": "Feature", "properties": { "degree": 4, "GEOID": "11001007803", "population": 4491.0, "median_income": 2357.0, "demand_score": 1.6469176938195611 }, "geometry": { "type": "Point", "coordinates": [ -8564352.0, 4705968.999999999068677 ] } },
{ "type": "Feature", "properties": { "degree": 3, "GEOID": "11001009603", "population": 4025.0, "median_income": 1992.0, "demand_score": 1.6467491726270209 }, "geometry": { "type": "Point", "coordinates": [ -8566095.0, 4706394.0 ] } },
{ "type": "Feature", "properties": { "degree": 3, "GEOID": "11001008802", "population": 4607.0, "median_income": 1891.0, "demand_score": 1.646612976971664 }, "geometry": { "type": "Point", "coordinates": [ -8569653.0, 4708021.000000000931323 ] } },
{ "type": "Feature", "properties": { "degree": 3, "GEOID": "11001009000", "population": 3637.0, "median_income": 2289.0, "demand_score": 1.6465727571539399 }, "geometry": { "type": "Point", "coordinates": [ -8567677.0, 4711010.0 ] } },
{ "type": "Feature", "properties": { "degree": 3, "GEOID": "11001009603", "population": 4025.0, "median_income": 1992.0, "demand_score": 1.6465631846937054 }, "geometry": { "type": "Point", "coordinates": [ -8566175.0, 4706256.0 ] } },
{ "type": "Feature", "properties": { "degree": 3, "GEOID": "11001001901", "population": 4628.0, "median_income": 1654.0, "demand_score": 1.6461817541423822 }, "geometry": { "type": "Point", "coordinates": [ -8573816.0, 4716988.0 ] } },
{ "type": "Feature", "properties": { "degree": 3, "GEOID": "11001009505", "population": 4286.0, "median_income": 1820.0, "demand_score": 1.6460551466927438 }, "geometry": { "type": "Point", "coordinates": [ -8572035.0, 4716487.999999999068677 ] } },
{ "type": "Feature", "properties": { "degree": 4, "GEOID": "11001009400", "population": 4889.0, "median_income": 1807.0, "demand_score": 1.6460439271678542 }, "geometry": { "type": "Point", "coordinates": [ -8568725.999999998137355, 4712532.999999999068677 ] } },
{ "type": "Feature", "properties": { "degree": 4, "GEOID": "11001009603", "population": 4025.0, "median_income": 1992.0, "demand_score": 1.6458253155845042 }, "geometry": { "type": "Point", "coordinates": [ -8566199.0, 4706212.999999999068677 ] } },
{ "type": "Feature", "properties": { "degree": 3, "GEOID": "11001009603", "population": 4025.0, "median_income": 1992.0, "demand_score": 1.6456417900708387 }, "geometry": { "type": "Point", "coordinates": [ -8566049.0, 4706476.000000000931323 ] } },
{ "type": "Feature", "properties": { "degree": 3, "GEOID": "11001007901", "population": 4505.0, "median_income": 1728.0, "demand_score": 1.6455210706075554 }, "geometry": { "type": "Point", "coordinates": [ -8569459.0, 4706882.0 ] } },
{ "type": "Feature", "properties": { "degree": 4, "GEOID": "11001001600", "population": 4477.0, "median_income": 1645.0, "demand_score": 1.6454073081333465 }, "geometry": { "type": "Point", "coordinates": [ -8574713.0, 4719206.000000000931323 ] } },
{ "type": "Feature", "properties": { "degree": 4, "GEOID": "11001009505", "population": 4286.0, "median_income": 1820.0, "demand_score": 1.6452359635747205 }, "geometry": { "type": "Point", "coordinates": [ -8572255.0, 4716410.999999999068677 ] } },
{ "type": "Feature", "properties": { "degree": 3, "GEOID": "11001002900", "population": 4576.0, "median_income": 1672.0, "demand_score": 1.6451262338328032 }, "geometry": { "type": "Point", "coordinates": [ -8574629.000000001862645, 4712304.999999999068677 ] } },
{ "type": "Feature", "properties": { "degree": 4, "GEOID": "11001009400", "population": 4889.0, "median_income": 1807.0, "demand_score": 1.6450154737582847 }, "geometry": { "type": "Point", "coordinates": [ -8568954.0, 4712379.000000000931323 ] } },
{ "type": "Feature", "properties": { "degree": 3, "GEOID": "11001007603", "population": 3619.0, "median_income": 2107.0, "demand_score": 1.6447424387914311 }, "geometry": { "type": "Point", "coordinates": [ -8567762.0, 4700941.999999999068677 ] } },
{ "type": "Feature", "properties": { "degree": 3, "GEOID": "11001007901", "population": 4505.0, "median_income": 1728.0, "demand_score": 1.6443987543052154 }, "geometry": { "type": "Point", "coordinates": [ -8569193.0, 4706847.999999999068677 ] } },
{ "type": "Feature", "properties": { "degree": 4, "GEOID": "11001009400", "population": 4889.0, "median_income": 1807.0, "demand_score": 1.644394201599096 }, "geometry": { "type": "Point", "coordinates": [ -8569340.0, 4712237.0 ] } },
{ "type": "Feature", "properties": { "degree": 4, "GEOID": "11001001901", "population": 4628.0, "median_income": 1654.0, "demand_score": 1.6443489404524201 }, "geometry": { "type": "Point", "coordinates": [ -8573816.0, 4716133.000000000931323 ] } },
{ "type": "Feature", "properties": { "degree": 3, "GEOID": "11001009505", "population": 4286.0, "median_income": 1820.0, "demand_score": 1.6440393747526969 }, "geometry": { "type": "Point", "coordinates": [ -8572118.0, 4716483.0 ] } },
{ "type": "Feature", "properties": { "degree": 4, "GEOID": "11001001901", "population": 4628.0, "median_income": 1654.0, "demand_score": 1.6439504467749093 }, "geometry": { "type": "Point", "coordinates": [ -8573816.0, 4716232.0 ] } },
{ "type": "Feature", "properties": { "degree": 4, "GEOID": "11001009400", "population": 4889.0, "median_income": 1807.0, "demand_score": 1.6438628901458259 }, "geometry": { "type": "Point", "coordinates": [ -8569220.0, 4711395.0 ] } },
{ "type": "Feature", "properties": { "degree": 4, "GEOID": "11001007901", "population": 4505.0, "median_income": 1728.0, "demand_score": 1.6438363462479719 }, "geometry": { "type": "Point", "coordinates": [ -8569620.999999998137355, 4706880.999999999068677 ] } },
{ "type": "Feature", "properties": { "degree": 4, "GEOID": "11001007901", "population": 4505.0, "median_income": 1728.0, "demand_score": 1.6437806546499467 }, "geometry": { "type": "Point", "coordinates": [ -8569386.000000001862645, 4706893.999999999068677 ] } },
{ "type": "Feature", "properties": { "degree": 3, "GEOID": "11001007603", "population": 3619.0, "median_income": 2107.0, "demand_score": 1.6432497834781159 }, "geometry": { "type": "Point", "coordinates": [ -8567316.0, 4701131.999999999068677 ] } },
{ "type": "Feature", "properties": { "degree": 2, "GEOID": "11001007901", "population": 4505.0, "median_income": 1728.0, "demand_score": 1.6432343530934217 }, "geometry": { "type": "Point", "coordinates": [ -8569456.0, 4706901.999999999068677 ] } },
{ "type": "Feature", "properties": { "degree": 4, "GEOID": "11001007603", "population": 3619.0, "median_income": 2107.0, "demand_score": 1.6431002281855203 }, "geometry": { "type": "Point", "coordinates": [ -8567027.0, 4701708.0 ] } },
{ "type": "Feature", "properties": { "degree": 3, "GEOID": "11001001901", "population": 4628.0, "median_income": 1654.0, "demand_score": 1.6428539635967092 }, "geometry": { "type": "Point", "coordinates": [ -8573816.0, 4716905.000000000931323 ] } },
{ "type": "Feature", "properties": { "degree": 3, "GEOID": "11001009505", "population": 4286.0, "median_income": 1820.0, "demand_score": 1.6425895271159729 }, "geometry": { "type": "Point", "coordinates": [ -8572411.0, 4716329.0 ] } },
{ "type": "Feature", "properties": { "degree": 4, "GEOID": "11001001901", "population": 4628.0, "median_income": 1654.0, "demand_score": 1.6421186805704948 }, "geometry": { "type": "Point", "coordinates": [ -8573816.0, 4716331.000000000931323 ] } },
{ "type": "Feature", "properties": { "degree": 3, "GEOID": "11001009505", "population": 4286.0, "median_income": 1820.0, "demand_score": 1.6419438525827719 }, "geometry": { "type": "Point", "coordinates": [ -8572176.0, 4716481.000000000931323 ] } },
{ "type": "Feature", "properties": { "degree": 4, "GEOID": "11001001301", "population": 4041.0, "median_income": 2080.0, "demand_score": 1.641910339074149 }, "geometry": { "type": "Point", "coordinates": [ -8579036.0, 4715383.0 ] } },
{ "type": "Feature", "properties": { "degree": 3, "GEOID": "11001009400", "population": 4889.0, "median_income": 1807.0, "demand_score": 1.6418568067422541 }, "geometry": { "type": "Point", "coordinates": [ -8568503.0, 4712685.999999999068677 ] } },
{ "type": "Feature", "properties": { "degree": 4, "GEOID": "11001001901", "population": 4628.0, "median_income": 1654.0, "demand_score": 1.6418073894089331 }, "geometry": { "type": "Point", "coordinates": [ -8573816.0, 4715967.999999999068677 ] } },
{ "type": "Feature", "properties": { "degree": 4, "GEOID": "11001009400", "population": 4889.0, "median_income": 1807.0, "demand_score": 1.6406861196133458 }, "geometry": { "type": "Point", "coordinates": [ -8568876.0, 4712378.000000000931323 ] } },
{ "type": "Feature", "properties": { "degree": 5, "GEOID": "11001007603", "population": 3619.0, "median_income": 2107.0, "demand_score": 1.6403960608454811 }, "geometry": { "type": "Point", "coordinates": [ -8567783.999999998137355, 4700901.0 ] } },
{ "type": "Feature", "properties": { "degree": 4, "GEOID": "11001007603", "population": 3619.0, "median_income": 2107.0, "demand_score": 1.6402878699785264 }, "geometry": { "type": "Point", "coordinates": [ -8567027.0, 4701556.0 ] } },
{ "type": "Feature", "properties": { "degree": 4, "GEOID": "11001007603", "population": 3619.0, "median_income": 2107.0, "demand_score": 1.6399198173059739 }, "geometry": { "type": "Point", "coordinates": [ -8567169.0, 4701249.0 ] } },
{ "type": "Feature", "properties": { "degree": 3, "GEOID": "11001001901", "population": 4628.0, "median_income": 1654.0, "demand_score": 1.6397553050105267 }, "geometry": { "type": "Point", "coordinates": [ -8573816.0, 4716407.999999999068677 ] } },
{ "type": "Feature", "properties": { "degree": 4, "GEOID": "11001009603", "population": 4025.0, "median_income": 1992.0, "demand_score": 1.6395046316931168 }, "geometry": { "type": "Point", "coordinates": [ -8566306.0, 4706022.999999999068677 ] } },
{ "type": "Feature", "properties": { "degree": 3, "GEOID": "11001009505", "population": 4286.0, "median_income": 1820.0, "demand_score": 1.6389304326275296 }, "geometry": { "type": "Point", "coordinates": [ -8571909.0, 4716568.999999999068677 ] } },
{ "type": "Feature", "properties": { "degree": 3, "GEOID": "11001009400", "population": 4889.0, "median_income": 1807.0, "demand_score": 1.6388467459973373 }, "geometry": { "type": "Point", "coordinates": [ -8568389.0, 4712779.999999999068677 ] } },
{ "type": "Feature", "properties": { "degree": 4, "GEOID": "11001001901", "population": 4628.0, "median_income": 1654.0, "demand_score": 1.6387320932151834 }, "geometry": { "type": "Point", "coordinates": [ -8573816.0, 4716823.0 ] } },
{ "type": "Feature", "properties": { "degree": 3, "GEOID": "11001007901", "population": 4505.0, "median_income": 1728.0, "demand_score": 1.6386314866841212 }, "geometry": { "type": "Point", "coordinates": [ -8569780.0, 4706882.0 ] } },
{ "type": "Feature", "properties": { "degree": 3, "GEOID": "11001001901", "population": 4628.0, "median_income": 1654.0, "demand_score": 1.6383533893794615 }, "geometry": { "type": "Point", "coordinates": [ -8573816.0, 4715866.0 ] } },
{ "type": "Feature", "properties": { "degree": 3, "GEOID": "11001009505", "population": 4286.0, "median_income": 1820.0, "demand_score": 1.6381821164665356 }, "geometry": { "type": "Point", "coordinates": [ -8572390.0, 4716396.0 ] } },
{ "type": "Feature", "properties": { "degree": 3, "GEOID": "11001001600", "population": 4477.0, "median_income": 1645.0, "demand_score": 1.6376535191383896 }, "geometry": { "type": "Point", "coordinates": [ -8574785.999999998137355, 4719264.999999999068677 ] } },
{ "type": "Feature", "properties": { "degree": 3, "GEOID": "11001007605", "population": 3779.0, "median_income": 1926.0, "demand_score": 1.637640047454167 }, "geometry": { "type": "Point", "coordinates": [ -8568465.0, 4702018.0 ] } },
{ "type": "Feature", "properties": { "degree": 3, "GEOID": "11001001600", "population": 4477.0, "median_income": 1645.0, "demand_score": 1.63712554791522 }, "geometry": { "type": "Point", "coordinates": [ -8575271.0, 4718525.0 ] } },
{ "type": "Feature", "properties": { "degree": 4, "GEOID": "11001001901", "population": 4628.0, "median_income": 1654.0, "demand_score": 1.6366357538399443 }, "geometry": { "type": "Point", "coordinates": [ -8573816.0, 4716485.000000000931323 ] } },
{ "type": "Feature", "properties": { "degree": 3, "GEOID": "11001007901", "population": 4505.0, "median_income": 1728.0, "demand_score": 1.6365312496173097 }, "geometry": { "type": "Point", "coordinates": [ -8569367.999999998137355, 4706955.999999999068677 ] } },
{ "type": "Feature", "properties": { "degree": 3, "GEOID": "11001007603", "population": 3619.0, "median_income": 2107.0, "demand_score": 1.6361948140651246 }, "geometry": { "type": "Point", "coordinates": [ -8567425.0, 4700979.0 ] } },
{ "type": "Feature", "properties": { "degree": 4, "GEOID": "11001007603", "population": 3619.0, "median_income": 2107.0, "demand_score": 1.6347206396801859 }, "geometry": { "type": "Point", "coordinates": [ -8567027.999999998137355, 4701403.0 ] } },
{ "type": "Feature", "properties": { "degree": 4, "GEOID": "11001001600", "population": 4477.0, "median_income": 1645.0, "demand_score": 1.6343852948170707 }, "geometry": { "type": "Point", "coordinates": [ -8575106.999999998137355, 4719134.999999999068677 ] } },
{ "type": "Feature", "properties": { "degree": 3, "GEOID": "11001001301", "population": 4041.0, "median_income": 2080.0, "demand_score": 1.6337938301008534 }, "geometry": { "type": "Point", "coordinates": [ -8579126.0, 4715443.0 ] } },
{ "type": "Feature", "properties": { "degree": 2, "GEOID": "11001007901", "population": 4505.0, "median_income": 1728.0, "demand_score": 1.6337005762313983 }, "geometry": { "type": "Point", "coordinates": [ -8569163.999999998137355, 4706936.999999999068677 ] } },
{ "type": "Feature", "properties": { "degree": 3, "GEOID": "11001001901", "population": 4628.0, "median_income": 1654.0, "demand_score": 1.6336961367850309 }, "geometry": { "type": "Point", "coordinates": [ -8573816.0, 4716738.0 ] } },
{ "type": "Feature", "properties": { "degree": 4, "GEOID": "11001001901", "population": 4628.0, "median_income": 1654.0, "demand_score": 1.6335795364965804 }, "geometry": { "type": "Point", "coordinates": [ -8573816.0, 4715763.0 ] } },
{ "type": "Feature", "properties": { "degree": 4, "GEOID": "11001001600", "population": 4477.0, "median_income": 1645.0, "demand_score": 1.6335184879796736 }, "geometry": { "type": "Point", "coordinates": [ -8574905.0, 4719269.0 ] } },
{ "type": "Feature", "properties": { "degree": 3, "GEOID": "11001009603", "population": 4025.0, "median_income": 1992.0, "demand_score": 1.6333697316445424 }, "geometry": { "type": "Point", "coordinates": [ -8566073.999999998137355, 4706199.0 ] } },
{ "type": "Feature", "properties": { "degree": 4, "GEOID": "11001001600", "population": 4477.0, "median_income": 1645.0, "demand_score": 1.633188304751847 }, "geometry": { "type": "Point", "coordinates": [ -8575320.000000001862645, 4718720.999999999068677 ] } },
{ "type": "Feature", "properties": { "degree": 4, "GEOID": "11001001600", "population": 4477.0, "median_income": 1645.0, "demand_score": 1.6331301697215148 }, "geometry": { "type": "Point", "coordinates": [ -8575321.0, 4718620.0 ] } },
{ "type": "Feature", "properties": { "degree": 3, "GEOID": "11001001901", "population": 4628.0, "median_income": 1654.0, "demand_score": 1.6324541050054995 }, "geometry": { "type": "Point", "coordinates": [ -8573816.0, 4716568.999999999068677 ] } },
{ "type": "Feature", "properties": { "degree": 3, "GEOID": "11001007605", "population": 3779.0, "median_income": 1926.0, "demand_score": 1.6320710345254539 }, "geometry": { "type": "Point", "coordinates": [ -8568348.999999998137355, 4702245.0 ] } },
{ "type": "Feature", "properties": { "degree": 3, "GEOID": "11001009400", "population": 4889.0, "median_income": 1807.0, "demand_score": 1.6318174223856021 }, "geometry": { "type": "Point", "coordinates": [ -8569269.0, 4711502.999999999068677 ] } },
{ "type": "Feature", "properties": { "degree": 4, "GEOID": "11001009400", "population": 4889.0, "median_income": 1807.0, "demand_score": 1.6317392961514554 }, "geometry": { "type": "Point", "coordinates": [ -8568725.999999998137355, 4712379.000000000931323 ] } },
{ "type": "Feature", "properties": { "degree": 4, "GEOID": "11001007901", "population": 4505.0, "median_income": 1728.0, "demand_score": 1.6316422295213768 }, "geometry": { "type": "Point", "coordinates": [ -8569047.999999998137355, 4706908.999999999068677 ] } },
{ "type": "Feature", "properties": { "degree": 4, "GEOID": "11001007603", "population": 3619.0, "median_income": 2107.0, "demand_score": 1.6314417685166678 }, "geometry": { "type": "Point", "coordinates": [ -8567169.0, 4701131.999999999068677 ] } },
{ "type": "Feature", "properties": { "degree": 4, "GEOID": "11001001002", "population": 3438.0, "median_income": 2032.0, "demand_score": 1.6310764773490307 }, "geometry": { "type": "Point", "coordinates": [ -8580061.0, 4712707.0 ] } },
{ "type": "Feature", "properties": { "degree": 3, "GEOID": "11001001301", "population": 4041.0, "median_income": 2080.0, "demand_score": 1.6307330847760864 }, "geometry": { "type": "Point", "coordinates": [ -8578700.0, 4715495.999999999068677 ] } },
{ "type": "Feature", "properties": { "degree": 4, "GEOID": "11001009400", "population": 4889.0, "median_income": 1807.0, "demand_score": 1.6304200798197497 }, "geometry": { "type": "Point", "coordinates": [ -8568954.0, 4712237.0 ] } },
{ "type": "Feature", "properties": { "degree": 3, "GEOID": "11001001002", "population": 3438.0, "median_income": 2032.0, "demand_score": 1.6301668038866255 }, "geometry": { "type": "Point", "coordinates": [ -8580091.999999998137355, 4712696.0 ] } },
{ "type": "Feature", "properties": { "degree": 3, "GEOID": "11001009505", "population": 4286.0, "median_income": 1820.0, "demand_score": 1.6301268825360948 }, "geometry": { "type": "Point", "coordinates": [ -8572123.0, 4716608.999999999068677 ] } },
{ "type": "Feature", "properties": { "degree": 4, "GEOID": "11001001600", "population": 4477.0, "median_income": 1645.0, "demand_score": 1.6300153427982196 }, "geometry": { "type": "Point", "coordinates": [ -8575321.0, 4718862.999999999068677 ] } },
{ "type": "Feature", "properties": { "degree": 4, "GEOID": "11001001600", "population": 4477.0, "median_income": 1645.0, "demand_score": 1.6299315475019962 }, "geometry": { "type": "Point", "coordinates": [ -8575320.000000001862645, 4718466.000000000931323 ] } },
{ "type": "Feature", "properties": { "degree": 4, "GEOID": "11001009400", "population": 4889.0, "median_income": 1807.0, "demand_score": 1.6295351289050075 }, "geometry": { "type": "Point", "coordinates": [ -8568503.0, 4712532.999999999068677 ] } },
{ "type": "Feature", "properties": { "degree": 4, "GEOID": "11001007603", "population": 3619.0, "median_income": 2107.0, "demand_score": 1.6294980885553794 }, "geometry": { "type": "Point", "coordinates": [ -8567316.0, 4700979.0 ] } },
{ "type": "Feature", "properties": { "degree": 3, "GEOID": "11001007901", "population": 4505.0, "median_income": 1728.0, "demand_score": 1.6294235225477482 }, "geometry": { "type": "Point", "coordinates": [ -8569609.999999998137355, 4707011.0 ] } },
{ "type": "Feature", "properties": { "degree": 3, "GEOID": "11001009505", "population": 4286.0, "median_income": 1820.0, "demand_score": 1.6291303345645609 }, "geometry": { "type": "Point", "coordinates": [ -8572195.0, 4716594.0 ] } },
{ "type": "Feature", "properties": { "degree": 3, "GEOID": "11001007901", "population": 4505.0, "median_income": 1728.0, "demand_score": 1.6288486352868694 }, "geometry": { "type": "Point", "coordinates": [ -8569352.999999998137355, 4707021.999999999068677 ] } },
{ "type": "Feature", "properties": { "degree": 3, "GEOID": "11001009505", "population": 4286.0, "median_income": 1820.0, "demand_score": 1.6282859453396958 }, "geometry": { "type": "Point", "coordinates": [ -8571914.0, 4716662.0 ] } },
{ "type": "Feature", "properties": { "degree": 4, "GEOID": "11001001901", "population": 4628.0, "median_income": 1654.0, "demand_score": 1.6279947538132138 }, "geometry": { "type": "Point", "coordinates": [ -8573816.0, 4716653.0 ] } },
{ "type": "Feature", "properties": { "degree": 4, "GEOID": "11001001600", "population": 4477.0, "median_income": 1645.0, "demand_score": 1.6278516614920731 }, "geometry": { "type": "Point", "coordinates": [ -8574593.0, 4719355.999999998137355 ] } },
{ "type": "Feature", "properties": { "degree": 3, "GEOID": "11001009400", "population": 4889.0, "median_income": 1807.0, "demand_score": 1.6275529947238891 }, "geometry": { "type": "Point", "coordinates": [ -8568277.0, 4712765.0 ] } },
{ "type": "Feature", "properties": { "degree": 4, "GEOID": "11001001600", "population": 4477.0, "median_income": 1645.0, "demand_score": 1.6272029934612748 }, "geometry": { "type": "Point", "coordinates": [ -8574560.0, 4719357.0 ] } },
{ "type": "Feature", "properties": { "degree": 4, "GEOID": "11001009505", "population": 4286.0, "median_income": 1820.0, "demand_score": 1.6269128781958007 }, "geometry": { "type": "Point", "coordinates": [ -8571929.0, 4716672.999999999068677 ] } },
{ "type": "Feature", "properties": { "degree": 3, "GEOID": "11001001002", "population": 3438.0, "median_income": 2032.0, "demand_score": 1.6267951552242481 }, "geometry": { "type": "Point", "coordinates": [ -8579868.0, 4712814.999999999068677 ] } },
{ "type": "Feature", "properties": { "degree": 4, "GEOID": "11001008702", "population": 3430.0, "median_income": 2021.0, "demand_score": 1.626685202643138 }, "geometry": { "type": "Point", "coordinates": [ -8571665.000000001862645, 4709594.999999999068677 ] } },
{ "type": "Feature", "properties": { "degree": 4, "GEOID": "11001007603", "population": 3619.0, "median_income": 2107.0, "demand_score": 1.6265548515771742 }, "geometry": { "type": "Point", "coordinates": [ -8567027.999999998137355, 4701249.0 ] } },
{ "type": "Feature", "properties": { "degree": 3, "GEOID": "11001001301", "population": 4041.0, "median_income": 2080.0, "demand_score": 1.6264010689520214 }, "geometry": { "type": "Point", "coordinates": [ -8578765.999999998137355, 4715589.999999999068677 ] } },
{ "type": "Feature", "properties": { "degree": 4, "GEOID": "11001007603", "population": 3619.0, "median_income": 2107.0, "demand_score": 1.6259969069427964 }, "geometry": { "type": "Point", "coordinates": [ -8566877.0, 4701708.0 ] } },
{ "type": "Feature", "properties": { "degree": 3, "GEOID": "11001009508", "population": 3908.0, "median_income": 1827.0, "demand_score": 1.6259896377112042 }, "geometry": { "type": "Point", "coordinates": [ -8572466.0, 4715007.0 ] } },
{ "type": "Feature", "properties": { "degree": 3, "GEOID": "11001001600", "population": 4477.0, "median_income": 1645.0, "demand_score": 1.6246944980169924 }, "geometry": { "type": "Point", "coordinates": [ -8574905.0, 4719351.0 ] } },
{ "type": "Feature", "properties": { "degree": 3, "GEOID": "11001009603", "population": 4025.0, "median_income": 1992.0, "demand_score": 1.6242358298476711 }, "geometry": { "type": "Point", "coordinates": [ -8566199.999999998137355, 4705938.0 ] } },
{ "type": "Feature", "properties": { "degree": 3, "GEOID": "11001001002", "population": 3438.0, "median_income": 2032.0, "demand_score": 1.6241328108289317 }, "geometry": { "type": "Point", "coordinates": [ -8580232.999999998137355, 4712636.000000000931323 ] } },
{ "type": "Feature", "properties": { "degree": 4, "GEOID": "11001001600", "population": 4477.0, "median_income": 1645.0, "demand_score": 1.6241071627994512 }, "geometry": { "type": "Point", "coordinates": [ -8575320.000000001862645, 4719002.0 ] } },
{ "type": "Feature", "properties": { "degree": 4, "GEOID": "11001007603", "population": 3619.0, "median_income": 2107.0, "demand_score": 1.6237069752101165 }, "geometry": { "type": "Point", "coordinates": [ -8566878.0, 4701556.0 ] } },
{ "type": "Feature", "properties": { "degree": 4, "GEOID": "11001008702", "population": 3430.0, "median_income": 2021.0, "demand_score": 1.6236828649222228 }, "geometry": { "type": "Point", "coordinates": [ -8571991.0, 4709586.0 ] } },
{ "type": "Feature", "properties": { "degree": 3, "GEOID": "11001001002", "population": 3438.0, "median_income": 2032.0, "demand_score": 1.6234918041820516 }, "geometry": { "type": "Point", "coordinates": [ -8580265.0, 4712778.0 ] } },
{ "type": "Feature", "properties": { "degree": 3, "GEOID": "11001009603", "population": 4025.0, "median_income": 1992.0, "demand_score": 1.6233327445579664 }, "geometry": { "type": "Point", "coordinates": [ -8566073.999999998137355, 4706054.999999999068677 ] } },
{ "type": "Feature", "properties": { "degree": 3, "GEOID": "11001009505", "population": 4286.0, "median_income": 1820.0, "demand_score": 1.6233105471481761 }, "geometry": { "type": "Point", "coordinates": [ -8572235.0, 4716633.0 ] } },
{ "type": "Feature", "properties": { "degree": 3, "GEOID": "11001007605", "population": 3779.0, "median_income": 1926.0, "demand_score": 1.623285641588406 }, "geometry": { "type": "Point", "coordinates": [ -8568575.0, 4702078.999999999068677 ] } },
{ "type": "Feature", "properties": { "degree": 3, "GEOID": "11001009505", "population": 4286.0, "median_income": 1820.0, "demand_score": 1.6231842728963095 }, "geometry": { "type": "Point", "coordinates": [ -8571977.0, 4716700.999999999068677 ] } },
{ "type": "Feature", "properties": { "degree": 4, "GEOID": "11001009508", "population": 3908.0, "median_income": 1827.0, "demand_score": 1.6228737604086141 }, "geometry": { "type": "Point", "coordinates": [ -8571371.0, 4715410.999999999068677 ] } },
{ "type": "Feature", "properties": { "degree": 3, "GEOID": "11001007901", "population": 4505.0, "median_income": 1728.0, "demand_score": 1.622781942224744 }, "geometry": { "type": "Point", "coordinates": [ -8569781.0, 4707029.000000000931323 ] } },
{ "type": "Feature", "properties": { "degree": 4, "GEOID": "11001001803", "population": 4218.0, "median_income": 1681.0, "demand_score": 1.622765729979003 }, "geometry": { "type": "Point", "coordinates": [ -8575321.0, 4716924.999999999068677 ] } },
{ "type": "Feature", "properties": { "degree": 2, "GEOID": "11001008702", "population": 3430.0, "median_income": 2021.0, "demand_score": 1.622571054738672 }, "geometry": { "type": "Point", "coordinates": [ -8571561.0, 4709599.0 ] } },
{ "type": "Feature", "properties": { "degree": 3, "GEOID": "11001001301", "population": 4041.0, "median_income": 2080.0, "demand_score": 1.622522688590057 }, "geometry": { "type": "Point", "coordinates": [ -8578815.0, 4715556.000000000931323 ] } },
{ "type": "Feature", "properties": { "degree": 3, "GEOID": "11001007901", "population": 4505.0, "median_income": 1728.0, "demand_score": 1.6223036882024644 }, "geometry": { "type": "Point", "coordinates": [ -8569596.0, 4707076.000000000931323 ] } },
{ "type": "Feature", "properties": { "degree": 4, "GEOID": "11001000202", "population": 3919.0, "median_income": 1802.0, "demand_score": 1.6218705868684797 }, "geometry": { "type": "Point", "coordinates": [ -8579309.0, 4709172.0 ] } },
{ "type": "Feature", "properties": { "degree": 3, "GEOID": "11001007603", "population": 3619.0, "median_income": 2107.0, "demand_score": 1.6214510673626035 }, "geometry": { "type": "Point", "coordinates": [ -8567575.0, 4700774.999999999068677 ] } },
{ "type": "Feature", "properties": { "degree": 4, "GEOID": "11001000202", "population": 3919.0, "median_income": 1802.0, "demand_score": 1.6214010956336535 }, "geometry": { "type": "Point", "coordinates": [ -8578954.999999998137355, 4708473.0 ] } },
{ "type": "Feature", "properties": { "degree": 3, "GEOID": "11001009505", "population": 4286.0, "median_income": 1820.0, "demand_score": 1.621294901563874 }, "geometry": { "type": "Point", "coordinates": [ -8572488.0, 4716506.999999999068677 ] } },
{ "type": "Feature", "properties": { "degree": 4, "GEOID": "11001007901", "population": 4505.0, "median_income": 1728.0, "demand_score": 1.6212630930434577 }, "geometry": { "type": "Point", "coordinates": [ -8569141.0, 4707044.0 ] } },
{ "type": "Feature", "properties": { "degree": 3, "GEOID": "11001001803", "population": 4218.0, "median_income": 1681.0, "demand_score": 1.6212045202328111 }, "geometry": { "type": "Point", "coordinates": [ -8575651.0, 4716823.999999999068677 ] } },
{ "type": "Feature", "properties": { "degree": 4, "GEOID": "11001001600", "population": 4477.0, "median_income": 1645.0, "demand_score": 1.621191303669594 }, "geometry": { "type": "Point", "coordinates": [ -8574785.999999998137355, 4719411.0 ] } },
{ "type": "Feature", "properties": { "degree": 4, "GEOID": "11001007901", "population": 4505.0, "median_income": 1728.0, "demand_score": 1.6210455673300879 }, "geometry": { "type": "Point", "coordinates": [ -8569338.0, 4707089.0 ] } },
{ "type": "Feature", "properties": { "degree": 4, "GEOID": "11001000202", "population": 3919.0, "median_income": 1802.0, "demand_score": 1.6209189585922641 }, "geometry": { "type": "Point", "coordinates": [ -8579152.0, 4708083.000000000931323 ] } },
{ "type": "Feature", "properties": { "degree": 3, "GEOID": "11001001301", "population": 4041.0, "median_income": 2080.0, "demand_score": 1.6205672329520595 }, "geometry": { "type": "Point", "coordinates": [ -8578910.0, 4715575.999999999068677 ] } },
{ "type": "Feature", "properties": { "degree": 4, "GEOID": "11001001600", "population": 4477.0, "median_income": 1645.0, "demand_score": 1.6204473150009302 }, "geometry": { "type": "Point", "coordinates": [ -8575137.000000001862645, 4719269.0 ] } },
{ "type": "Feature", "properties": { "degree": 3, "GEOID": "11001009400", "population": 4889.0, "median_income": 1807.0, "demand_score": 1.6203720951416076 }, "geometry": { "type": "Point", "coordinates": [ -8568389.0, 4712532.999999999068677 ] } },
{ "type": "Feature", "properties": { "degree": 4, "GEOID": "11001009400", "population": 4889.0, "median_income": 1807.0, "demand_score": 1.6203103339512137 }, "geometry": { "type": "Point", "coordinates": [ -8568762.0, 4712238.0 ] } },
{ "type": "Feature", "properties": { "degree": 3, "GEOID": "11001001600", "population": 4477.0, "median_income": 1645.0, "demand_score": 1.6200142552225214 }, "geometry": { "type": "Point", "coordinates": [ -8574562.0, 4719420.999999999068677 ] } },
{ "type": "Feature", "properties": { "degree": 4, "GEOID": "11001009400", "population": 4889.0, "median_income": 1807.0, "demand_score": 1.6196576739444246 }, "geometry": { "type": "Point", "coordinates": [ -8569323.000000001862645, 4711954.999999999068677 ] } },
{ "type": "Feature", "properties": { "degree": 3, "GEOID": "11001009508", "population": 3908.0, "median_income": 1827.0, "demand_score": 1.6194310815535673 }, "geometry": { "type": "Point", "coordinates": [ -8571549.0, 4715189.0 ] } },
{ "type": "Feature", "properties": { "degree": 4, "GEOID": "11001000202", "population": 3919.0, "median_income": 1802.0, "demand_score": 1.6193273640004522 }, "geometry": { "type": "Point", "coordinates": [ -8579148.999999998137355, 4708205.999999999068677 ] } },
{ "type": "Feature", "properties": { "degree": 4, "GEOID": "11001007901", "population": 4505.0, "median_income": 1728.0, "demand_score": 1.6192547262829666 }, "geometry": { "type": "Point", "coordinates": [ -8569023.0, 4707017.000000000931323 ] } },
{ "type": "Feature", "properties": { "degree": 4, "GEOID": "11001007603", "population": 3619.0, "median_income": 2107.0, "demand_score": 1.6190954929163168 }, "geometry": { "type": "Point", "coordinates": [ -8567170.000000001862645, 4700979.0 ] } },
{ "type": "Feature", "properties": { "degree": 3, "GEOID": "11001007603", "population": 3619.0, "median_income": 2107.0, "demand_score": 1.6190058320520944 }, "geometry": { "type": "Point", "coordinates": [ -8567027.999999998137355, 4701131.999999999068677 ] } },
{ "type": "Feature", "properties": { "degree": 4, "GEOID": "11001008702", "population": 3430.0, "median_income": 2021.0, "demand_score": 1.61900297279912 }, "geometry": { "type": "Point", "coordinates": [ -8571664.0, 4710101.999999999068677 ] } },
{ "type": "Feature", "properties": { "degree": 3, "GEOID": "11001000202", "population": 3919.0, "median_income": 1802.0, "demand_score": 1.6185961715424624 }, "geometry": { "type": "Point", "coordinates": [ -8579148.999999998137355, 4707915.999999999068677 ] } },
{ "type": "Feature", "properties": { "degree": 4, "GEOID": "11001009400", "population": 4889.0, "median_income": 1807.0, "demand_score": 1.6180917522852376 }, "geometry": { "type": "Point", "coordinates": [ -8568725.999999998137355, 4712237.0 ] } },
{ "type": "Feature", "properties": { "degree": 3, "GEOID": "11001009508", "population": 3908.0, "median_income": 1827.0, "demand_score": 1.617821086284174 }, "geometry": { "type": "Point", "coordinates": [ -8572112.0, 4715148.0 ] } },
{ "type": "Feature", "properties": { "degree": 4, "GEOID": "11001009505", "population": 4286.0, "median_income": 1820.0, "demand_score": 1.6173863672524509 }, "geometry": { "type": "Point", "coordinates": [ -8571876.0, 4716758.999999999068677 ] } },
{ "type": "Feature", "properties": { "degree": 3, "GEOID": "11001008702", "population": 3430.0, "median_income": 2021.0, "demand_score": 1.6171313717533922 }, "geometry": { "type": "Point", "coordinates": [ -8571826.999999998137355, 4709687.999999998137355 ] } },
{ "type": "Feature", "properties": { "degree": 4, "GEOID": "11001009400", "population": 4889.0, "median_income": 1807.0, "demand_score": 1.6162878730025561 }, "geometry": { "type": "Point", "coordinates": [ -8568503.0, 4712378.000000000931323 ] } },
{ "type": "Feature", "properties": { "degree": 3, "GEOID": "11001008702", "population": 3430.0, "median_income": 2021.0, "demand_score": 1.6162481031201532 }, "geometry": { "type": "Point", "coordinates": [ -8571664.0, 4709687.999999998137355 ] } },
{ "type": "Feature", "properties": { "degree": 4, "GEOID": "11001001600", "population": 4477.0, "median_income": 1645.0, "demand_score": 1.6160979451886464 }, "geometry": { "type": "Point", "coordinates": [ -8575320.000000001862645, 4719134.999999999068677 ] } },
{ "type": "Feature", "properties": { "degree": 4, "GEOID": "11001009505", "population": 4286.0, "median_income": 1820.0, "demand_score": 1.615943566180557 }, "geometry": { "type": "Point", "coordinates": [ -8572136.999999998137355, 4716733.999999999068677 ] } },
{ "type": "Feature", "properties": { "degree": 4, "GEOID": "11001009400", "population": 4889.0, "median_income": 1807.0, "demand_score": 1.615791633805145 }, "geometry": { "type": "Point", "coordinates": [ -8569306.0, 4711671.999999999068677 ] } },
{ "type": "Feature", "properties": { "degree": 4, "GEOID": "11001009400", "population": 4889.0, "median_income": 1807.0, "demand_score": 1.6156857251722041 }, "geometry": { "type": "Point", "coordinates": [ -8568954.0, 4712096.0 ] } },
{ "type": "Feature", "properties": { "degree": 3, "GEOID": "11001009508", "population": 3908.0, "median_income": 1827.0, "demand_score": 1.6149636423026688 }, "geometry": { "type": "Point", "coordinates": [ -8572537.0, 4714858.0 ] } },
{ "type": "Feature", "properties": { "degree": 4, "GEOID": "11001007901", "population": 4505.0, "median_income": 1728.0, "demand_score": 1.6148999143034866 }, "geometry": { "type": "Point", "coordinates": [ -8569582.0, 4707143.0 ] } },
{ "type": "Feature", "properties": { "degree": 4, "GEOID": "11001000202", "population": 3919.0, "median_income": 1802.0, "demand_score": 1.6144137304818118 }, "geometry": { "type": "Point", "coordinates": [ -8579149.999999998137355, 4708325.999999999068677 ] } },
{ "type": "Feature", "properties": { "degree": 4, "GEOID": "11001001600", "population": 4477.0, "median_income": 1645.0, "demand_score": 1.6142273986581726 }, "geometry": { "type": "Point", "coordinates": [ -8574905.0, 4719447.000000000931323 ] } },
{ "type": "Feature", "properties": { "degree": 4, "GEOID": "11001009400", "population": 4889.0, "median_income": 1807.0, "demand_score": 1.6138859157524741 }, "geometry": { "type": "Point", "coordinates": [ -8568725.999999998137355, 4712193.999999999068677 ] } },
{ "type": "Feature", "properties": { "degree": 4, "GEOID": "11001008702", "population": 3430.0, "median_income": 2021.0, "demand_score": 1.613121771448353 }, "geometry": { "type": "Point", "coordinates": [ -8571548.0, 4709949.000000000931323 ] } },
{ "type": "Feature", "properties": { "degree": 4, "GEOID": "11001001803", "population": 4218.0, "median_income": 1681.0, "demand_score": 1.6116896801975222 }, "geometry": { "type": "Point", "coordinates": [ -8575651.0, 4716926.0 ] } },
{ "type": "Feature", "properties": { "degree": 4, "GEOID": "11001009508", "population": 3908.0, "median_income": 1827.0, "demand_score": 1.6113649570966826 }, "geometry": { "type": "Point", "coordinates": [ -8572473.0, 4714853.0 ] } },
{ "type": "Feature", "properties": { "degree": 3, "GEOID": "11001009400", "population": 4889.0, "median_income": 1807.0, "demand_score": 1.611049346610643 }, "geometry": { "type": "Point", "coordinates": [ -8568277.0, 4712533.999999999068677 ] } },
{ "type": "Feature", "properties": { "degree": 3, "GEOID": "11001007901", "population": 4505.0, "median_income": 1728.0, "demand_score": 1.6110208355037532 }, "geometry": { "type": "Point", "coordinates": [ -8569122.0, 4707132.000000000931323 ] } },
{ "type": "Feature", "properties": { "degree": 4, "GEOID": "11001001803", "population": 4218.0, "median_income": 1681.0, "demand_score": 1.6109932235555195 }, "geometry": { "type": "Point", "coordinates": [ -8575321.0, 4717028.0 ] } },
{ "type": "Feature", "properties": { "degree": 3, "GEOID": "11001007901", "population": 4505.0, "median_income": 1728.0, "demand_score": 1.6108976775708175 }, "geometry": { "type": "Point", "coordinates": [ -8569318.000000001862645, 4707176.0 ] } },
{ "type": "Feature", "properties": { "degree": 3, "GEOID": "11001000202", "population": 3919.0, "median_income": 1802.0, "demand_score": 1.6107440575651437 }, "geometry": { "type": "Point", "coordinates": [ -8579241.0, 4708085.000000000931323 ] } },
{ "type": "Feature", "properties": { "degree": 4, "GEOID": "11001007603", "population": 3619.0, "median_income": 2107.0, "demand_score": 1.6104805360231262 }, "geometry": { "type": "Point", "coordinates": [ -8566741.0, 4701708.0 ] } },
{ "type": "Feature", "properties": { "degree": 3, "GEOID": "11001007603", "population": 3619.0, "median_income": 2107.0, "demand_score": 1.6101648411968437 }, "geometry": { "type": "Point", "coordinates": [ -8566740.0, 4701862.0 ] } },
{ "type": "Feature", "properties": { "degree": 4, "GEOID": "11001000202", "population": 3919.0, "median_income": 1802.0, "demand_score": 1.6101265887196741 }, "geometry": { "type": "Point", "coordinates": [ -8579158.999999998137355, 4709034.999999999068677 ] } },
{ "type": "Feature", "properties": { "degree": 2, "GEOID": "11001009603", "population": 4025.0, "median_income": 1992.0, "demand_score": 1.6101072094485573 }, "geometry": { "type": "Point", "coordinates": [ -8566045.000000001862645, 4705915.0 ] } },
{ "type": "Feature", "properties": { "degree": 3, "GEOID": "11001000202", "population": 3919.0, "median_income": 1802.0, "demand_score": 1.610017330725531 }, "geometry": { "type": "Point", "coordinates": [ -8578757.0, 4708671.999999999068677 ] } },
{ "type": "Feature", "properties": { "degree": 3, "GEOID": "11001000202", "population": 3919.0, "median_income": 1802.0, "demand_score": 1.6094696424361516 }, "geometry": { "type": "Point", "coordinates": [ -8579306.0, 4709055.999999999068677 ] } },
{ "type": "Feature", "properties": { "degree": 3, "GEOID": "11001001600", "population": 4477.0, "median_income": 1645.0, "demand_score": 1.6089545599838222 }, "geometry": { "type": "Point", "coordinates": [ -8575533.0, 4718621.0 ] } },
{ "type": "Feature", "properties": { "degree": 3, "GEOID": "11001000202", "population": 3919.0, "median_income": 1802.0, "demand_score": 1.608300304587182 }, "geometry": { "type": "Point", "coordinates": [ -8578961.999999998137355, 4709038.999999999068677 ] } },
{ "type": "Feature", "properties": { "degree": 4, "GEOID": "11001007603", "population": 3619.0, "median_income": 2107.0, "demand_score": 1.6082482989314346 }, "geometry": { "type": "Point", "coordinates": [ -8566740.0, 4701556.0 ] } },
{ "type": "Feature", "properties": { "degree": 4, "GEOID": "11001009400", "population": 4889.0, "median_income": 1807.0, "demand_score": 1.6082396124369125 }, "geometry": { "type": "Point", "coordinates": [ -8568954.0, 4711673.0 ] } },
{ "type": "Feature", "properties": { "degree": 4, "GEOID": "11001001600", "population": 4477.0, "median_income": 1645.0, "demand_score": 1.6078208953623885 }, "geometry": { "type": "Point", "coordinates": [ -8575167.999999998137355, 4719382.999999999068677 ] } },
{ "type": "Feature", "properties": { "degree": 4, "GEOID": "11001000202", "population": 3919.0, "median_income": 1802.0, "demand_score": 1.6077770582067821 }, "geometry": { "type": "Point", "coordinates": [ -8578956.999999998137355, 4708615.999999999068677 ] } },
{ "type": "Feature", "properties": { "degree": 2, "GEOID": "11001007603", "population": 3619.0, "median_income": 2107.0, "demand_score": 1.6077294206952675 }, "geometry": { "type": "Point", "coordinates": [ -8567458.999999998137355, 4700687.999999999068677 ] } },
{ "type": "Feature", "properties": { "degree": 4, "GEOID": "11001009508", "population": 3908.0, "median_income": 1827.0, "demand_score": 1.6073873379151167 }, "geometry": { "type": "Point", "coordinates": [ -8571472.0, 4715112.999999999068677 ] } },
{ "type": "Feature", "properties": { "degree": 3, "GEOID": "11001007605", "population": 3779.0, "median_income": 1926.0, "demand_score": 1.6073098883429953 }, "geometry": { "type": "Point", "coordinates": [ -8568284.999999998137355, 4702535.999999999068677 ] } },
{ "type": "Feature", "properties": { "degree": 3, "GEOID": "11001009505", "population": 4286.0, "median_income": 1820.0, "demand_score": 1.6068917127094746 }, "geometry": { "type": "Point", "coordinates": [ -8572361.0, 4716733.999999999068677 ] } },
{ "type": "Feature", "properties": { "degree": 3, "GEOID": "11001000202", "population": 3919.0, "median_income": 1802.0, "demand_score": 1.6066593231567343 }, "geometry": { "type": "Point", "coordinates": [ -8579305.0, 4709030.0 ] } },
{ "type": "Feature", "properties": { "degree": 3, "GEOID": "11001000202", "population": 3919.0, "median_income": 1802.0, "demand_score": 1.606523207953007 }, "geometry": { "type": "Point", "coordinates": [ -8579278.0, 4708080.999999999068677 ] } },
{ "type": "Feature", "properties": { "degree": 4, "GEOID": "11001001600", "population": 4477.0, "median_income": 1645.0, "demand_score": 1.6063392141945261 }, "geometry": { "type": "Point", "coordinates": [ -8575320.000000001862645, 4719269.0 ] } },
{ "type": "Feature", "properties": { "degree": 2, "GEOID": "11001009508", "population": 3908.0, "median_income": 1827.0, "demand_score": 1.6062847306843429 }, "geometry": { "type": "Point", "coordinates": [ -8572096.0, 4715032.0 ] } },
{ "type": "Feature", "properties": { "degree": 4, "GEOID": "11001008702", "population": 3430.0, "median_income": 2021.0, "demand_score": 1.605919794972271 }, "geometry": { "type": "Point", "coordinates": [ -8571664.0, 4709949.000000000931323 ] } },
{ "type": "Feature", "properties": { "degree": 4, "GEOID": "11001000202", "population": 3919.0, "median_income": 1802.0, "demand_score": 1.6055435006746819 }, "geometry": { "type": "Point", "coordinates": [ -8579152.0, 4708469.0 ] } },
{ "type": "Feature", "properties": { "degree": 3, "GEOID": "11001008702", "population": 3430.0, "median_income": 2021.0, "demand_score": 1.6055152571830968 }, "geometry": { "type": "Point", "coordinates": [ -8571826.999999998137355, 4709790.000000000931323 ] } },
{ "type": "Feature", "properties": { "degree": 3, "GEOID": "11001001803", "population": 4218.0, "median_income": 1681.0, "demand_score": 1.6053964926153026 }, "geometry": { "type": "Point", "coordinates": [ -8575560.000000001862645, 4717033.0 ] } },
{ "type": "Feature", "properties": { "degree": 3, "GEOID": "11001007603", "population": 3619.0, "median_income": 2107.0, "demand_score": 1.6050200232053518 }, "geometry": { "type": "Point", "coordinates": [ -8566993.000000001862645, 4700982.000000000931323 ] } },
{ "type": "Feature", "properties": { "degree": 4, "GEOID": "11001000202", "population": 3919.0, "median_income": 1802.0, "demand_score": 1.6048326473881542 }, "geometry": { "type": "Point", "coordinates": [ -8579279.999999998137355, 4708201.999999999068677 ] } },
{ "type": "Feature", "properties": { "degree": 3, "GEOID": "11001008702", "population": 3430.0, "median_income": 2021.0, "demand_score": 1.604761699333332 }, "geometry": { "type": "Point", "coordinates": [ -8571664.0, 4709790.000000000931323 ] } },
{ "type": "Feature", "properties": { "degree": 5, "GEOID": "11001009603", "population": 4025.0, "median_income": 1992.0, "demand_score": 1.6045852640203961 }, "geometry": { "type": "Point", "coordinates": [ -8565728.0, 4706310.999999999068677 ] } },
{ "type": "Feature", "properties": { "degree": 4, "GEOID": "11001009505", "population": 4286.0, "median_income": 1820.0, "demand_score": 1.6043754378214534 }, "geometry": { "type": "Point", "coordinates": [ -8572014.999999998137355, 4716861.999999999068677 ] } },
{ "type": "Feature", "properties": { "degree": 4, "GEOID": "11001009400", "population": 4889.0, "median_income": 1807.0, "demand_score": 1.6042455030720011 }, "geometry": { "type": "Point", "coordinates": [ -8568726.999999998137355, 4712096.0 ] } },
{ "type": "Feature", "properties": { "degree": 2, "GEOID": "11001007603", "population": 3619.0, "median_income": 2107.0, "demand_score": 1.6038443533836459 }, "geometry": { "type": "Point", "coordinates": [ -8566810.0, 4701232.000000000931323 ] } },
{ "type": "Feature", "properties": { "degree": 4, "GEOID": "11001009400", "population": 4889.0, "median_income": 1807.0, "demand_score": 1.6036860728135915 }, "geometry": { "type": "Point", "coordinates": [ -8568503.0, 4712237.0 ] } },
{ "type": "Feature", "properties": { "degree": 4, "GEOID": "11001009505", "population": 4286.0, "median_income": 1820.0, "demand_score": 1.60304278567616 }, "geometry": { "type": "Point", "coordinates": [ -8572595.0, 4716626.0 ] } },
{ "type": "Feature", "properties": { "degree": 3, "GEOID": "11001007603", "population": 3619.0, "median_income": 2107.0, "demand_score": 1.6012191011448067 }, "geometry": { "type": "Point", "coordinates": [ -8566761.0, 4701281.999999999068677 ] } },
{ "type": "Feature", "properties": { "degree": 4, "GEOID": "11001000202", "population": 3919.0, "median_income": 1802.0, "demand_score": 1.6007657229237449 }, "geometry": { "type": "Point", "coordinates": [ -8579281.999999998137355, 4708321.999999999068677 ] } },
{ "type": "Feature", "properties": { "degree": 4, "GEOID": "11001009400", "population": 4889.0, "median_income": 1807.0, "demand_score": 1.6007587047839054 }, "geometry": { "type": "Point", "coordinates": [ -8568954.0, 4711954.999999999068677 ] } },
{ "type": "Feature", "properties": { "degree": 3, "GEOID": "11001001600", "population": 4477.0, "median_income": 1645.0, "demand_score": 1.6005568158034564 }, "geometry": { "type": "Point", "coordinates": [ -8574905.0, 4719570.999999999068677 ] } },
{ "type": "Feature", "properties": { "degree": 2, "GEOID": "11001009508", "population": 3908.0, "median_income": 1827.0, "demand_score": 1.599932745380483 }, "geometry": { "type": "Point", "coordinates": [ -8571609.0, 4714973.999999999068677 ] } },
{ "type": "Feature", "properties": { "degree": 4, "GEOID": "11001007901", "population": 4505.0, "median_income": 1728.0, "demand_score": 1.5997631176552352 }, "geometry": { "type": "Point", "coordinates": [ -8569099.0, 4707228.0 ] } },
{ "type": "Feature", "properties": { "degree": 4, "GEOID": "11001009400", "population": 4889.0, "median_income": 1807.0, "demand_score": 1.5994748569340991 }, "geometry": { "type": "Point", "coordinates": [ -8568646.0, 4712095.0 ] } },
{ "type": "Feature", "properties": { "degree": 4, "GEOID": "11001007901", "population": 4505.0, "median_income": 1728.0, "demand_score": 1.599465180374235 }, "geometry": { "type": "Point", "coordinates": [ -8569295.999999998137355, 4707274.0 ] } },
{ "type": "Feature", "properties": { "degree": 3, "GEOID": "11001001803", "population": 4218.0, "median_income": 1681.0, "demand_score": 1.5994493086296024 }, "geometry": { "type": "Point", "coordinates": [ -8575321.0, 4717129.0 ] } },
{ "type": "Feature", "properties": { "degree": 4, "GEOID": "11001009603", "population": 4025.0, "median_income": 1992.0, "demand_score": 1.5992675464664878 }, "geometry": { "type": "Point", "coordinates": [ -8565728.0, 4706199.0 ] } },
{ "type": "Feature", "properties": { "degree": 3, "GEOID": "11001009508", "population": 3908.0, "median_income": 1827.0, "demand_score": 1.5992372461018749 }, "geometry": { "type": "Point", "coordinates": [ -8571733.0, 4714937.0 ] } },
{ "type": "Feature", "properties": { "degree": 4, "GEOID": "11001009400", "population": 4889.0, "median_income": 1807.0, "demand_score": 1.5988251037404644 }, "geometry": { "type": "Point", "coordinates": [ -8568277.0, 4712378.000000000931323 ] } },
{ "type": "Feature", "properties": { "degree": 3, "GEOID": "11001000202", "population": 3919.0, "median_income": 1802.0, "demand_score": 1.5988217952564641 }, "geometry": { "type": "Point", "coordinates": [ -8578795.0, 4708763.999999999068677 ] } },
{ "type": "Feature", "properties": { "degree": 3, "GEOID": "11001001803", "population": 4218.0, "median_income": 1681.0, "demand_score": 1.5983600580022683 }, "geometry": { "type": "Point", "coordinates": [ -8575651.0, 4717060.000000000931323 ] } },
{ "type": "Feature", "properties": { "degree": 2, "GEOID": "11001007603", "population": 3619.0, "median_income": 2107.0, "demand_score": 1.5981108950453549 }, "geometry": { "type": "Point", "coordinates": [ -8566711.999999998137355, 4701330.0 ] } },
{ "type": "Feature", "properties": { "degree": 3, "GEOID": "11001007901", "population": 4505.0, "median_income": 1728.0, "demand_score": 1.5979112195227241 }, "geometry": { "type": "Point", "coordinates": [ -8568980.0, 4707201.999999999068677 ] } },
{ "type": "Feature", "properties": { "degree": 4, "GEOID": "11001010300", "population": 4196.0, "median_income": 1611.0, "demand_score": 1.5972568580067534 }, "geometry": { "type": "Point", "coordinates": [ -8574608.999999998137355, 4717712.999999999068677 ] } },
{ "type": "Feature", "properties": { "degree": 3, "GEOID": "11001010300", "population": 4196.0, "median_income": 1611.0, "demand_score": 1.59719749612968 }, "geometry": { "type": "Point", "coordinates": [ -8574452.0, 4717712.999999999068677 ] } },
{ "type": "Feature", "properties": { "degree": 3, "GEOID": "11001002801", "population": 3818.0, "median_income": 1781.0, "demand_score": 1.5971656930508009 }, "geometry": { "type": "Point", "coordinates": [ -8575245.0, 4712304.0 ] } },
{ "type": "Feature", "properties": { "degree": 3, "GEOID": "11001001600", "population": 4477.0, "median_income": 1645.0, "demand_score": 1.5969505312315466 }, "geometry": { "type": "Point", "coordinates": [ -8575526.0, 4718214.0 ] } },
{ "type": "Feature", "properties": { "degree": 4, "GEOID": "11001002002", "population": 4392.0, "median_income": 1527.0, "demand_score": 1.5968292726342375 }, "geometry": { "type": "Point", "coordinates": [ -8575443.0, 4714263.999999999068677 ] } },
{ "type": "Feature", "properties": { "degree": 3, "GEOID": "11001009505", "population": 4286.0, "median_income": 1820.0, "demand_score": 1.5967779324507119 }, "geometry": { "type": "Point", "coordinates": [ -8572527.0, 4716742.0 ] } },
{ "type": "Feature", "properties": { "degree": 3, "GEOID": "11001002002", "population": 4392.0, "median_income": 1527.0, "demand_score": 1.5966606103394387 }, "geometry": { "type": "Point", "coordinates": [ -8575322.0, 4715249.999999999068677 ] } },
{ "type": "Feature", "properties": { "degree": 4, "GEOID": "11001010300", "population": 4196.0, "median_income": 1611.0, "demand_score": 1.5964481398248866 }, "geometry": { "type": "Point", "coordinates": [ -8574452.0, 4718208.000000000931323 ] } },
{ "type": "Feature", "properties": { "degree": 3, "GEOID": "11001002002", "population": 4392.0, "median_income": 1527.0, "demand_score": 1.5963676756197143 }, "geometry": { "type": "Point", "coordinates": [ -8575129.0, 4714261.0 ] } },
{ "type": "Feature", "properties": { "degree": 3, "GEOID": "11001001600", "population": 4477.0, "median_income": 1645.0, "demand_score": 1.5959415714219318 }, "geometry": { "type": "Point", "coordinates": [ -8575647.0, 4718621.0 ] } },
{ "type": "Feature", "properties": { "degree": 3, "GEOID": "11001001600", "population": 4477.0, "median_income": 1645.0, "demand_score": 1.5958925864618529 }, "geometry": { "type": "Point", "coordinates": [ -8575647.0, 4718721.999999999068677 ] } },
{ "type": "Feature", "properties": { "degree": 3, "GEOID": "11001007409", "population": 3718.0, "median_income": 1815.0, "demand_score": 1.5955447593409877 }, "geometry": { "type": "Point", "coordinates": [ -8569009.000000001862645, 4699597.0 ] } },
{ "type": "Feature", "properties": { "degree": 3, "GEOID": "11001001600", "population": 4477.0, "median_income": 1645.0, "demand_score": 1.5954764764462535 }, "geometry": { "type": "Point", "coordinates": [ -8574999.0, 4719589.0 ] } },
{ "type": "Feature", "properties": { "degree": 4, "GEOID": "11001003802", "population": 3372.0, "median_income": 2029.0, "demand_score": 1.595369582769955 }, "geometry": { "type": "Point", "coordinates": [ -8575929.999999998137355, 4710413.0 ] } },
{ "type": "Feature", "properties": { "degree": 4, "GEOID": "11001001600", "population": 4477.0, "median_income": 1645.0, "demand_score": 1.5953375904680027 }, "geometry": { "type": "Point", "coordinates": [ -8575321.0, 4719402.0 ] } },
{ "type": "Feature", "properties": { "degree": 3, "GEOID": "11001009508", "population": 3908.0, "median_income": 1827.0, "demand_score": 1.5952577361868756 }, "geometry": { "type": "Point", "coordinates": [ -8571395.0, 4715036.999999999068677 ] } },
{ "type": "Feature", "properties": { "degree": 4, "GEOID": "11001002002", "population": 4392.0, "median_income": 1527.0, "demand_score": 1.5952447745445433 }, "geometry": { "type": "Point", "coordinates": [ -8574907.0, 4715097.0 ] } },
{ "type": "Feature", "properties": { "degree": 3, "GEOID": "11001009508", "population": 3908.0, "median_income": 1827.0, "demand_score": 1.5951017520248079 }, "geometry": { "type": "Point", "coordinates": [ -8571729.0, 4714900.999999999068677 ] } },
{ "type": "Feature", "properties": { "degree": 3, "GEOID": "11001007603", "population": 3619.0, "median_income": 2107.0, "demand_score": 1.5949132373654633 }, "geometry": { "type": "Point", "coordinates": [ -8566938.0, 4700911.0 ] } },
{ "type": "Feature", "properties": { "degree": 4, "GEOID": "11001000202", "population": 3919.0, "median_income": 1802.0, "demand_score": 1.5946819316371237 }, "geometry": { "type": "Point", "coordinates": [ -8579152.999999998137355, 4708609.999999999068677 ] } },
{ "type": "Feature", "properties": { "degree": 3, "GEOID": "11001000702", "population": 2921.0, "median_income": 2168.0, "demand_score": 1.5945776959683822 }, "geometry": { "type": "Point", "coordinates": [ -8580274.0, 4710585.0 ] } },
{ "type": "Feature", "properties": { "degree": 3, "GEOID": "11001010300", "population": 4196.0, "median_income": 1611.0, "demand_score": 1.5942136798765703 }, "geometry": { "type": "Point", "coordinates": [ -8574155.0, 4718564.999999999068677 ] } },
{ "type": "Feature", "properties": { "degree": 4, "GEOID": "11001000202", "population": 3919.0, "median_income": 1802.0, "demand_score": 1.5939301184274484 }, "geometry": { "type": "Point", "coordinates": [ -8579156.999999998137355, 4708893.0 ] } },
{ "type": "Feature", "properties": { "degree": 3, "GEOID": "11001007901", "population": 4505.0, "median_income": 1728.0, "demand_score": 1.5939106810139065 }, "geometry": { "type": "Point", "coordinates": [ -8569540.0, 4707331.000000000931323 ] } },
{ "type": "Feature", "properties": { "degree": 4, "GEOID": "11001007409", "population": 3718.0, "median_income": 1815.0, "demand_score": 1.5937636639420254 }, "geometry": { "type": "Point", "coordinates": [ -8568988.999999998137355, 4699512.999999999068677 ] } },
{ "type": "Feature", "properties": { "degree": 3, "GEOID": "11001001600", "population": 4477.0, "median_income": 1645.0, "demand_score": 1.5937273173405582 }, "geometry": { "type": "Point", "coordinates": [ -8575648.0, 4718862.999999999068677 ] } },
{ "type": "Feature", "properties": { "degree": 3, "GEOID": "11001008904", "population": 3973.0, "median_income": 1970.0, "demand_score": 1.5934365190270756 }, "geometry": { "type": "Point", "coordinates": [ -8568954.0, 4707286.000000000931323 ] } },
{ "type": "Feature", "properties": { "degree": 4, "GEOID": "11001000202", "population": 3919.0, "median_income": 1802.0, "demand_score": 1.5934135314445059 }, "geometry": { "type": "Point", "coordinates": [ -8578958.999999998137355, 4708756.999999999068677 ] } },
{ "type": "Feature", "properties": { "degree": 4, "GEOID": "11001008702", "population": 3430.0, "median_income": 2021.0, "demand_score": 1.5933684821399663 }, "geometry": { "type": "Point", "coordinates": [ -8571827.999999998137355, 4709949.000000000931323 ] } },
{ "type": "Feature", "properties": { "degree": 3, "GEOID": "11001002002", "population": 4392.0, "median_income": 1527.0, "demand_score": 1.5933270819154495 }, "geometry": { "type": "Point", "coordinates": [ -8574907.0, 4714367.999999999068677 ] } },
{ "type": "Feature", "properties": { "degree": 3, "GEOID": "11001010300", "population": 4196.0, "median_income": 1611.0, "demand_score": 1.5931563966080726 }, "geometry": { "type": "Point", "coordinates": [ -8574324.0, 4717712.999999999068677 ] } },
{ "type": "Feature", "properties": { "degree": 3, "GEOID": "11001010300", "population": 4196.0, "median_income": 1611.0, "demand_score": 1.5931081070972208 }, "geometry": { "type": "Point", "coordinates": [ -8574770.0, 4717700.0 ] } },
{ "type": "Feature", "properties": { "degree": 4, "GEOID": "11001000202", "population": 3919.0, "median_income": 1802.0, "demand_score": 1.5930352316424221 }, "geometry": { "type": "Point", "coordinates": [ -8579287.0, 4708464.999999999068677 ] } },
{ "type": "Feature", "properties": { "degree": 3, "GEOID": "11001007603", "population": 3619.0, "median_income": 2107.0, "demand_score": 1.5930302619988246 }, "geometry": { "type": "Point", "coordinates": [ -8566828.999999998137355, 4701018.999999999068677 ] } },
{ "type": "Feature", "properties": { "degree": 4, "GEOID": "11001000202", "population": 3919.0, "median_income": 1802.0, "demand_score": 1.5926034258750053 }, "geometry": { "type": "Point", "coordinates": [ -8578960.999999998137355, 4708898.0 ] } },
{ "type": "Feature", "properties": { "degree": 3, "GEOID": "11001010300", "population": 4196.0, "median_income": 1611.0, "demand_score": 1.5925797634358947 }, "geometry": { "type": "Point", "coordinates": [ -8574557.0, 4719198.999999999068677 ] } },
{ "type": "Feature", "properties": { "degree": 4, "GEOID": "11001002002", "population": 4392.0, "median_income": 1527.0, "demand_score": 1.5925208968198232 }, "geometry": { "type": "Point", "coordinates": [ -8575540.0, 4714263.999999999068677 ] } },
{ "type": "Feature", "properties": { "degree": 4, "GEOID": "11001002002", "population": 4392.0, "median_income": 1527.0, "demand_score": 1.5924314602699592 }, "geometry": { "type": "Point", "coordinates": [ -8574816.0, 4714475.0 ] } },
{ "type": "Feature", "properties": { "degree": 4, "GEOID": "11001009400", "population": 4889.0, "median_income": 1807.0, "demand_score": 1.5924224035003787 }, "geometry": { "type": "Point", "coordinates": [ -8568954.0, 4711814.0 ] } },
{ "type": "Feature", "properties": { "degree": 4, "GEOID": "11001003301", "population": 3706.0, "median_income": 1815.0, "demand_score": 1.5919989659489224 }, "geometry": { "type": "Point", "coordinates": [ -8572872.0, 4710833.000000000931323 ] } },
{ "type": "Feature", "properties": { "degree": 3, "GEOID": "11001007605", "population": 3779.0, "median_income": 1926.0, "demand_score": 1.5919918240673823 }, "geometry": { "type": "Point", "coordinates": [ -8568287.999999998137355, 4702679.0 ] } },
{ "type": "Feature", "properties": { "degree": 3, "GEOID": "11001001600", "population": 4477.0, "median_income": 1645.0, "demand_score": 1.5919424461066205 }, "geometry": { "type": "Point", "coordinates": [ -8575648.0, 4718931.0 ] } },
{ "type": "Feature", "properties": { "degree": 3, "GEOID": "11001001600", "population": 4477.0, "median_income": 1645.0, "demand_score": 1.5919094652460941 }, "geometry": { "type": "Point", "coordinates": [ -8575224.0, 4719512.999999999068677 ] } },
{ "type": "Feature", "properties": { "degree": 4, "GEOID": "11001003802", "population": 3372.0, "median_income": 2029.0, "demand_score": 1.5918182869374695 }, "geometry": { "type": "Point", "coordinates": [ -8576058.999999998137355, 4710314.999999999068677 ] } },
{ "type": "Feature", "properties": { "degree": 4, "GEOID": "11001001803", "population": 4218.0, "median_income": 1681.0, "demand_score": 1.5917206058356732 }, "geometry": { "type": "Point", "coordinates": [ -8575321.0, 4717231.0 ] } },
{ "type": "Feature", "properties": { "degree": 3, "GEOID": "11001003301", "population": 3706.0, "median_income": 1815.0, "demand_score": 1.5917053820164653 }, "geometry": { "type": "Point", "coordinates": [ -8572738.0, 4710996.0 ] } },
{ "type": "Feature", "properties": { "degree": 3, "GEOID": "11001002002", "population": 4392.0, "median_income": 1527.0, "demand_score": 1.5916188346639779 }, "geometry": { "type": "Point", "coordinates": [ -8574878.0, 4714377.000000000931323 ] } },
{ "type": "Feature", "properties": { "degree": 3, "GEOID": "11001008904", "population": 3973.0, "median_income": 1970.0, "demand_score": 1.5915848271628146 }, "geometry": { "type": "Point", "coordinates": [ -8569271.0, 4707389.0 ] } },
{ "type": "Feature", "properties": { "degree": 4, "GEOID": "11001002002", "population": 4392.0, "median_income": 1527.0, "demand_score": 1.5914175277673221 }, "geometry": { "type": "Point", "coordinates": [ -8574907.0, 4715708.0 ] } },
{ "type": "Feature", "properties": { "degree": 3, "GEOID": "11001007603", "population": 3619.0, "median_income": 2107.0, "demand_score": 1.5913896145964039 }, "geometry": { "type": "Point", "coordinates": [ -8566590.0, 4701557.0 ] } },
{ "type": "Feature", "properties": { "degree": 4, "GEOID": "11001009603", "population": 4025.0, "median_income": 1992.0, "demand_score": 1.5913434065269891 }, "geometry": { "type": "Point", "coordinates": [ -8565729.0, 4706054.999999999068677 ] } },
{ "type": "Feature", "properties": { "degree": 3, "GEOID": "11001002801", "population": 3818.0, "median_income": 1781.0, "demand_score": 1.5911783195626452 }, "geometry": { "type": "Point", "coordinates": [ -8575245.0, 4712357.0 ] } },
{ "type": "Feature", "properties": { "degree": 3, "GEOID": "11001003802", "population": 3372.0, "median_income": 2029.0, "demand_score": 1.5907625837985515 }, "geometry": { "type": "Point", "coordinates": [ -8576138.0, 4710197.999999999068677 ] } },
{ "type": "Feature", "properties": { "degree": 4, "GEOID": "11001009400", "population": 4889.0, "median_income": 1807.0, "demand_score": 1.5906477694875392 }, "geometry": { "type": "Point", "coordinates": [ -8568503.0, 4712096.0 ] } },
{ "type": "Feature", "properties": { "degree": 3, "GEOID": "11001010300", "population": 4196.0, "median_income": 1611.0, "demand_score": 1.5906309762121307 }, "geometry": { "type": "Point", "coordinates": [ -8574452.0, 4718152.0 ] } },
{ "type": "Feature", "properties": { "degree": 6, "GEOID": "11001001803", "population": 4218.0, "median_income": 1681.0, "demand_score": 1.5905758499180727 }, "geometry": { "type": "Point", "coordinates": [ -8575317.0, 4717365.0 ] } },
{ "type": "Feature", "properties": { "degree": 3, "GEOID": "11001003802", "population": 3372.0, "median_income": 2029.0, "demand_score": 1.5904276274889655 }, "geometry": { "type": "Point", "coordinates": [ -8575663.0, 4710611.0 ] } },
{ "type": "Feature", "properties": { "degree": 3, "GEOID": "11001007605", "population": 3779.0, "median_income": 1926.0, "demand_score": 1.5904206295019505 }, "geometry": { "type": "Point", "coordinates": [ -8568829.0, 4702214.0 ] } },
{ "type": "Feature", "properties": { "degree": 4, "GEOID": "11001000202", "population": 3919.0, "median_income": 1802.0, "demand_score": 1.5904121765021442 }, "geometry": { "type": "Point", "coordinates": [ -8579419.0, 4708076.999999999068677 ] } },
{ "type": "Feature", "properties": { "degree": 3, "GEOID": "11001007603", "population": 3619.0, "median_income": 2107.0, "demand_score": 1.5903972437963945 }, "geometry": { "type": "Point", "coordinates": [ -8566749.0, 4701099.0 ] } },
{ "type": "Feature", "properties": { "degree": 4, "GEOID": "11001002002", "population": 4392.0, "median_income": 1527.0, "demand_score": 1.5901991815791263 }, "geometry": { "type": "Point", "coordinates": [ -8574907.0, 4714329.999999999068677 ] } },
{ "type": "Feature", "properties": { "degree": 4, "GEOID": "11001009400", "population": 4889.0, "median_income": 1807.0, "demand_score": 1.5900534002758748 }, "geometry": { "type": "Point", "coordinates": [ -8568726.999999998137355, 4711954.999999999068677 ] } },
{ "type": "Feature", "properties": { "degree": 3, "GEOID": "11001010300", "population": 4196.0, "median_income": 1611.0, "demand_score": 1.589915146504322 }, "geometry": { "type": "Point", "coordinates": [ -8574828.0, 4717700.0 ] } },
{ "type": "Feature", "properties": { "degree": 3, "GEOID": "11001001600", "population": 4477.0, "median_income": 1645.0, "demand_score": 1.5897035112966034 }, "geometry": { "type": "Point", "coordinates": [ -8575647.0, 4719000.999999999068677 ] } },
{ "type": "Feature", "properties": { "degree": 3, "GEOID": "11001008904", "population": 3973.0, "median_income": 1970.0, "demand_score": 1.5896250262464626 }, "geometry": { "type": "Point", "coordinates": [ -8568724.999999998137355, 4707204.0 ] } },
{ "type": "Feature", "properties": { "degree": 4, "GEOID": "11001003200", "population": 4136.0, "median_income": 1620.0, "demand_score": 1.5890442081268554 }, "geometry": { "type": "Point", "coordinates": [ -8573611.0, 4711595.0 ] } },
{ "type": "Feature", "properties": { "degree": 3, "GEOID": "11001010300", "population": 4196.0, "median_income": 1611.0, "demand_score": 1.5889754727717338 }, "geometry": { "type": "Point", "coordinates": [ -8574155.0, 4718420.0 ] } },
{ "type": "Feature", "properties": { "degree": 4, "GEOID": "11001002801", "population": 3818.0, "median_income": 1781.0, "demand_score": 1.5888806347323703 }, "geometry": { "type": "Point", "coordinates": [ -8575659.0, 4712120.999999999068677 ] } },
{ "type": "Feature", "properties": { "degree": 3, "GEOID": "11001000202", "population": 3919.0, "median_income": 1802.0, "demand_score": 1.5888241723806873 }, "geometry": { "type": "Point", "coordinates": [ -8579423.0, 4708197.999999999068677 ] } },
{ "type": "Feature", "properties": { "degree": 4, "GEOID": "11001010300", "population": 4196.0, "median_income": 1611.0, "demand_score": 1.5887277664847392 }, "geometry": { "type": "Point", "coordinates": [ -8574324.0, 4718208.000000000931323 ] } },
{ "type": "Feature", "properties": { "degree": 4, "GEOID": "11001009505", "population": 4286.0, "median_income": 1820.0, "demand_score": 1.58869016911803 }, "geometry": { "type": "Point", "coordinates": [ -8572456.999999998137355, 4716864.000000000931323 ] } },
{ "type": "Feature", "properties": { "degree": 4, "GEOID": "11001010300", "population": 4196.0, "median_income": 1611.0, "demand_score": 1.588544682617453 }, "geometry": { "type": "Point", "coordinates": [ -8574232.999999998137355, 4717711.999999999068677 ] } },
{ "type": "Feature", "properties": { "degree": 4, "GEOID": "11001002002", "population": 4392.0, "median_income": 1527.0, "demand_score": 1.5885115983915847 }, "geometry": { "type": "Point", "coordinates": [ -8574721.999999998137355, 4714628.0 ] } },
{ "type": "Feature", "properties": { "degree": 3, "GEOID": "11001010300", "population": 4196.0, "median_income": 1611.0, "demand_score": 1.5882591504951846 }, "geometry": { "type": "Point", "coordinates": [ -8574218.0, 4719028.0 ] } },
{ "type": "Feature", "properties": { "degree": 3, "GEOID": "11001010300", "population": 4196.0, "median_income": 1611.0, "demand_score": 1.5880115052694266 }, "geometry": { "type": "Point", "coordinates": [ -8574430.0, 4719197.999999999068677 ] } },
{ "type": "Feature", "properties": { "degree": 4, "GEOID": "11001002002", "population": 4392.0, "median_income": 1527.0, "demand_score": 1.5878569594633583 }, "geometry": { "type": "Point", "coordinates": [ -8574957.0, 4714263.999999999068677 ] } },
{ "type": "Feature", "properties": { "degree": 4, "GEOID": "11001008904", "population": 3973.0, "median_income": 1970.0, "demand_score": 1.5878275096801677 }, "geometry": { "type": "Point", "coordinates": [ -8569095.0, 4707385.999999999068677 ] } },
{ "type": "Feature", "properties": { "degree": 3, "GEOID": "11001010300", "population": 4196.0, "median_income": 1611.0, "demand_score": 1.5876442192821982 }, "geometry": { "type": "Point", "coordinates": [ -8574090.0, 4718720.999999999068677 ] } },
{ "type": "Feature", "properties": { "degree": 3, "GEOID": "11001002801", "population": 3818.0, "median_income": 1781.0, "demand_score": 1.5875563451573802 }, "geometry": { "type": "Point", "coordinates": [ -8575569.0, 4712240.0 ] } },
{ "type": "Feature", "properties": { "degree": 4, "GEOID": "11001009400", "population": 4889.0, "median_income": 1807.0, "demand_score": 1.5871583098853186 }, "geometry": { "type": "Point", "coordinates": [ -8568277.0, 4712237.0 ] } },
{ "type": "Feature", "properties": { "degree": 3, "GEOID": "11001003802", "population": 3372.0, "median_income": 2029.0, "demand_score": 1.586889219418552 }, "geometry": { "type": "Point", "coordinates": [ -8576151.0, 4710248.0 ] } },
{ "type": "Feature", "properties": { "degree": 3, "GEOID": "11001001803", "population": 4218.0, "median_income": 1681.0, "demand_score": 1.5867932196277492 }, "geometry": { "type": "Point", "coordinates": [ -8575321.0, 4717480.0 ] } },
{ "type": "Feature", "properties": { "degree": 3, "GEOID": "11001003200", "population": 4136.0, "median_income": 1620.0, "demand_score": 1.5867441027916414 }, "geometry": { "type": "Point", "coordinates": [ -8573749.0, 4711372.999999999068677 ] } },
{ "type": "Feature", "properties": { "degree": 4, "GEOID": "11001003301", "population": 3706.0, "median_income": 1815.0, "demand_score": 1.5867391879251858 }, "geometry": { "type": "Point", "coordinates": [ -8572804.0, 4710833.000000000931323 ] } },
{ "type": "Feature", "properties": { "degree": 4, "GEOID": "11001001803", "population": 4218.0, "median_income": 1681.0, "demand_score": 1.5865227606383774 }, "geometry": { "type": "Point", "coordinates": [ -8575404.0, 4717237.999999999068677 ] } },
{ "type": "Feature", "properties": { "degree": 3, "GEOID": "11001007603", "population": 3619.0, "median_income": 2107.0, "demand_score": 1.5864553910295505 }, "geometry": { "type": "Point", "coordinates": [ -8566664.0, 4701183.999999999068677 ] } },
{ "type": "Feature", "properties": { "degree": 3, "GEOID": "11001007409", "population": 3718.0, "median_income": 1815.0, "demand_score": 1.5863820544240692 }, "geometry": { "type": "Point", "coordinates": [ -8568959.0, 4699325.999999999068677 ] } },
{ "type": "Feature", "properties": { "degree": 3, "GEOID": "11001010300", "population": 4196.0, "median_income": 1611.0, "demand_score": 1.5863035795545877 }, "geometry": { "type": "Point", "coordinates": [ -8574090.0, 4718797.000000000931323 ] } },
{ "type": "Feature", "properties": { "degree": 4, "GEOID": "11001009400", "population": 4889.0, "median_income": 1807.0, "demand_score": 1.5862432103824666 }, "geometry": { "type": "Point", "coordinates": [ -8568726.999999998137355, 4711814.0 ] } },
{ "type": "Feature", "properties": { "degree": 3, "GEOID": "11001010300", "population": 4196.0, "median_income": 1611.0, "demand_score": 1.5853390589132703 }, "geometry": { "type": "Point", "coordinates": [ -8574825.0, 4717748.0 ] } },
{ "type": "Feature", "properties": { "degree": 3, "GEOID": "11001002801", "population": 3818.0, "median_income": 1781.0, "demand_score": 1.5852926067226965 }, "geometry": { "type": "Point", "coordinates": [ -8575245.0, 4712408.999999999068677 ] } },
{ "type": "Feature", "properties": { "degree": 4, "GEOID": "11001000202", "population": 3919.0, "median_income": 1802.0, "demand_score": 1.5852526429098082 }, "geometry": { "type": "Point", "coordinates": [ -8579427.000000001862645, 4708318.0 ] } },
{ "type": "Feature", "properties": { "degree": 4, "GEOID": "11001009508", "population": 3908.0, "median_income": 1827.0, "demand_score": 1.5851288169232072 }, "geometry": { "type": "Point", "coordinates": [ -8571155.0, 4715143.0 ] } },
{ "type": "Feature", "properties": { "degree": 3, "GEOID": "11001010300", "population": 4196.0, "median_income": 1611.0, "demand_score": 1.5848564957713045 }, "geometry": { "type": "Point", "coordinates": [ -8574906.0, 4717700.0 ] } },
{ "type": "Feature", "properties": { "degree": 3, "GEOID": "11001010300", "population": 4196.0, "median_income": 1611.0, "demand_score": 1.584623861151919 }, "geometry": { "type": "Point", "coordinates": [ -8574098.0, 4718876.999999999068677 ] } },
{ "type": "Feature", "properties": { "degree": 4, "GEOID": "11001002002", "population": 4392.0, "median_income": 1527.0, "demand_score": 1.5844579519052289 }, "geometry": { "type": "Point", "coordinates": [ -8574907.0, 4714263.999999999068677 ] } },
{ "type": "Feature", "properties": { "degree": 3, "GEOID": "11001002801", "population": 3818.0, "median_income": 1781.0, "demand_score": 1.5843218584321366 }, "geometry": { "type": "Point", "coordinates": [ -8575538.0, 4712300.999999999068677 ] } },
{ "type": "Feature", "properties": { "degree": 3, "GEOID": "11001001803", "population": 4218.0, "median_income": 1681.0, "demand_score": 1.5840670269333708 }, "geometry": { "type": "Point", "coordinates": [ -8575650.0, 4717198.0 ] } },
{ "type": "Feature", "properties": { "degree": 3, "GEOID": "11001001600", "population": 4477.0, "median_income": 1645.0, "demand_score": 1.5839783152660365 }, "geometry": { "type": "Point", "coordinates": [ -8575646.000000001862645, 4719134.999999999068677 ] } },
{ "type": "Feature", "properties": { "degree": 3, "GEOID": "11001000702", "population": 2921.0, "median_income": 2168.0, "demand_score": 1.5837743906572941 }, "geometry": { "type": "Point", "coordinates": [ -8580370.0, 4710584.000000000931323 ] } },
{ "type": "Feature", "properties": { "degree": 4, "GEOID": "11001001600", "population": 4477.0, "median_income": 1645.0, "demand_score": 1.5833957475586222 }, "geometry": { "type": "Point", "coordinates": [ -8575320.000000001862645, 4719537.0 ] } },
{ "type": "Feature", "properties": { "degree": 3, "GEOID": "11001002801", "population": 3818.0, "median_income": 1781.0, "demand_score": 1.5833525968478117 }, "geometry": { "type": "Point", "coordinates": [ -8575530.0, 4712317.0 ] } },
{ "type": "Feature", "properties": { "degree": 3, "GEOID": "11001003802", "population": 3372.0, "median_income": 2029.0, "demand_score": 1.5832266328809976 }, "geometry": { "type": "Point", "coordinates": [ -8575663.0, 4711116.999999999068677 ] } },
{ "type": "Feature", "properties": { "degree": 4, "GEOID": "11001003200", "population": 4136.0, "median_income": 1620.0, "demand_score": 1.5831740060471509 }, "geometry": { "type": "Point", "coordinates": [ -8573759.0, 4711446.999999999068677 ] } },
{ "type": "Feature", "properties": { "degree": 4, "GEOID": "11001008904", "population": 3973.0, "median_income": 1970.0, "demand_score": 1.5827041742167771 }, "geometry": { "type": "Point", "coordinates": [ -8568954.0, 4707386.999999999068677 ] } },
{ "type": "Feature", "properties": { "degree": 3, "GEOID": "11001003301", "population": 3706.0, "median_income": 1815.0, "demand_score": 1.5822881556041577 }, "geometry": { "type": "Point", "coordinates": [ -8572872.0, 4710726.999999999068677 ] } },
{ "type": "Feature", "properties": { "degree": 4, "GEOID": "11001003802", "population": 3372.0, "median_income": 2029.0, "demand_score": 1.5822878549003785 }, "geometry": { "type": "Point", "coordinates": [ -8575663.0, 4710684.999999999068677 ] } },
{ "type": "Feature", "properties": { "degree": 4, "GEOID": "11001002002", "population": 4392.0, "median_income": 1527.0, "demand_score": 1.582221571484361 }, "geometry": { "type": "Point", "coordinates": [ -8574907.0, 4715249.999999999068677 ] } },
{ "type": "Feature", "properties": { "degree": 4, "GEOID": "11001000202", "population": 3919.0, "median_income": 1802.0, "demand_score": 1.5821956964660997 }, "geometry": { "type": "Point", "coordinates": [ -8579154.999999998137355, 4708752.0 ] } },
{ "type": "Feature", "properties": { "degree": 3, "GEOID": "11001007603", "population": 3619.0, "median_income": 2107.0, "demand_score": 1.5821849076349093 }, "geometry": { "type": "Point", "coordinates": [ -8567367.0, 4700484.0 ] } },
{ "type": "Feature", "properties": { "degree": 3, "GEOID": "11001000702", "population": 2921.0, "median_income": 2168.0, "demand_score": 1.582025701444788 }, "geometry": { "type": "Point", "coordinates": [ -8580368.0, 4710890.999999999068677 ] } },
{ "type": "Feature", "properties": { "degree": 3, "GEOID": "11001001803", "population": 4218.0, "median_income": 1681.0, "demand_score": 1.5819792938428159 }, "geometry": { "type": "Point", "coordinates": [ -8575321.0, 4717592.0 ] } },
{ "type": "Feature", "properties": { "degree": 3, "GEOID": "11001008904", "population": 3973.0, "median_income": 1970.0, "demand_score": 1.5817180635923362 }, "geometry": { "type": "Point", "coordinates": [ -8568725.999999998137355, 4707286.000000000931323 ] } },
{ "type": "Feature", "properties": { "degree": 3, "GEOID": "11001007603", "population": 3619.0, "median_income": 2107.0, "demand_score": 1.5816391205544205 }, "geometry": { "type": "Point", "coordinates": [ -8566582.999999998137355, 4701264.0 ] } },
{ "type": "Feature", "properties": { "degree": 4, "GEOID": "11001010300", "population": 4196.0, "median_income": 1611.0, "demand_score": 1.5815421675396786 }, "geometry": { "type": "Point", "coordinates": [ -8574324.0, 4718130.999999999068677 ] } },
{ "type": "Feature", "properties": { "degree": 3, "GEOID": "11001008904", "population": 3973.0, "median_income": 1970.0, "demand_score": 1.5814972123378486 }, "geometry": { "type": "Point", "coordinates": [ -8569263.0, 4707477.0 ] } },
{ "type": "Feature", "properties": { "degree": 2, "GEOID": "11001007605", "population": 3779.0, "median_income": 1926.0, "demand_score": 1.5813757298816158 }, "geometry": { "type": "Point", "coordinates": [ -8568497.0, 4702681.999999999068677 ] } },
{ "type": "Feature", "properties": { "degree": 3, "GEOID": "11001001600", "population": 4477.0, "median_income": 1645.0, "demand_score": 1.5812983482050205 }, "geometry": { "type": "Point", "coordinates": [ -8574905.0, 4719744.0 ] } },
{ "type": "Feature", "properties": { "degree": 4, "GEOID": "11001003301", "population": 3706.0, "median_income": 1815.0, "demand_score": 1.5811996149679914 }, "geometry": { "type": "Point", "coordinates": [ -8572738.0, 4710833.000000000931323 ] } },
{ "type": "Feature", "properties": { "degree": 3, "GEOID": "11001003200", "population": 4136.0, "median_income": 1620.0, "demand_score": 1.5806178066729344 }, "geometry": { "type": "Point", "coordinates": [ -8573766.0, 4711488.999999999068677 ] } },
{ "type": "Feature", "properties": { "degree": 3, "GEOID": "11001002801", "population": 3818.0, "median_income": 1781.0, "demand_score": 1.5805323385740861 }, "geometry": { "type": "Point", "coordinates": [ -8575245.0, 4712451.0 ] } },
{ "type": "Feature", "properties": { "degree": 4, "GEOID": "11001003500", "population": 3955.0, "median_income": 1708.0, "demand_score": 1.5804487071420457 }, "geometry": { "type": "Point", "coordinates": [ -8574440.0, 4710779.000000000931323 ] } },
{ "type": "Feature", "properties": { "degree": 3, "GEOID": "11001009400", "population": 4889.0, "median_income": 1807.0, "demand_score": 1.5803816852470576 }, "geometry": { "type": "Point", "coordinates": [ -8568057.0, 4712378.000000000931323 ] } },
{ "type": "Feature", "properties": { "degree": 3, "GEOID": "11001003301", "population": 3706.0, "median_income": 1815.0, "demand_score": 1.5803490907399764 }, "geometry": { "type": "Point", "coordinates": [ -8572607.000000001862645, 4711054.000000000931323 ] } },
{ "type": "Feature", "properties": { "degree": 4, "GEOID": "11001010300", "population": 4196.0, "median_income": 1611.0, "demand_score": 1.5801444062428756 }, "geometry": { "type": "Point", "coordinates": [ -8574029.999999998137355, 4718564.999999999068677 ] } },
{ "type": "Feature", "properties": { "degree": 3, "GEOID": "11001001803", "population": 4218.0, "median_income": 1681.0, "demand_score": 1.5798303807002934 }, "geometry": { "type": "Point", "coordinates": [ -8575650.0, 4717237.999999999068677 ] } },
{ "type": "Feature", "properties": { "degree": 3, "GEOID": "11001010300", "population": 4196.0, "median_income": 1611.0, "demand_score": 1.5798274270478712 }, "geometry": { "type": "Point", "coordinates": [ -8575144.0, 4718208.000000000931323 ] } },
{ "type": "Feature", "properties": { "degree": 3, "GEOID": "11001002002", "population": 4392.0, "median_income": 1527.0, "demand_score": 1.5797949635722464 }, "geometry": { "type": "Point", "coordinates": [ -8574733.999999998137355, 4715519.0 ] } },
{ "type": "Feature", "properties": { "degree": 3, "GEOID": "11001003500", "population": 3955.0, "median_income": 1708.0, "demand_score": 1.5797203182927917 }, "geometry": { "type": "Point", "coordinates": [ -8574327.0, 4710791.999999999068677 ] } },
{ "type": "Feature", "properties": { "degree": 3, "GEOID": "11001009508", "population": 3908.0, "median_income": 1827.0, "demand_score": 1.579456132750003 }, "geometry": { "type": "Point", "coordinates": [ -8570954.0, 4715424.0 ] } },
{ "type": "Feature", "properties": { "degree": 3, "GEOID": "11001007603", "population": 3619.0, "median_income": 2107.0, "demand_score": 1.5793322154839693 }, "geometry": { "type": "Point", "coordinates": [ -8566548.0, 4701300.0 ] } },
{ "type": "Feature", "properties": { "degree": 4, "GEOID": "11001004002", "population": 3146.0, "median_income": 2016.0, "demand_score": 1.579193701698546 }, "geometry": { "type": "Point", "coordinates": [ -8576506.999999998137355, 4709584.0 ] } },
{ "type": "Feature", "properties": { "degree": 3, "GEOID": "11001001600", "population": 4477.0, "median_income": 1645.0, "demand_score": 1.5790834783700136 }, "geometry": { "type": "Point", "coordinates": [ -8575005.0, 4719738.000000000931323 ] } },
{ "type": "Feature", "properties": { "degree": 4, "GEOID": "11001009400", "population": 4889.0, "median_income": 1807.0, "demand_score": 1.5790756726108508 }, "geometry": { "type": "Point", "coordinates": [ -8568532.999999998137355, 4711954.999999999068677 ] } },
{ "type": "Feature", "properties": { "degree": 3, "GEOID": "11001010300", "population": 4196.0, "median_income": 1611.0, "demand_score": 1.5789561141877881 }, "geometry": { "type": "Point", "coordinates": [ -8574092.999999998137355, 4718986.000000001862645 ] } },
{ "type": "Feature", "properties": { "degree": 4, "GEOID": "11001000202", "population": 3919.0, "median_income": 1802.0, "demand_score": 1.5787307821337333 }, "geometry": { "type": "Point", "coordinates": [ -8579432.000000001862645, 4708459.999999999068677 ] } },
{ "type": "Feature", "properties": { "degree": 3, "GEOID": "11001001600", "population": 4477.0, "median_income": 1645.0, "demand_score": 1.5787031195439882 }, "geometry": { "type": "Point", "coordinates": [ -8575099.0, 4719707.999999999068677 ] } },
{ "type": "Feature", "properties": { "degree": 4, "GEOID": "11001009505", "population": 4286.0, "median_income": 1820.0, "demand_score": 1.5786970179390223 }, "geometry": { "type": "Point", "coordinates": [ -8572381.0, 4716995.0 ] } },
{ "type": "Feature", "properties": { "degree": 4, "GEOID": "11001002002", "population": 4392.0, "median_income": 1527.0, "demand_score": 1.5786397611758221 }, "geometry": { "type": "Point", "coordinates": [ -8575029.0, 4714132.999999999068677 ] } },
{ "type": "Feature", "properties": { "degree": 4, "GEOID": "11001004002", "population": 3146.0, "median_income": 2016.0, "demand_score": 1.5781518043450982 }, "geometry": { "type": "Point", "coordinates": [ -8576237.999999998137355, 4709759.0 ] } },
{ "type": "Feature", "properties": { "degree": 3, "GEOID": "11001003301", "population": 3706.0, "median_income": 1815.0, "demand_score": 1.5781022272015641 }, "geometry": { "type": "Point", "coordinates": [ -8572607.000000001862645, 4710996.0 ] } },
{ "type": "Feature", "properties": { "degree": 3, "GEOID": "11001009400", "population": 4889.0, "median_income": 1807.0, "demand_score": 1.5777441102075049 }, "geometry": { "type": "Point", "coordinates": [ -8568315.0, 4712096.0 ] } },
{ "type": "Feature", "properties": { "degree": 3, "GEOID": "11001003301", "population": 3706.0, "median_income": 1815.0, "demand_score": 1.5776994221961225 }, "geometry": { "type": "Point", "coordinates": [ -8572804.0, 4710726.999999999068677 ] } },
{ "type": "Feature", "properties": { "degree": 3, "GEOID": "11001003802", "population": 3372.0, "median_income": 2029.0, "demand_score": 1.5775806449978509 }, "geometry": { "type": "Point", "coordinates": [ -8575805.0, 4710677.999999999068677 ] } },
{ "type": "Feature", "properties": { "degree": 3, "GEOID": "11001008904", "population": 3973.0, "median_income": 1970.0, "demand_score": 1.5775749600360349 }, "geometry": { "type": "Point", "coordinates": [ -8568839.0, 4707386.999999999068677 ] } },
{ "type": "Feature", "properties": { "degree": 3, "GEOID": "11001008904", "population": 3973.0, "median_income": 1970.0, "demand_score": 1.577139723412651 }, "geometry": { "type": "Point", "coordinates": [ -8569096.0, 4707483.0 ] } },
{ "type": "Feature", "properties": { "degree": 4, "GEOID": "11001009400", "population": 4889.0, "median_income": 1807.0, "demand_score": 1.5771192794401923 }, "geometry": { "type": "Point", "coordinates": [ -8568501.000000001862645, 4711954.999999999068677 ] } },
{ "type": "Feature", "properties": { "degree": 4, "GEOID": "11001010300", "population": 4196.0, "median_income": 1611.0, "demand_score": 1.5769217119912406 }, "geometry": { "type": "Point", "coordinates": [ -8574594.0, 4717894.0 ] } },
{ "type": "Feature", "properties": { "degree": 4, "GEOID": "11001010300", "population": 4196.0, "median_income": 1611.0, "demand_score": 1.5768172499274389 }, "geometry": { "type": "Point", "coordinates": [ -8574452.0, 4717893.0 ] } },
{ "type": "Feature", "properties": { "degree": 3, "GEOID": "11001001600", "population": 4477.0, "median_income": 1645.0, "demand_score": 1.5767419317817333 }, "geometry": { "type": "Point", "coordinates": [ -8575649.0, 4718072.999999999068677 ] } },
{ "type": "Feature", "properties": { "degree": 4, "GEOID": "11001002002", "population": 4392.0, "median_income": 1527.0, "demand_score": 1.5765759740438012 }, "geometry": { "type": "Point", "coordinates": [ -8574907.0, 4715555.000000000931323 ] } },
{ "type": "Feature", "properties": { "degree": 4, "GEOID": "11001001600", "population": 4477.0, "median_income": 1645.0, "demand_score": 1.5765623652807836 }, "geometry": { "type": "Point", "coordinates": [ -8575647.0, 4719268.000000000931323 ] } },
{ "type": "Feature", "properties": { "degree": 2, "GEOID": "11001009603", "population": 4025.0, "median_income": 1992.0, "demand_score": 1.5764897062015204 }, "geometry": { "type": "Point", "coordinates": [ -8565508.0, 4706200.0 ] } },
{ "type": "Feature", "properties": { "degree": 3, "GEOID": "11001010300", "population": 4196.0, "median_income": 1611.0, "demand_score": 1.5762854682768916 }, "geometry": { "type": "Point", "coordinates": [ -8574671.999999998137355, 4717888.0 ] } },
{ "type": "Feature", "properties": { "degree": 3, "GEOID": "11001003301", "population": 3706.0, "median_income": 1815.0, "demand_score": 1.5761604950849777 }, "geometry": { "type": "Point", "coordinates": [ -8572607.000000001862645, 4710953.999999999068677 ] } },
{ "type": "Feature", "properties": { "degree": 4, "GEOID": "11001003200", "population": 4136.0, "median_income": 1620.0, "demand_score": 1.5760193118126176 }, "geometry": { "type": "Point", "coordinates": [ -8573636.0, 4711730.0 ] } },
{ "type": "Feature", "properties": { "degree": 3, "GEOID": "11001007603", "population": 3619.0, "median_income": 2107.0, "demand_score": 1.5758677747687981 }, "geometry": { "type": "Point", "coordinates": [ -8566439.0, 4701858.999999999068677 ] } },
{ "type": "Feature", "properties": { "degree": 2, "GEOID": "11001008904", "population": 3973.0, "median_income": 1970.0, "demand_score": 1.5758063691225921 }, "geometry": { "type": "Point", "coordinates": [ -8568526.0, 4707209.0 ] } },
{ "type": "Feature", "properties": { "degree": 4, "GEOID": "11001004002", "population": 3146.0, "median_income": 2016.0, "demand_score": 1.5757644621186708 }, "geometry": { "type": "Point", "coordinates": [ -8576435.999999998137355, 4709632.000000000931323 ] } },
{ "type": "Feature", "properties": { "degree": 3, "GEOID": "11001000202", "population": 3919.0, "median_income": 1802.0, "demand_score": 1.5755755148621471 }, "geometry": { "type": "Point", "coordinates": [ -8579295.000000001862645, 4708748.0 ] } },
{ "type": "Feature", "properties": { "degree": 3, "GEOID": "11001010300", "population": 4196.0, "median_income": 1611.0, "demand_score": 1.5754946014324864 }, "geometry": { "type": "Point", "coordinates": [ -8574155.0, 4718208.000000000931323 ] } },
{ "type": "Feature", "properties": { "degree": 4, "GEOID": "11001003200", "population": 4136.0, "median_income": 1620.0, "demand_score": 1.5754479419395582 }, "geometry": { "type": "Point", "coordinates": [ -8573780.999999998137355, 4711560.000000000931323 ] } },
{ "type": "Feature", "properties": { "degree": 3, "GEOID": "11001010300", "population": 4196.0, "median_income": 1611.0, "demand_score": 1.5754051660053285 }, "geometry": { "type": "Point", "coordinates": [ -8574784.0, 4717981.0 ] } },
{ "type": "Feature", "properties": { "degree": 4, "GEOID": "11001004002", "population": 3146.0, "median_income": 2016.0, "demand_score": 1.5751465678020269 }, "geometry": { "type": "Point", "coordinates": [ -8576237.999999998137355, 4709788.000000000931323 ] } },
{ "type": "Feature", "properties": { "degree": 3, "GEOID": "11001009400", "population": 4889.0, "median_income": 1807.0, "demand_score": 1.5749176337370889 }, "geometry": { "type": "Point", "coordinates": [ -8568276.0, 4712096.0 ] } },
{ "type": "Feature", "properties": { "degree": 4, "GEOID": "11001002801", "population": 3818.0, "median_income": 1781.0, "demand_score": 1.5744400329831301 }, "geometry": { "type": "Point", "coordinates": [ -8575478.0, 4712436.999999999068677 ] } },
{ "type": "Feature", "properties": { "degree": 2, "GEOID": "11001000202", "population": 3919.0, "median_income": 1802.0, "demand_score": 1.5741708962065333 }, "geometry": { "type": "Point", "coordinates": [ -8579561.0, 4708086.999999999068677 ] } },
{ "type": "Feature", "properties": { "degree": 4, "GEOID": "11001010300", "population": 4196.0, "median_income": 1611.0, "demand_score": 1.5737860660203249 }, "geometry": { "type": "Point", "coordinates": [ -8574324.0, 4717893.0 ] } },
{ "type": "Feature", "properties": { "degree": 3, "GEOID": "11001000702", "population": 2921.0, "median_income": 2168.0, "demand_score": 1.5737128290648068 }, "geometry": { "type": "Point", "coordinates": [ -8580381.0, 4711052.000000000931323 ] } },
{ "type": "Feature", "properties": { "degree": 4, "GEOID": "11001003200", "population": 4136.0, "median_income": 1620.0, "demand_score": 1.5736048728559042 }, "geometry": { "type": "Point", "coordinates": [ -8573877.0, 4711298.0 ] } },
{ "type": "Feature", "properties": { "degree": 3, "GEOID": "11001001600", "population": 4477.0, "median_income": 1645.0, "demand_score": 1.5735303519264383 }, "geometry": { "type": "Point", "coordinates": [ -8575808.999999998137355, 4718952.0 ] } },
{ "type": "Feature", "properties": { "degree": 4, "GEOID": "11001007603", "population": 3619.0, "median_income": 2107.0, "demand_score": 1.5734431238298967 }, "geometry": { "type": "Point", "coordinates": [ -8566435.0, 4702011.999999999068677 ] } },
{ "type": "Feature", "properties": { "degree": 3, "GEOID": "11001002801", "population": 3818.0, "median_income": 1781.0, "demand_score": 1.5734207769514987 }, "geometry": { "type": "Point", "coordinates": [ -8575633.0, 4712348.0 ] } },
{ "type": "Feature", "properties": { "degree": 4, "GEOID": "11001009400", "population": 4889.0, "median_income": 1807.0, "demand_score": 1.5733565188309413 }, "geometry": { "type": "Point", "coordinates": [ -8568501.000000001862645, 4711916.0 ] } },
{ "type": "Feature", "properties": { "degree": 4, "GEOID": "11001010300", "population": 4196.0, "median_income": 1611.0, "demand_score": 1.5731661782933233 }, "geometry": { "type": "Point", "coordinates": [ -8575057.0, 4717700.0 ] } },
{ "type": "Feature", "properties": { "degree": 4, "GEOID": "11001001600", "population": 4477.0, "median_income": 1645.0, "demand_score": 1.5730861967990064 }, "geometry": { "type": "Point", "coordinates": [ -8575320.000000001862645, 4719646.999999999068677 ] } },
{ "type": "Feature", "properties": { "degree": 4, "GEOID": "11001000202", "population": 3919.0, "median_income": 1802.0, "demand_score": 1.5730523049394995 }, "geometry": { "type": "Point", "coordinates": [ -8579563.0, 4708194.0 ] } },
{ "type": "Feature", "properties": { "degree": 3, "GEOID": "11001009603", "population": 4025.0, "median_income": 1992.0, "demand_score": 1.572864489167632 }, "geometry": { "type": "Point", "coordinates": [ -8565433.0, 4706307.999999999068677 ] } },
{ "type": "Feature", "properties": { "degree": 3, "GEOID": "11001009505", "population": 4286.0, "median_income": 1820.0, "demand_score": 1.5728406336781351 }, "geometry": { "type": "Point", "coordinates": [ -8572341.0, 4717065.0 ] } },
{ "type": "Feature", "properties": { "degree": 3, "GEOID": "11001003301", "population": 3706.0, "median_income": 1815.0, "demand_score": 1.5727779991262472 }, "geometry": { "type": "Point", "coordinates": [ -8572738.0, 4710726.999999999068677 ] } },
{ "type": "Feature", "properties": { "degree": 4, "GEOID": "11001002002", "population": 4392.0, "median_income": 1527.0, "demand_score": 1.5724388330869261 }, "geometry": { "type": "Point", "coordinates": [ -8574622.0, 4714475.0 ] } },
{ "type": "Feature", "properties": { "degree": 3, "GEOID": "11001008904", "population": 3973.0, "median_income": 1970.0, "demand_score": 1.5724060222337721 }, "geometry": { "type": "Point", "coordinates": [ -8568954.0, 4707483.0 ] } },
{ "type": "Feature", "properties": { "degree": 3, "GEOID": "11001009508", "population": 3908.0, "median_income": 1827.0, "demand_score": 1.5722821615248854 }, "geometry": { "type": "Point", "coordinates": [ -8571004.999999998137355, 4715161.0 ] } },
{ "type": "Feature", "properties": { "degree": 3, "GEOID": "11001010300", "population": 4196.0, "median_income": 1611.0, "demand_score": 1.5720471445726145 }, "geometry": { "type": "Point", "coordinates": [ -8574740.0, 4717909.0 ] } },
{ "type": "Feature", "properties": { "degree": 4, "GEOID": "11001005202", "population": 2886.0, "median_income": 2095.0, "demand_score": 1.5719998610384953 }, "geometry": { "type": "Point", "coordinates": [ -8575158.0, 4709055.999999999068677 ] } },
{ "type": "Feature", "properties": { "degree": 3, "GEOID": "11001002801", "population": 3818.0, "median_income": 1781.0, "demand_score": 1.5719927888582987 }, "geometry": { "type": "Point", "coordinates": [ -8575491.999999998137355, 4712454.0 ] } },
{ "type": "Feature", "properties": { "degree": 4, "GEOID": "11001008904", "population": 3973.0, "median_income": 1970.0, "demand_score": 1.5718098894768104 }, "geometry": { "type": "Point", "coordinates": [ -8568725.999999998137355, 4707385.999999999068677 ] } },
{ "type": "Feature", "properties": { "degree": 3, "GEOID": "11001010300", "population": 4196.0, "median_income": 1611.0, "demand_score": 1.5717597069442752 }, "geometry": { "type": "Point", "coordinates": [ -8575056.0, 4717719.0 ] } },
{ "type": "Feature", "properties": { "degree": 4, "GEOID": "11001009508", "population": 3908.0, "median_income": 1827.0, "demand_score": 1.5717183390541547 }, "geometry": { "type": "Point", "coordinates": [ -8571247.0, 4714890.0 ] } },
{ "type": "Feature", "properties": { "degree": 4, "GEOID": "11001007603", "population": 3619.0, "median_income": 2107.0, "demand_score": 1.5715086625344681 }, "geometry": { "type": "Point", "coordinates": [ -8566445.0, 4701403.0 ] } },
{ "type": "Feature", "properties": { "degree": 3, "GEOID": "11001000702", "population": 2921.0, "median_income": 2168.0, "demand_score": 1.5713809241696235 }, "geometry": { "type": "Point", "coordinates": [ -8580479.999999998137355, 4710585.0 ] } },
{ "type": "Feature", "properties": { "degree": 3, "GEOID": "11001003301", "population": 3706.0, "median_income": 1815.0, "demand_score": 1.5713277797805931 }, "geometry": { "type": "Point", "coordinates": [ -8572607.000000001862645, 4710866.000000000931323 ] } },
{ "type": "Feature", "properties": { "degree": 3, "GEOID": "11001009400", "population": 4889.0, "median_income": 1807.0, "demand_score": 1.5711649302491799 }, "geometry": { "type": "Point", "coordinates": [ -8567580.0, 4712365.999999999068677 ] } },
{ "type": "Feature", "properties": { "degree": 3, "GEOID": "11001007603", "population": 3619.0, "median_income": 2107.0, "demand_score": 1.5710581490682416 }, "geometry": { "type": "Point", "coordinates": [ -8566435.0, 4702116.999999999068677 ] } },
{ "type": "Feature", "properties": { "degree": 3, "GEOID": "11001003200", "population": 4136.0, "median_income": 1620.0, "demand_score": 1.5709840899428937 }, "geometry": { "type": "Point", "coordinates": [ -8573892.0, 4711362.0 ] } },
{ "type": "Feature", "properties": { "degree": 4, "GEOID": "11001003802", "population": 3372.0, "median_income": 2029.0, "demand_score": 1.5708066167319426 }, "geometry": { "type": "Point", "coordinates": [ -8575942.0, 4710671.999999999068677 ] } },
{ "type": "Feature", "properties": { "degree": 3, "GEOID": "11001002002", "population": 4392.0, "median_income": 1527.0, "demand_score": 1.5700126175170781 }, "geometry": { "type": "Point", "coordinates": [ -8574908.0, 4714110.0 ] } },
{ "type": "Feature", "properties": { "degree": 3, "GEOID": "11001000202", "population": 3919.0, "median_income": 1802.0, "demand_score": 1.5699826564512758 }, "geometry": { "type": "Point", "coordinates": [ -8579567.0, 4708313.999999999068677 ] } },
{ "type": "Feature", "properties": { "degree": 4, "GEOID": "11001002801", "population": 3818.0, "median_income": 1781.0, "demand_score": 1.5696354203706691 }, "geometry": { "type": "Point", "coordinates": [ -8575245.0, 4712547.0 ] } },
{ "type": "Feature", "properties": { "degree": 4, "GEOID": "11001009400", "population": 4889.0, "median_income": 1807.0, "demand_score": 1.5695656913453566 }, "geometry": { "type": "Point", "coordinates": [ -8568057.0, 4712237.0 ] } },
{ "type": "Feature", "properties": { "degree": 3, "GEOID": "11001001803", "population": 4218.0, "median_income": 1681.0, "demand_score": 1.5694474211755809 }, "geometry": { "type": "Point", "coordinates": [ -8575650.0, 4717335.0 ] } },
{ "type": "Feature", "properties": { "degree": 4, "GEOID": "11001005202", "population": 2886.0, "median_income": 2095.0, "demand_score": 1.569426139168145 }, "geometry": { "type": "Point", "coordinates": [ -8575158.0, 4709162.0 ] } },
{ "type": "Feature", "properties": { "degree": 3, "GEOID": "11001003301", "population": 3706.0, "median_income": 1815.0, "demand_score": 1.5692769341481989 }, "geometry": { "type": "Point", "coordinates": [ -8572607.000000001862645, 4710833.000000000931323 ] } },
{ "type": "Feature", "properties": { "degree": 3, "GEOID": "11001005202", "population": 2886.0, "median_income": 2095.0, "demand_score": 1.5685674709021233 }, "geometry": { "type": "Point", "coordinates": [ -8575301.999999998137355, 4709163.000000000931323 ] } },
{ "type": "Feature", "properties": { "degree": 3, "GEOID": "11001008904", "population": 3973.0, "median_income": 1970.0, "demand_score": 1.5680436816677696 }, "geometry": { "type": "Point", "coordinates": [ -8569096.0, 4707565.0 ] } },
{ "type": "Feature", "properties": { "degree": 4, "GEOID": "11001001600", "population": 4477.0, "median_income": 1645.0, "demand_score": 1.5679204189246161 }, "geometry": { "type": "Point", "coordinates": [ -8575646.000000001862645, 4719403.0 ] } },
{ "type": "Feature", "properties": { "degree": 3, "GEOID": "11001009400", "population": 4889.0, "median_income": 1807.0, "demand_score": 1.5678854236052027 }, "geometry": { "type": "Point", "coordinates": [ -8567803.0, 4712532.999999999068677 ] } },
{ "type": "Feature", "properties": { "degree": 4, "GEOID": "11001001600", "population": 4477.0, "median_income": 1645.0, "demand_score": 1.5678110350254038 }, "geometry": { "type": "Point", "coordinates": [ -8575650.0, 4717701.0 ] } },
{ "type": "Feature", "properties": { "degree": 4, "GEOID": "11001007605", "population": 3779.0, "median_income": 1926.0, "demand_score": 1.5677853289478199 }, "geometry": { "type": "Point", "coordinates": [ -8568941.000000001862645, 4702416.0 ] } },
{ "type": "Feature", "properties": { "degree": 2, "GEOID": "11001002801", "population": 3818.0, "median_income": 1781.0, "demand_score": 1.5677454079310036 }, "geometry": { "type": "Point", "coordinates": [ -8575440.000000001862645, 4712517.000000000931323 ] } },
{ "type": "Feature", "properties": { "degree": 4, "GEOID": "11001002002", "population": 4392.0, "median_income": 1527.0, "demand_score": 1.5676172877973884 }, "geometry": { "type": "Point", "coordinates": [ -8574907.0, 4715403.0 ] } },
{ "type": "Feature", "properties": { "degree": 3, "GEOID": "11001007605", "population": 3779.0, "median_income": 1926.0, "demand_score": 1.5673997423676937 }, "geometry": { "type": "Point", "coordinates": [ -8569001.0, 4702320.0 ] } },
{ "type": "Feature", "properties": { "degree": 4, "GEOID": "11001009505", "population": 4286.0, "median_income": 1820.0, "demand_score": 1.5672648616165978 }, "geometry": { "type": "Point", "coordinates": [ -8572608.0, 4716995.0 ] } },
{ "type": "Feature", "properties": { "degree": 3, "GEOID": "11001010300", "population": 4196.0, "median_income": 1611.0, "demand_score": 1.5671073910301849 }, "geometry": { "type": "Point", "coordinates": [ -8575040.0, 4717991.999999999068677 ] } },
{ "type": "Feature", "properties": { "degree": 4, "GEOID": "11001007605", "population": 3779.0, "median_income": 1926.0, "demand_score": 1.5670957425013161 }, "geometry": { "type": "Point", "coordinates": [ -8568887.0, 4702501.999999999068677 ] } },
{ "type": "Feature", "properties": { "degree": 3, "GEOID": "11001009400", "population": 4889.0, "median_income": 1807.0, "demand_score": 1.5669526253666795 }, "geometry": { "type": "Point", "coordinates": [ -8568344.999999998137355, 4711954.0 ] } },
{ "type": "Feature", "properties": { "degree": 4, "GEOID": "11001003000", "population": 3878.0, "median_income": 1656.0, "demand_score": 1.5668538116872195 }, "geometry": { "type": "Point", "coordinates": [ -8574690.0, 4711604.0 ] } },
{ "type": "Feature", "properties": { "degree": 4, "GEOID": "11001002002", "population": 4392.0, "median_income": 1527.0, "demand_score": 1.5663756788932601 }, "geometry": { "type": "Point", "coordinates": [ -8574705.0, 4715249.999999999068677 ] } },
{ "type": "Feature", "properties": { "degree": 3, "GEOID": "11001001803", "population": 4218.0, "median_income": 1681.0, "demand_score": 1.5661016383201303 }, "geometry": { "type": "Point", "coordinates": [ -8575650.0, 4717366.0 ] } },
{ "type": "Feature", "properties": { "degree": 4, "GEOID": "11001002002", "population": 4392.0, "median_income": 1527.0, "demand_score": 1.5660700279863546 }, "geometry": { "type": "Point", "coordinates": [ -8574610.999999998137355, 4714369.0 ] } },
{ "type": "Feature", "properties": { "degree": 3, "GEOID": "11001009400", "population": 4889.0, "median_income": 1807.0, "demand_score": 1.5659439077695765 }, "geometry": { "type": "Point", "coordinates": [ -8567644.0, 4712378.000000000931323 ] } },
{ "type": "Feature", "properties": { "degree": 4, "GEOID": "11001005202", "population": 2886.0, "median_income": 2095.0, "demand_score": 1.5659370551187686 }, "geometry": { "type": "Point", "coordinates": [ -8575447.0, 4709162.0 ] } },
{ "type": "Feature", "properties": { "degree": 3, "GEOID": "11001001004", "population": 4015.0, "median_income": 1594.0, "demand_score": 1.565443493985462 }, "geometry": { "type": "Point", "coordinates": [ -8580928.0, 4713534.999999999068677 ] } },
{ "type": "Feature", "properties": { "degree": 4, "GEOID": "11001001004", "population": 4015.0, "median_income": 1594.0, "demand_score": 1.5653830111611997 }, "geometry": { "type": "Point", "coordinates": [ -8580932.0, 4715519.0 ] } },
{ "type": "Feature", "properties": { "degree": 3, "GEOID": "11001001004", "population": 4015.0, "median_income": 1594.0, "demand_score": 1.5650886944477145 }, "geometry": { "type": "Point", "coordinates": [ -8581374.000000001862645, 4713401.0 ] } },
{ "type": "Feature", "properties": { "degree": 4, "GEOID": "11001010300", "population": 4196.0, "median_income": 1611.0, "demand_score": 1.5650375396853022 }, "geometry": { "type": "Point", "coordinates": [ -8574135.0, 4717893.0 ] } },
{ "type": "Feature", "properties": { "degree": 3, "GEOID": "11001009400", "population": 4889.0, "median_income": 1807.0, "demand_score": 1.564898294495036 }, "geometry": { "type": "Point", "coordinates": [ -8567882.0, 4712378.000000000931323 ] } },
{ "type": "Feature", "properties": { "degree": 3, "GEOID": "11001007605", "population": 3779.0, "median_income": 1926.0, "demand_score": 1.5647949556383547 }, "geometry": { "type": "Point", "coordinates": [ -8568853.999999998137355, 4702573.000000000931323 ] } },
{ "type": "Feature", "properties": { "degree": 4, "GEOID": "11001003200", "population": 4136.0, "median_income": 1620.0, "demand_score": 1.5643795909495952 }, "geometry": { "type": "Point", "coordinates": [ -8573808.0, 4711695.0 ] } },
{ "type": "Feature", "properties": { "degree": 3, "GEOID": "11001007409", "population": 3718.0, "median_income": 1815.0, "demand_score": 1.5643628532715859 }, "geometry": { "type": "Point", "coordinates": [ -8568731.999999998137355, 4699553.999999999068677 ] } },
{ "type": "Feature", "properties": { "degree": 4, "GEOID": "11001003500", "population": 3955.0, "median_income": 1708.0, "demand_score": 1.5643344938553461 }, "geometry": { "type": "Point", "coordinates": [ -8574457.0, 4710918.999999999068677 ] } },
{ "type": "Feature", "properties": { "degree": 4, "GEOID": "11001010300", "population": 4196.0, "median_income": 1611.0, "demand_score": 1.5642663918467135 }, "geometry": { "type": "Point", "coordinates": [ -8575321.0, 4718208.000000000931323 ] } },
{ "type": "Feature", "properties": { "degree": 2, "GEOID": "11001001004", "population": 4015.0, "median_income": 1594.0, "demand_score": 1.564108615240416 }, "geometry": { "type": "Point", "coordinates": [ -8581194.0, 4715523.0 ] } },
{ "type": "Feature", "properties": { "degree": 4, "GEOID": "11001003000", "population": 3878.0, "median_income": 1656.0, "demand_score": 1.563710012217479 }, "geometry": { "type": "Point", "coordinates": [ -8574908.0, 4711313.000000000931323 ] } },
{ "type": "Feature", "properties": { "degree": 3, "GEOID": "11001003301", "population": 3706.0, "median_income": 1815.0, "demand_score": 1.5635824430488177 }, "geometry": { "type": "Point", "coordinates": [ -8573197.0, 4709586.0 ] } },
{ "type": "Feature", "properties": { "degree": 3, "GEOID": "11001009505", "population": 4286.0, "median_income": 1820.0, "demand_score": 1.5635245196950356 }, "geometry": { "type": "Point", "coordinates": [ -8572403.0, 4717129.0 ] } },
{ "type": "Feature", "properties": { "degree": 3, "GEOID": "11001007409", "population": 3718.0, "median_income": 1815.0, "demand_score": 1.5633153486013494 }, "geometry": { "type": "Point", "coordinates": [ -8568729.999999998137355, 4699638.0 ] } },
{ "type": "Feature", "properties": { "degree": 2, "GEOID": "11001001004", "population": 4015.0, "median_income": 1594.0, "demand_score": 1.5630601965289448 }, "geometry": { "type": "Point", "coordinates": [ -8581202.0, 4715516.0 ] } },
{ "type": "Feature", "properties": { "degree": 4, "GEOID": "11001001600", "population": 4477.0, "median_income": 1645.0, "demand_score": 1.5629099046637107 }, "geometry": { "type": "Point", "coordinates": [ -8575320.000000001862645, 4719752.0 ] } },
{ "type": "Feature", "properties": { "degree": 3, "GEOID": "11001000702", "population": 2921.0, "median_income": 2168.0, "demand_score": 1.562859324000835 }, "geometry": { "type": "Point", "coordinates": [ -8580540.999999998137355, 4710891.999999999068677 ] } },
{ "type": "Feature", "properties": { "degree": 4, "GEOID": "11001000702", "population": 2921.0, "median_income": 2168.0, "demand_score": 1.5627636225059445 }, "geometry": { "type": "Point", "coordinates": [ -8580563.000000001862645, 4710737.999999999068677 ] } },
{ "type": "Feature", "properties": { "degree": 4, "GEOID": "11001001004", "population": 4015.0, "median_income": 1594.0, "demand_score": 1.5627511095751756 }, "geometry": { "type": "Point", "coordinates": [ -8581063.0, 4714287.0 ] } },
{ "type": "Feature", "properties": { "degree": 3, "GEOID": "11001002801", "population": 3818.0, "median_income": 1781.0, "demand_score": 1.5625286232765221 }, "geometry": { "type": "Point", "coordinates": [ -8575544.999999998137355, 4712520.0 ] } },
{ "type": "Feature", "properties": { "degree": 4, "GEOID": "11001003802", "population": 3372.0, "median_income": 2029.0, "demand_score": 1.5623840378531244 }, "geometry": { "type": "Point", "coordinates": [ -8576079.0, 4710664.999999999068677 ] } },
{ "type": "Feature", "properties": { "degree": 5, "GEOID": "11001009400", "population": 4889.0, "median_income": 1807.0, "demand_score": 1.5621940501125704 }, "geometry": { "type": "Point", "coordinates": [ -8568039.999999998137355, 4712079.0 ] } },
{ "type": "Feature", "properties": { "degree": 3, "GEOID": "11001003301", "population": 3706.0, "median_income": 1815.0, "demand_score": 1.5618440649139862 }, "geometry": { "type": "Point", "coordinates": [ -8573205.999999998137355, 4709687.999999998137355 ] } },
{ "type": "Feature", "properties": { "degree": 3, "GEOID": "11001001600", "population": 4477.0, "median_income": 1645.0, "demand_score": 1.5616348697030675 }, "geometry": { "type": "Point", "coordinates": [ -8575650.0, 4717824.0 ] } },
{ "type": "Feature", "properties": { "degree": 3, "GEOID": "11001009603", "population": 4025.0, "median_income": 1992.0, "demand_score": 1.561340156389434 }, "geometry": { "type": "Point", "coordinates": [ -8565429.0, 4706054.999999999068677 ] } },
{ "type": "Feature", "properties": { "degree": 3, "GEOID": "11001001600", "population": 4477.0, "median_income": 1645.0, "demand_score": 1.5609782955476685 }, "geometry": { "type": "Point", "coordinates": [ -8575232.999999998137355, 4719818.0 ] } },
{ "type": "Feature", "properties": { "degree": 3, "GEOID": "11001003301", "population": 3706.0, "median_income": 1815.0, "demand_score": 1.560902353499338 }, "geometry": { "type": "Point", "coordinates": [ -8572607.000000001862645, 4710713.0 ] } },
{ "type": "Feature", "properties": { "degree": 3, "GEOID": "11001010300", "population": 4196.0, "median_income": 1611.0, "demand_score": 1.5607835186641723 }, "geometry": { "type": "Point", "coordinates": [ -8575197.0, 4717700.0 ] } },
{ "type": "Feature", "properties": { "degree": 3, "GEOID": "11001009400", "population": 4889.0, "median_income": 1807.0, "demand_score": 1.5605925895092887 }, "geometry": { "type": "Point", "coordinates": [ -8567899.0, 4712237.0 ] } },
{ "type": "Feature", "properties": { "degree": 4, "GEOID": "11001001004", "population": 4015.0, "median_income": 1594.0, "demand_score": 1.5603993649744607 }, "geometry": { "type": "Point", "coordinates": [ -8581071.0, 4714818.0 ] } },
{ "type": "Feature", "properties": { "degree": 2, "GEOID": "11001008904", "population": 3973.0, "median_income": 1970.0, "demand_score": 1.560290485941406 }, "geometry": { "type": "Point", "coordinates": [ -8568527.0, 4707379.999999999068677 ] } },
{ "type": "Feature", "properties": { "degree": 3, "GEOID": "11001000702", "population": 2921.0, "median_income": 2168.0, "demand_score": 1.5601307416148458 }, "geometry": { "type": "Point", "coordinates": [ -8580507.0, 4711065.0 ] } },
{ "type": "Feature", "properties": { "degree": 4, "GEOID": "11001001004", "population": 4015.0, "median_income": 1594.0, "demand_score": 1.5594225976885492 }, "geometry": { "type": "Point", "coordinates": [ -8580926.999999998137355, 4714988.0 ] } },
{ "type": "Feature", "properties": { "degree": 3, "GEOID": "11001000702", "population": 2921.0, "median_income": 2168.0, "demand_score": 1.5593818162078263 }, "geometry": { "type": "Point", "coordinates": [ -8580586.0, 4710585.0 ] } },
{ "type": "Feature", "properties": { "degree": 3, "GEOID": "11001001600", "population": 4477.0, "median_income": 1645.0, "demand_score": 1.559346935477127 }, "geometry": { "type": "Point", "coordinates": [ -8575866.999999998137355, 4719169.0 ] } },
{ "type": "Feature", "properties": { "degree": 3, "GEOID": "11001004002", "population": 3146.0, "median_income": 2016.0, "demand_score": 1.5592821570391588 }, "geometry": { "type": "Point", "coordinates": [ -8576487.0, 4709786.999999999068677 ] } },
{ "type": "Feature", "properties": { "degree": 3, "GEOID": "11001009400", "population": 4889.0, "median_income": 1807.0, "demand_score": 1.5590834854157705 }, "geometry": { "type": "Point", "coordinates": [ -8567818.0, 4712378.000000000931323 ] } },
{ "type": "Feature", "properties": { "degree": 3, "GEOID": "11001007605", "population": 3779.0, "median_income": 1926.0, "demand_score": 1.5588762236770162 }, "geometry": { "type": "Point", "coordinates": [ -8569729.0, 4702557.000000000931323 ] } },
{ "type": "Feature", "properties": { "degree": 3, "GEOID": "11001003301", "population": 3706.0, "median_income": 1815.0, "demand_score": 1.5586819770873628 }, "geometry": { "type": "Point", "coordinates": [ -8573214.999999998137355, 4709790.000000000931323 ] } },
{ "type": "Feature", "properties": { "degree": 3, "GEOID": "11001007603", "population": 3619.0, "median_income": 2107.0, "demand_score": 1.5584728867825575 }, "geometry": { "type": "Point", "coordinates": [ -8566300.0, 4701548.0 ] } },
{ "type": "Feature", "properties": { "degree": 3, "GEOID": "11001007605", "population": 3779.0, "median_income": 1926.0, "demand_score": 1.5584415791773045 }, "geometry": { "type": "Point", "coordinates": [ -8569068.0, 4702360.999999999068677 ] } },
{ "type": "Feature", "properties": { "degree": 3, "GEOID": "11001001004", "population": 4015.0, "median_income": 1594.0, "demand_score": 1.5582713972770801 }, "geometry": { "type": "Point", "coordinates": [ -8581063.0, 4714212.999999999068677 ] } },
{ "type": "Feature", "properties": { "degree": 3, "GEOID": "11001002801", "population": 3818.0, "median_income": 1781.0, "demand_score": 1.5581315216288014 }, "geometry": { "type": "Point", "coordinates": [ -8575435.0, 4712608.0 ] } },
{ "type": "Feature", "properties": { "degree": 4, "GEOID": "11001001600", "population": 4477.0, "median_income": 1645.0, "demand_score": 1.5580645489742331 }, "geometry": { "type": "Point", "coordinates": [ -8575145.0, 4719884.0 ] } },
{ "type": "Feature", "properties": { "degree": 3, "GEOID": "11001003500", "population": 3955.0, "median_income": 1708.0, "demand_score": 1.5573401752164213 }, "geometry": { "type": "Point", "coordinates": [ -8574124.0, 4710958.0 ] } },
{ "type": "Feature", "properties": { "degree": 3, "GEOID": "11001007409", "population": 3718.0, "median_income": 1815.0, "demand_score": 1.5573207243345499 }, "geometry": { "type": "Point", "coordinates": [ -8568691.0, 4699338.999999999068677 ] } },
{ "type": "Feature", "properties": { "degree": 4, "GEOID": "11001007603", "population": 3619.0, "median_income": 2107.0, "demand_score": 1.5571909100525654 }, "geometry": { "type": "Point", "coordinates": [ -8566282.0, 4701942.0 ] } },
{ "type": "Feature", "properties": { "degree": 4, "GEOID": "11001001004", "population": 4015.0, "median_income": 1594.0, "demand_score": 1.5571836896643301 }, "geometry": { "type": "Point", "coordinates": [ -8581911.0, 4713485.0 ] } },
{ "type": "Feature", "properties": { "degree": 3, "GEOID": "11001007605", "population": 3779.0, "median_income": 1926.0, "demand_score": 1.5571393306806163 }, "geometry": { "type": "Point", "coordinates": [ -8568814.0, 4702708.999999999068677 ] } },
{ "type": "Feature", "properties": { "degree": 4, "GEOID": "11001009508", "population": 3908.0, "median_income": 1827.0, "demand_score": 1.5569937659572304 }, "geometry": { "type": "Point", "coordinates": [ -8571154.0, 4714799.0 ] } },
{ "type": "Feature", "properties": { "degree": 4, "GEOID": "11001001004", "population": 4015.0, "median_income": 1594.0, "demand_score": 1.5568840797042878 }, "geometry": { "type": "Point", "coordinates": [ -8581649.0, 4713238.999999999068677 ] } },
{ "type": "Feature", "properties": { "degree": 3, "GEOID": "11001009508", "population": 3908.0, "median_income": 1827.0, "demand_score": 1.5565645069068668 }, "geometry": { "type": "Point", "coordinates": [ -8570986.0, 4714954.999999999068677 ] } },
{ "type": "Feature", "properties": { "degree": 4, "GEOID": "11001010300", "population": 4196.0, "median_income": 1611.0, "demand_score": 1.5563095526898811 }, "geometry": { "type": "Point", "coordinates": [ -8573946.0, 4718208.000000000931323 ] } },
{ "type": "Feature", "properties": { "degree": 4, "GEOID": "11001010300", "population": 4196.0, "median_income": 1611.0, "demand_score": 1.5560479864523811 }, "geometry": { "type": "Point", "coordinates": [ -8573888.0, 4718311.0 ] } },
{ "type": "Feature", "properties": { "degree": 4, "GEOID": "11001000702", "population": 2921.0, "median_income": 2168.0, "demand_score": 1.5555635139665331 }, "geometry": { "type": "Point", "coordinates": [ -8580595.0, 4710459.999999999068677 ] } },
{ "type": "Feature", "properties": { "degree": 3, "GEOID": "11001001004", "population": 4015.0, "median_income": 1594.0, "demand_score": 1.5554891636223251 }, "geometry": { "type": "Point", "coordinates": [ -8581198.0, 4713534.999999999068677 ] } },
{ "type": "Feature", "properties": { "degree": 4, "GEOID": "11001008904", "population": 3973.0, "median_income": 1970.0, "demand_score": 1.5554011858696319 }, "geometry": { "type": "Point", "coordinates": [ -8568954.0, 4707639.999999999068677 ] } },
{ "type": "Feature", "properties": { "degree": 3, "GEOID": "11001010300", "population": 4196.0, "median_income": 1611.0, "demand_score": 1.555094390225817 }, "geometry": { "type": "Point", "coordinates": [ -8573991.0, 4718125.999999999068677 ] } },
{ "type": "Feature", "properties": { "degree": 3, "GEOID": "11001007603", "population": 3619.0, "median_income": 2107.0, "demand_score": 1.5549624343869253 }, "geometry": { "type": "Point", "coordinates": [ -8566282.0, 4702074.999999999068677 ] } },
{ "type": "Feature", "properties": { "degree": 3, "GEOID": "11001007604", "population": 3457.0, "median_income": 1814.0, "demand_score": 1.5548538740237556 }, "geometry": { "type": "Point", "coordinates": [ -8567498.0, 4702162.999999999068677 ] } },
{ "type": "Feature", "properties": { "degree": 4, "GEOID": "11001001600", "population": 4477.0, "median_income": 1645.0, "demand_score": 1.5546511770131213 }, "geometry": { "type": "Point", "coordinates": [ -8575866.999999998137355, 4719267.000000000931323 ] } },
{ "type": "Feature", "properties": { "degree": 3, "GEOID": "11001001004", "population": 4015.0, "median_income": 1594.0, "demand_score": 1.5545896249178162 }, "geometry": { "type": "Point", "coordinates": [ -8581198.0, 4714566.0 ] } },
{ "type": "Feature", "properties": { "degree": 4, "GEOID": "11001007604", "population": 3457.0, "median_income": 1814.0, "demand_score": 1.5545276861378428 }, "geometry": { "type": "Point", "coordinates": [ -8567405.999999998137355, 4702051.0 ] } },
{ "type": "Feature", "properties": { "degree": 4, "GEOID": "11001003802", "population": 3372.0, "median_income": 2029.0, "demand_score": 1.5542542170983025 }, "geometry": { "type": "Point", "coordinates": [ -8575815.0, 4710893.999999998137355 ] } },
{ "type": "Feature", "properties": { "degree": 4, "GEOID": "11001001004", "population": 4015.0, "median_income": 1594.0, "demand_score": 1.5541961752511662 }, "geometry": { "type": "Point", "coordinates": [ -8581198.0, 4714469.000000000931323 ] } },
{ "type": "Feature", "properties": { "degree": 3, "GEOID": "11001001803", "population": 4218.0, "median_income": 1681.0, "demand_score": 1.5537065253465339 }, "geometry": { "type": "Point", "coordinates": [ -8575650.0, 4717480.0 ] } },
{ "type": "Feature", "properties": { "degree": 3, "GEOID": "11001003200", "population": 4136.0, "median_income": 1620.0, "demand_score": 1.5535330345050695 }, "geometry": { "type": "Point", "coordinates": [ -8573677.0, 4711945.0 ] } },
{ "type": "Feature", "properties": { "degree": 3, "GEOID": "11001010300", "population": 4196.0, "median_income": 1611.0, "demand_score": 1.5535035729351452 }, "geometry": { "type": "Point", "coordinates": [ -8574024.0, 4718066.0 ] } },
{ "type": "Feature", "properties": { "degree": 3, "GEOID": "11001010300", "population": 4196.0, "median_income": 1611.0, "demand_score": 1.5533453384390996 }, "geometry": { "type": "Point", "coordinates": [ -8575155.0, 4717848.000000000931323 ] } },
{ "type": "Feature", "properties": { "degree": 4, "GEOID": "11001001004", "population": 4015.0, "median_income": 1594.0, "demand_score": 1.5532202157305712 }, "geometry": { "type": "Point", "coordinates": [ -8581198.0, 4714661.999999999068677 ] } },
{ "type": "Feature", "properties": { "degree": 4, "GEOID": "11001003802", "population": 3372.0, "median_income": 2029.0, "demand_score": 1.5530369659250938 }, "geometry": { "type": "Point", "coordinates": [ -8576208.0, 4710659.999999999068677 ] } },
{ "type": "Feature", "properties": { "degree": 4, "GEOID": "11001003301", "population": 3706.0, "median_income": 1815.0, "demand_score": 1.5530169296863425 }, "geometry": { "type": "Point", "coordinates": [ -8572953.0, 4710407.0 ] } },
{ "type": "Feature", "properties": { "degree": 4, "GEOID": "11001001600", "population": 4477.0, "median_income": 1645.0, "demand_score": 1.5530089676269214 }, "geometry": { "type": "Point", "coordinates": [ -8575059.0, 4719960.0 ] } },
{ "type": "Feature", "properties": { "degree": 3, "GEOID": "11001001600", "population": 4477.0, "median_income": 1645.0, "demand_score": 1.5526502606686456 }, "geometry": { "type": "Point", "coordinates": [ -8575878.0, 4719284.0 ] } },
{ "type": "Feature", "properties": { "degree": 3, "GEOID": "11001007605", "population": 3779.0, "median_income": 1926.0, "demand_score": 1.5525066807750083 }, "geometry": { "type": "Point", "coordinates": [ -8568995.0, 4702570.999999999068677 ] } },
{ "type": "Feature", "properties": { "degree": 3, "GEOID": "11001007301", "population": 4482.0, "median_income": 1362.0, "demand_score": 1.5523279520760149 }, "geometry": { "type": "Point", "coordinates": [ -8573644.0, 4699729.0 ] } },
{ "type": "Feature", "properties": { "degree": 2, "GEOID": "11001007604", "population": 3457.0, "median_income": 1814.0, "demand_score": 1.5521903916622899 }, "geometry": { "type": "Point", "coordinates": [ -8567676.0, 4702303.0 ] } },
{ "type": "Feature", "properties": { "degree": 4, "GEOID": "11001003200", "population": 4136.0, "median_income": 1620.0, "demand_score": 1.5519325340082655 }, "geometry": { "type": "Point", "coordinates": [ -8573836.0, 4711829.999999999068677 ] } },
{ "type": "Feature", "properties": { "degree": 4, "GEOID": "11001001600", "population": 4477.0, "median_income": 1645.0, "demand_score": 1.55167584433035 }, "geometry": { "type": "Point", "coordinates": [ -8575647.0, 4719618.999999999068677 ] } },
{ "type": "Feature", "properties": { "degree": 3, "GEOID": "11001007301", "population": 4482.0, "median_income": 1362.0, "demand_score": 1.5515759589035574 }, "geometry": { "type": "Point", "coordinates": [ -8572556.0, 4701016.000000000931323 ] } },
{ "type": "Feature", "properties": { "degree": 4, "GEOID": "11001007604", "population": 3457.0, "median_income": 1814.0, "demand_score": 1.551446655666735 }, "geometry": { "type": "Point", "coordinates": [ -8567314.0, 4701885.999999999068677 ] } },
{ "type": "Feature", "properties": { "degree": 3, "GEOID": "11001001004", "population": 4015.0, "median_income": 1594.0, "demand_score": 1.5512150324939924 }, "geometry": { "type": "Point", "coordinates": [ -8581372.0, 4713534.0 ] } },
{ "type": "Feature", "properties": { "degree": 3, "GEOID": "11001007603", "population": 3619.0, "median_income": 2107.0, "demand_score": 1.5511502515636197 }, "geometry": { "type": "Point", "coordinates": [ -8566227.0, 4701621.0 ] } },
{ "type": "Feature", "properties": { "degree": 3, "GEOID": "11001010300", "population": 4196.0, "median_income": 1611.0, "demand_score": 1.5510745004427442 }, "geometry": { "type": "Point", "coordinates": [ -8574060.0, 4718000.0 ] } },
{ "type": "Feature", "properties": { "degree": 3, "GEOID": "11001007301", "population": 4482.0, "median_income": 1362.0, "demand_score": 1.5510669703992386 }, "geometry": { "type": "Point", "coordinates": [ -8573393.0, 4699655.999999999068677 ] } },
{ "type": "Feature", "properties": { "degree": 3, "GEOID": "11001009508", "population": 3908.0, "median_income": 1827.0, "demand_score": 1.5510631693586492 }, "geometry": { "type": "Point", "coordinates": [ -8570713.0, 4715363.0 ] } },
{ "type": "Feature", "properties": { "degree": 4, "GEOID": "11001004901", "population": 3251.0, "median_income": 1877.0, "demand_score": 1.5509843395229372 }, "geometry": { "type": "Point", "coordinates": [ -8574040.999999998137355, 4708950.0 ] } },
{ "type": "Feature", "properties": { "degree": 4, "GEOID": "11001003000", "population": 3878.0, "median_income": 1656.0, "demand_score": 1.5505194283734132 }, "geometry": { "type": "Point", "coordinates": [ -8574908.0, 4711185.0 ] } },
{ "type": "Feature", "properties": { "degree": 3, "GEOID": "11001007603", "population": 3619.0, "median_income": 2107.0, "demand_score": 1.550145433214227 }, "geometry": { "type": "Point", "coordinates": [ -8566282.0, 4702252.0 ] } },
{ "type": "Feature", "properties": { "degree": 4, "GEOID": "11001001004", "population": 4015.0, "median_income": 1594.0, "demand_score": 1.5500879279054374 }, "geometry": { "type": "Point", "coordinates": [ -8581197.000000001862645, 4714313.999999999068677 ] } },
{ "type": "Feature", "properties": { "degree": 4, "GEOID": "11001000703", "population": 2978.0, "median_income": 2028.0, "demand_score": 1.5500416514008561 }, "geometry": { "type": "Point", "coordinates": [ -8580178.0, 4711105.000000000931323 ] } },
{ "type": "Feature", "properties": { "degree": 3, "GEOID": "11001009508", "population": 3908.0, "median_income": 1827.0, "demand_score": 1.549806368315946 }, "geometry": { "type": "Point", "coordinates": [ -8570878.999999998137355, 4714995.999999999068677 ] } },
{ "type": "Feature", "properties": { "degree": 3, "GEOID": "11001010300", "population": 4196.0, "median_income": 1611.0, "demand_score": 1.5497837231802936 }, "geometry": { "type": "Point", "coordinates": [ -8575472.0, 4718209.000000000931323 ] } },
{ "type": "Feature", "properties": { "degree": 2, "GEOID": "11001001004", "population": 4015.0, "median_income": 1594.0, "demand_score": 1.5497385784126663 }, "geometry": { "type": "Point", "coordinates": [ -8581683.999999998137355, 4713301.000000000931323 ] } },
{ "type": "Feature", "properties": { "degree": 4, "GEOID": "11001001004", "population": 4015.0, "median_income": 1594.0, "demand_score": 1.5496344829737714 }, "geometry": { "type": "Point", "coordinates": [ -8581198.0, 4713873.999999999068677 ] } },
{ "type": "Feature", "properties": { "degree": 4, "GEOID": "11001001004", "population": 4015.0, "median_income": 1594.0, "demand_score": 1.5493022281329853 }, "geometry": { "type": "Point", "coordinates": [ -8581062.0, 4714988.0 ] } },
{ "type": "Feature", "properties": { "degree": 3, "GEOID": "11001007301", "population": 4482.0, "median_income": 1362.0, "demand_score": 1.5492778261453988 }, "geometry": { "type": "Point", "coordinates": [ -8573931.0, 4698451.999999999068677 ] } },
{ "type": "Feature", "properties": { "degree": 3, "GEOID": "11001007605", "population": 3779.0, "median_income": 1926.0, "demand_score": 1.5492598952546663 }, "geometry": { "type": "Point", "coordinates": [ -8568912.999999998137355, 4702708.999999999068677 ] } },
{ "type": "Feature", "properties": { "degree": 4, "GEOID": "11001004901", "population": 3251.0, "median_income": 1877.0, "demand_score": 1.5491275247634126 }, "geometry": { "type": "Point", "coordinates": [ -8574155.0, 4708584.999999999068677 ] } },
{ "type": "Feature", "properties": { "degree": 4, "GEOID": "11001007301", "population": 4482.0, "median_income": 1362.0, "demand_score": 1.5490516270832155 }, "geometry": { "type": "Point", "coordinates": [ -8574048.0, 4698695.999999999068677 ] } },
{ "type": "Feature", "properties": { "degree": 4, "GEOID": "11001007604", "population": 3457.0, "median_income": 1814.0, "demand_score": 1.5490393586017612 }, "geometry": { "type": "Point", "coordinates": [ -8568072.0, 4702359.999999999068677 ] } },
{ "type": "Feature", "properties": { "degree": 3, "GEOID": "11001010300", "population": 4196.0, "median_income": 1611.0, "demand_score": 1.5490023470069438 }, "geometry": { "type": "Point", "coordinates": [ -8575321.0, 4717700.0 ] } },
{ "type": "Feature", "properties": { "degree": 4, "GEOID": "11001004901", "population": 3251.0, "median_income": 1877.0, "demand_score": 1.5489443089717876 }, "geometry": { "type": "Point", "coordinates": [ -8574269.0, 4709020.000000000931323 ] } },
{ "type": "Feature", "properties": { "degree": 3, "GEOID": "11001003301", "population": 3706.0, "median_income": 1815.0, "demand_score": 1.54876518260552 }, "geometry": { "type": "Point", "coordinates": [ -8573236.0, 4710028.0 ] } },
{ "type": "Feature", "properties": { "degree": 3, "GEOID": "11001003802", "population": 3372.0, "median_income": 2029.0, "demand_score": 1.5486878353919089 }, "geometry": { "type": "Point", "coordinates": [ -8575952.0, 4710888.000000000931323 ] } },
{ "type": "Feature", "properties": { "degree": 4, "GEOID": "11001001004", "population": 4015.0, "median_income": 1594.0, "demand_score": 1.5486210279321635 }, "geometry": { "type": "Point", "coordinates": [ -8581198.0, 4713766.999999999068677 ] } },
{ "type": "Feature", "properties": { "degree": 4, "GEOID": "11001001004", "population": 4015.0, "median_income": 1594.0, "demand_score": 1.5486184140494146 }, "geometry": { "type": "Point", "coordinates": [ -8581198.0, 4713981.0 ] } },
{ "type": "Feature", "properties": { "degree": 4, "GEOID": "11001003301", "population": 3706.0, "median_income": 1815.0, "demand_score": 1.5485712530112274 }, "geometry": { "type": "Point", "coordinates": [ -8572608.0, 4710559.0 ] } },
{ "type": "Feature", "properties": { "degree": 3, "GEOID": "11001002801", "population": 3818.0, "median_income": 1781.0, "demand_score": 1.5483105386522107 }, "geometry": { "type": "Point", "coordinates": [ -8575619.999999998137355, 4712620.999999999068677 ] } },
{ "type": "Feature", "properties": { "degree": 4, "GEOID": "11001003500", "population": 3955.0, "median_income": 1708.0, "demand_score": 1.5481214344197509 }, "geometry": { "type": "Point", "coordinates": [ -8574472.999999998137355, 4711060.000000000931323 ] } },
{ "type": "Feature", "properties": { "degree": 3, "GEOID": "11001004002", "population": 3146.0, "median_income": 2016.0, "demand_score": 1.5480700578118212 }, "geometry": { "type": "Point", "coordinates": [ -8576240.999999998137355, 4710039.999999999068677 ] } },
{ "type": "Feature", "properties": { "degree": 4, "GEOID": "11001001004", "population": 4015.0, "median_income": 1594.0, "demand_score": 1.5478946920559027 }, "geometry": { "type": "Point", "coordinates": [ -8581467.0, 4715519.0 ] } },
{ "type": "Feature", "properties": { "degree": 3, "GEOID": "11001003500", "population": 3955.0, "median_income": 1708.0, "demand_score": 1.5478797477813573 }, "geometry": { "type": "Point", "coordinates": [ -8574134.0, 4711045.999999999068677 ] } },
{ "type": "Feature", "properties": { "degree": 4, "GEOID": "11001001004", "population": 4015.0, "median_income": 1594.0, "demand_score": 1.5478063476259778 }, "geometry": { "type": "Point", "coordinates": [ -8581197.000000001862645, 4714815.000000000931323 ] } },
{ "type": "Feature", "properties": { "degree": 4, "GEOID": "11001004901", "population": 3251.0, "median_income": 1877.0, "demand_score": 1.5477777154143586 }, "geometry": { "type": "Point", "coordinates": [ -8574155.999999998137355, 4708950.0 ] } },
{ "type": "Feature", "properties": { "degree": 3, "GEOID": "11001003301", "population": 3706.0, "median_income": 1815.0, "demand_score": 1.5474048848651376 }, "geometry": { "type": "Point", "coordinates": [ -8573108.0, 4709790.000000000931323 ] } },
{ "type": "Feature", "properties": { "degree": 3, "GEOID": "11001000702", "population": 2921.0, "median_income": 2168.0, "demand_score": 1.547281131491326 }, "geometry": { "type": "Point", "coordinates": [ -8580680.0, 4710893.999999998137355 ] } },
{ "type": "Feature", "properties": { "degree": 3, "GEOID": "11001007301", "population": 4482.0, "median_income": 1362.0, "demand_score": 1.5472283901984076 }, "geometry": { "type": "Point", "coordinates": [ -8574026.0, 4698572.0 ] } },
{ "type": "Feature", "properties": { "degree": 3, "GEOID": "11001001803", "population": 4218.0, "median_income": 1681.0, "demand_score": 1.5470708080564521 }, "geometry": { "type": "Point", "coordinates": [ -8575650.0, 4717592.0 ] } },
{ "type": "Feature", "properties": { "degree": 3, "GEOID": "11001007301", "population": 4482.0, "median_income": 1362.0, "demand_score": 1.5470464002046689 }, "geometry": { "type": "Point", "coordinates": [ -8572968.999999998137355, 4698657.0 ] } },
{ "type": "Feature", "properties": { "degree": 4, "GEOID": "11001007604", "population": 3457.0, "median_income": 1814.0, "demand_score": 1.5470406421136116 }, "geometry": { "type": "Point", "coordinates": [ -8567404.999999998137355, 4702162.999999999068677 ] } },
{ "type": "Feature", "properties": { "degree": 3, "GEOID": "11001000702", "population": 2921.0, "median_income": 2168.0, "demand_score": 1.5469954779690509 }, "geometry": { "type": "Point", "coordinates": [ -8580701.0, 4710740.000000000931323 ] } },
{ "type": "Feature", "properties": { "degree": 3, "GEOID": "11001007301", "population": 4482.0, "median_income": 1362.0, "demand_score": 1.5468831791872935 }, "geometry": { "type": "Point", "coordinates": [ -8572989.0, 4698591.0 ] } },
{ "type": "Feature", "properties": { "degree": 4, "GEOID": "11001007605", "population": 3779.0, "median_income": 1926.0, "demand_score": 1.5467490681783529 }, "geometry": { "type": "Point", "coordinates": [ -8569622.0, 4702677.999999999068677 ] } },
{ "type": "Feature", "properties": { "degree": 4, "GEOID": "11001001004", "population": 4015.0, "median_income": 1594.0, "demand_score": 1.5467403861837319 }, "geometry": { "type": "Point", "coordinates": [ -8581198.0, 4715366.000000000931323 ] } },
{ "type": "Feature", "properties": { "degree": 4, "GEOID": "11001003100", "population": 3451.0, "median_income": 1807.0, "demand_score": 1.5467000242802924 }, "geometry": { "type": "Point", "coordinates": [ -8574663.0, 4711465.000000000931323 ] } },
{ "type": "Feature", "properties": { "degree": 4, "GEOID": "11001001004", "population": 4015.0, "median_income": 1594.0, "demand_score": 1.5466636292267073 }, "geometry": { "type": "Point", "coordinates": [ -8580871.0, 4715364.999999999068677 ] } },
{ "type": "Feature", "properties": { "degree": 3, "GEOID": "11001001004", "population": 4015.0, "median_income": 1594.0, "demand_score": 1.5466630272114246 }, "geometry": { "type": "Point", "coordinates": [ -8581716.0, 4713301.000000000931323 ] } },
{ "type": "Feature", "properties": { "degree": 3, "GEOID": "11001007605", "population": 3779.0, "median_income": 1926.0, "demand_score": 1.5466065194049019 }, "geometry": { "type": "Point", "coordinates": [ -8569623.0, 4702532.0 ] } },
{ "type": "Feature", "properties": { "degree": 3, "GEOID": "11001003500", "population": 3955.0, "median_income": 1708.0, "demand_score": 1.5463399763540402 }, "geometry": { "type": "Point", "coordinates": [ -8574148.0, 4711169.999999999068677 ] } },
{ "type": "Feature", "properties": { "degree": 3, "GEOID": "11001003500", "population": 3955.0, "median_income": 1708.0, "demand_score": 1.5462851463978629 }, "geometry": { "type": "Point", "coordinates": [ -8574140.0, 4711099.0 ] } },
{ "type": "Feature", "properties": { "degree": 3, "GEOID": "11001003500", "population": 3955.0, "median_income": 1708.0, "demand_score": 1.5462507448528859 }, "geometry": { "type": "Point", "coordinates": [ -8574150.0, 4711187.0 ] } },
{ "type": "Feature", "properties": { "degree": 4, "GEOID": "11001002002", "population": 4392.0, "median_income": 1527.0, "demand_score": 1.5462185813744584 }, "geometry": { "type": "Point", "coordinates": [ -8574583.0, 4714110.999999999068677 ] } },
{ "type": "Feature", "properties": { "degree": 4, "GEOID": "11001008903", "population": 4006.0, "median_income": 1781.0, "demand_score": 1.5461743784206772 }, "geometry": { "type": "Point", "coordinates": [ -8569699.0, 4707475.999999999068677 ] } },
{ "type": "Feature", "properties": { "degree": 2, "GEOID": "11001007301", "population": 4482.0, "median_income": 1362.0, "demand_score": 1.5460768803917457 }, "geometry": { "type": "Point", "coordinates": [ -8573806.0, 4699770.999999999068677 ] } },
{ "type": "Feature", "properties": { "degree": 3, "GEOID": "11001004002", "population": 3146.0, "median_income": 2016.0, "demand_score": 1.5458597045863569 }, "geometry": { "type": "Point", "coordinates": [ -8576528.0, 4709906.999999999068677 ] } },
{ "type": "Feature", "properties": { "degree": 3, "GEOID": "11001003500", "population": 3955.0, "median_income": 1708.0, "demand_score": 1.545682260342351 }, "geometry": { "type": "Point", "coordinates": [ -8574480.0, 4711130.0 ] } },
{ "type": "Feature", "properties": { "degree": 3, "GEOID": "11001004901", "population": 3251.0, "median_income": 1877.0, "demand_score": 1.5454781609657871 }, "geometry": { "type": "Point", "coordinates": [ -8574494.0, 4709267.0 ] } },
{ "type": "Feature", "properties": { "degree": 4, "GEOID": "11001001004", "population": 4015.0, "median_income": 1594.0, "demand_score": 1.545447403362302 }, "geometry": { "type": "Point", "coordinates": [ -8580799.999999998137355, 4715185.999999999068677 ] } },
{ "type": "Feature", "properties": { "degree": 4, "GEOID": "11001001004", "population": 4015.0, "median_income": 1594.0, "demand_score": 1.5453206555366654 }, "geometry": { "type": "Point", "coordinates": [ -8581198.0, 4714097.0 ] } },
{ "type": "Feature", "properties": { "degree": 4, "GEOID": "11001007604", "population": 3457.0, "median_income": 1814.0, "demand_score": 1.5452814422098484 }, "geometry": { "type": "Point", "coordinates": [ -8567314.0, 4702051.0 ] } },
{ "type": "Feature", "properties": { "degree": 3, "GEOID": "11001001004", "population": 4015.0, "median_income": 1594.0, "demand_score": 1.5452504115615688 }, "geometry": { "type": "Point", "coordinates": [ -8581198.0, 4713649.000000000931323 ] } },
{ "type": "Feature", "properties": { "degree": 4, "GEOID": "11001001004", "population": 4015.0, "median_income": 1594.0, "demand_score": 1.5451550854502174 }, "geometry": { "type": "Point", "coordinates": [ -8581198.0, 4714212.999999999068677 ] } },
{ "type": "Feature", "properties": { "degree": 4, "GEOID": "11001007301", "population": 4482.0, "median_income": 1362.0, "demand_score": 1.5450087896183193 }, "geometry": { "type": "Point", "coordinates": [ -8573265.0, 4699618.999999999068677 ] } },
{ "type": "Feature", "properties": { "degree": 3, "GEOID": "11001003100", "population": 3451.0, "median_income": 1807.0, "demand_score": 1.5449849319235931 }, "geometry": { "type": "Point", "coordinates": [ -8574571.0, 4711903.0 ] } },
{ "type": "Feature", "properties": { "degree": 3, "GEOID": "11001009603", "population": 4025.0, "median_income": 1992.0, "demand_score": 1.5449193729777158 }, "geometry": { "type": "Point", "coordinates": [ -8565212.0, 4706199.0 ] } },
{ "type": "Feature", "properties": { "degree": 3, "GEOID": "11001007301", "population": 4482.0, "median_income": 1362.0, "demand_score": 1.5448450324953495 }, "geometry": { "type": "Point", "coordinates": [ -8573473.999999998137355, 4698218.0 ] } },
{ "type": "Feature", "properties": { "degree": 3, "GEOID": "11001008904", "population": 3973.0, "median_income": 1970.0, "demand_score": 1.5447002715997438 }, "geometry": { "type": "Point", "coordinates": [ -8568839.0, 4707699.0 ] } },
{ "type": "Feature", "properties": { "degree": 4, "GEOID": "11001009508", "population": 3908.0, "median_income": 1827.0, "demand_score": 1.5445547535582975 }, "geometry": { "type": "Point", "coordinates": [ -8570674.0, 4715297.0 ] } },
{ "type": "Feature", "properties": { "degree": 4, "GEOID": "11001003100", "population": 3451.0, "median_income": 1807.0, "demand_score": 1.5444133455655553 }, "geometry": { "type": "Point", "coordinates": [ -8574553.0, 4711763.000000000931323 ] } },
{ "type": "Feature", "properties": { "degree": 3, "GEOID": "11001003200", "population": 4136.0, "median_income": 1620.0, "demand_score": 1.5443482624739524 }, "geometry": { "type": "Point", "coordinates": [ -8573852.0, 4711907.999999999068677 ] } },
{ "type": "Feature", "properties": { "degree": 3, "GEOID": "11001001004", "population": 4015.0, "median_income": 1594.0, "demand_score": 1.5441982302648076 }, "geometry": { "type": "Point", "coordinates": [ -8581828.0, 4713407.0 ] } },
{ "type": "Feature", "properties": { "degree": 2, "GEOID": "11001003200", "population": 4136.0, "median_income": 1620.0, "demand_score": 1.5436827667173265 }, "geometry": { "type": "Point", "coordinates": [ -8573979.999999998137355, 4711765.999999999068677 ] } },
{ "type": "Feature", "properties": { "degree": 4, "GEOID": "11001004002", "population": 3146.0, "median_income": 2016.0, "demand_score": 1.5436002348390496 }, "geometry": { "type": "Point", "coordinates": [ -8576243.999999998137355, 4710171.0 ] } },
{ "type": "Feature", "properties": { "degree": 3, "GEOID": "11001009508", "population": 3908.0, "median_income": 1827.0, "demand_score": 1.5435785975863661 }, "geometry": { "type": "Point", "coordinates": [ -8570928.0, 4714849.0 ] } },
{ "type": "Feature", "properties": { "degree": 3, "GEOID": "11001007301", "population": 4482.0, "median_income": 1362.0, "demand_score": 1.543556064373196 }, "geometry": { "type": "Point", "coordinates": [ -8574098.999999998137355, 4698709.0 ] } },
{ "type": "Feature", "properties": { "degree": 3, "GEOID": "11001003100", "population": 3451.0, "median_income": 1807.0, "demand_score": 1.5434901968032273 }, "geometry": { "type": "Point", "coordinates": [ -8574580.0, 4711982.999999999068677 ] } },
{ "type": "Feature", "properties": { "degree": 4, "GEOID": "11001007604", "population": 3457.0, "median_income": 1814.0, "demand_score": 1.5434774157749296 }, "geometry": { "type": "Point", "coordinates": [ -8567497.0, 4702292.0 ] } },
{ "type": "Feature", "properties": { "degree": 3, "GEOID": "11001001600", "population": 4477.0, "median_income": 1645.0, "demand_score": 1.5431316116645968 }, "geometry": { "type": "Point", "coordinates": [ -8575646.000000001862645, 4719724.0 ] } },
{ "type": "Feature", "properties": { "degree": 3, "GEOID": "11001007301", "population": 4482.0, "median_income": 1362.0, "demand_score": 1.5429649073381373 }, "geometry": { "type": "Point", "coordinates": [ -8572313.0, 4702103.999999999068677 ] } },
{ "type": "Feature", "properties": { "degree": 3, "GEOID": "11001007605", "population": 3779.0, "median_income": 1926.0, "demand_score": 1.5425512661620229 }, "geometry": { "type": "Point", "coordinates": [ -8569588.0, 4702524.000000000931323 ] } },
{ "type": "Feature", "properties": { "degree": 4, "GEOID": "11001007301", "population": 4482.0, "median_income": 1362.0, "demand_score": 1.542434083998302 }, "geometry": { "type": "Point", "coordinates": [ -8572913.0, 4698850.999999999068677 ] } },
{ "type": "Feature", "properties": { "degree": 2, "GEOID": "11001008803", "population": 3784.0, "median_income": 1627.0, "demand_score": 1.5424134047198375 }, "geometry": { "type": "Point", "coordinates": [ -8570756.999999998137355, 4708971.999999999068677 ] } },
{ "type": "Feature", "properties": { "degree": 4, "GEOID": "11001004901", "population": 3251.0, "median_income": 1877.0, "demand_score": 1.5422043111059116 }, "geometry": { "type": "Point", "coordinates": [ -8574269.0, 4708950.0 ] } },
{ "type": "Feature", "properties": { "degree": 3, "GEOID": "11001007604", "population": 3457.0, "median_income": 1814.0, "demand_score": 1.542098287943805 }, "geometry": { "type": "Point", "coordinates": [ -8567991.0, 4702430.999999999068677 ] } },
{ "type": "Feature", "properties": { "degree": 3, "GEOID": "11001008803", "population": 3784.0, "median_income": 1627.0, "demand_score": 1.5420739244479433 }, "geometry": { "type": "Point", "coordinates": [ -8570760.0, 4708564.999999999068677 ] } },
{ "type": "Feature", "properties": { "degree": 3, "GEOID": "11001008803", "population": 3784.0, "median_income": 1627.0, "demand_score": 1.5419488613358014 }, "geometry": { "type": "Point", "coordinates": [ -8570742.999999998137355, 4708893.999999999068677 ] } },
{ "type": "Feature", "properties": { "degree": 4, "GEOID": "11001003200", "population": 4136.0, "median_income": 1620.0, "demand_score": 1.5418385125293252 }, "geometry": { "type": "Point", "coordinates": [ -8574156.999999998137355, 4711254.0 ] } },
{ "type": "Feature", "properties": { "degree": 4, "GEOID": "11001003200", "population": 4136.0, "median_income": 1620.0, "demand_score": 1.5418012623240873 }, "geometry": { "type": "Point", "coordinates": [ -8574235.000000001862645, 4711943.0 ] } },
{ "type": "Feature", "properties": { "degree": 3, "GEOID": "11001003200", "population": 4136.0, "median_income": 1620.0, "demand_score": 1.5416112744395307 }, "geometry": { "type": "Point", "coordinates": [ -8574218.999999998137355, 4711801.999999999068677 ] } },
{ "type": "Feature", "properties": { "degree": 4, "GEOID": "11001004901", "population": 3251.0, "median_income": 1877.0, "demand_score": 1.5415292067195685 }, "geometry": { "type": "Point", "coordinates": [ -8574269.0, 4708584.999999999068677 ] } },
{ "type": "Feature", "properties": { "degree": 3, "GEOID": "11001000703", "population": 2978.0, "median_income": 2028.0, "demand_score": 1.541526876126817 }, "geometry": { "type": "Point", "coordinates": [ -8580359.999999998137355, 4711562.999999999068677 ] } },
{ "type": "Feature", "properties": { "degree": 3, "GEOID": "11001003200", "population": 4136.0, "median_income": 1620.0, "demand_score": 1.5415101966414888 }, "geometry": { "type": "Point", "coordinates": [ -8573979.999999998137355, 4711799.0 ] } },
{ "type": "Feature", "properties": { "degree": 4, "GEOID": "11001001004", "population": 4015.0, "median_income": 1594.0, "demand_score": 1.541270470910113 }, "geometry": { "type": "Point", "coordinates": [ -8581197.000000001862645, 4714931.999999999068677 ] } },
{ "type": "Feature", "properties": { "degree": 3, "GEOID": "11001007301", "population": 4482.0, "median_income": 1362.0, "demand_score": 1.5411666252108227 }, "geometry": { "type": "Point", "coordinates": [ -8572518.999999998137355, 4701823.999999999068677 ] } },
{ "type": "Feature", "properties": { "degree": 4, "GEOID": "11001007605", "population": 3779.0, "median_income": 1926.0, "demand_score": 1.5408788509826163 }, "geometry": { "type": "Point", "coordinates": [ -8569461.0, 4702677.999999999068677 ] } },
{ "type": "Feature", "properties": { "degree": 3, "GEOID": "11001004901", "population": 3251.0, "median_income": 1877.0, "demand_score": 1.5405509447407746 }, "geometry": { "type": "Point", "coordinates": [ -8574494.0, 4709162.0 ] } },
{ "type": "Feature", "properties": { "degree": 4, "GEOID": "11001003100", "population": 3451.0, "median_income": 1807.0, "demand_score": 1.5405260731869159 }, "geometry": { "type": "Point", "coordinates": [ -8574537.999999998137355, 4711621.999999999068677 ] } },
{ "type": "Feature", "properties": { "degree": 3, "GEOID": "11001007301", "population": 4482.0, "median_income": 1362.0, "demand_score": 1.5402358434601484 }, "geometry": { "type": "Point", "coordinates": [ -8573782.999999998137355, 4698237.999999999068677 ] } },
{ "type": "Feature", "properties": { "degree": 3, "GEOID": "11001003200", "population": 4136.0, "median_income": 1620.0, "demand_score": 1.5402072930005573 }, "geometry": { "type": "Point", "coordinates": [ -8574247.0, 4712053.0 ] } },
{ "type": "Feature", "properties": { "degree": 3, "GEOID": "11001000202", "population": 3919.0, "median_income": 1802.0, "demand_score": 1.5401209819794004 }, "geometry": { "type": "Point", "coordinates": [ -8579857.0, 4708143.0 ] } },
{ "type": "Feature", "properties": { "degree": 4, "GEOID": "11001007301", "population": 4482.0, "median_income": 1362.0, "demand_score": 1.5400372889397695 }, "geometry": { "type": "Point", "coordinates": [ -8571823.999999998137355, 4702463.0 ] } },
{ "type": "Feature", "properties": { "degree": 3, "GEOID": "11001001004", "population": 4015.0, "median_income": 1594.0, "demand_score": 1.5400228010557795 }, "geometry": { "type": "Point", "coordinates": [ -8580926.999999998137355, 4715185.999999999068677 ] } },
{ "type": "Feature", "properties": { "degree": 3, "GEOID": "11001000702", "population": 2921.0, "median_income": 2168.0, "demand_score": 1.5400021105152004 }, "geometry": { "type": "Point", "coordinates": [ -8580729.999999998137355, 4710437.999999999068677 ] } },
{ "type": "Feature", "properties": { "degree": 3, "GEOID": "11001003200", "population": 4136.0, "median_income": 1620.0, "demand_score": 1.5399274567099939 }, "geometry": { "type": "Point", "coordinates": [ -8574167.999999998137355, 4711350.0 ] } },
{ "type": "Feature", "properties": { "degree": 4, "GEOID": "11001003301", "population": 3706.0, "median_income": 1815.0, "demand_score": 1.5394972380078613 }, "geometry": { "type": "Point", "coordinates": [ -8573108.0, 4709949.000000000931323 ] } },
{ "type": "Feature", "properties": { "degree": 3, "GEOID": "11001008803", "population": 3784.0, "median_income": 1627.0, "demand_score": 1.539479308432196 }, "geometry": { "type": "Point", "coordinates": [ -8570991.0, 4708107.999999999068677 ] } },
{ "type": "Feature", "properties": { "degree": 2, "GEOID": "11001009603", "population": 4025.0, "median_income": 1992.0, "demand_score": 1.5394162551641772 }, "geometry": { "type": "Point", "coordinates": [ -8565216.0, 4706057.999999999068677 ] } },
{ "type": "Feature", "properties": { "degree": 3, "GEOID": "11001003301", "population": 3706.0, "median_income": 1815.0, "demand_score": 1.5393980951864688 }, "geometry": { "type": "Point", "coordinates": [ -8573109.0, 4710252.999999999068677 ] } },
{ "type": "Feature", "properties": { "degree": 4, "GEOID": "11001004901", "population": 3251.0, "median_income": 1877.0, "demand_score": 1.5392320581791126 }, "geometry": { "type": "Point", "coordinates": [ -8574494.0, 4708584.999999999068677 ] } },
{ "type": "Feature", "properties": { "degree": 3, "GEOID": "11001007409", "population": 3718.0, "median_income": 1815.0, "demand_score": 1.5391334232825735 }, "geometry": { "type": "Point", "coordinates": [ -8568533.999999998137355, 4699312.0 ] } },
{ "type": "Feature", "properties": { "degree": 3, "GEOID": "11001007604", "population": 3457.0, "median_income": 1814.0, "demand_score": 1.5387522231204458 }, "geometry": { "type": "Point", "coordinates": [ -8567203.0, 4701896.999999999068677 ] } },
{ "type": "Feature", "properties": { "degree": 3, "GEOID": "11001007604", "population": 3457.0, "median_income": 1814.0, "demand_score": 1.5387509329202371 }, "geometry": { "type": "Point", "coordinates": [ -8567314.0, 4702162.999999999068677 ] } },
{ "type": "Feature", "properties": { "degree": 4, "GEOID": "11001008903", "population": 4006.0, "median_income": 1781.0, "demand_score": 1.5383746286024869 }, "geometry": { "type": "Point", "coordinates": [ -8569273.0, 4708323.0 ] } },
{ "type": "Feature", "properties": { "degree": 4, "GEOID": "11001008803", "population": 3784.0, "median_income": 1627.0, "demand_score": 1.5380999046788448 }, "geometry": { "type": "Point", "coordinates": [ -8571033.0, 4708039.0 ] } },
{ "type": "Feature", "properties": { "degree": 2, "GEOID": "11001007301", "population": 4482.0, "median_income": 1362.0, "demand_score": 1.5380575451990695 }, "geometry": { "type": "Point", "coordinates": [ -8571986.0, 4702724.000000000931323 ] } },
{ "type": "Feature", "properties": { "degree": 3, "GEOID": "11001007604", "population": 3457.0, "median_income": 1814.0, "demand_score": 1.5378536479114444 }, "geometry": { "type": "Point", "coordinates": [ -8568010.0, 4702467.0 ] } },
{ "type": "Feature", "properties": { "degree": 4, "GEOID": "11001004901", "population": 3251.0, "median_income": 1877.0, "demand_score": 1.5378357247872505 }, "geometry": { "type": "Point", "coordinates": [ -8574040.999999998137355, 4708737.999999999068677 ] } },
{ "type": "Feature", "properties": { "degree": 4, "GEOID": "11001001004", "population": 4015.0, "median_income": 1594.0, "demand_score": 1.5375753062795998 }, "geometry": { "type": "Point", "coordinates": [ -8581197.000000001862645, 4714988.0 ] } },
{ "type": "Feature", "properties": { "degree": 3, "GEOID": "11001008803", "population": 3784.0, "median_income": 1627.0, "demand_score": 1.537556367159673 }, "geometry": { "type": "Point", "coordinates": [ -8570196.0, 4709324.999999999068677 ] } },
{ "type": "Feature", "properties": { "degree": 4, "GEOID": "11001009508", "population": 3908.0, "median_income": 1827.0, "demand_score": 1.5375096050782306 }, "geometry": { "type": "Point", "coordinates": [ -8570661.0, 4715161.0 ] } },
{ "type": "Feature", "properties": { "degree": 2, "GEOID": "11001003200", "population": 4136.0, "median_income": 1620.0, "demand_score": 1.537227463852392 }, "geometry": { "type": "Point", "coordinates": [ -8573990.0, 4711848.0 ] } },
{ "type": "Feature", "properties": { "degree": 3, "GEOID": "11001007604", "population": 3457.0, "median_income": 1814.0, "demand_score": 1.5371389102350097 }, "geometry": { "type": "Point", "coordinates": [ -8567683.0, 4702444.0 ] } },
{ "type": "Feature", "properties": { "degree": 3, "GEOID": "11001001004", "population": 4015.0, "median_income": 1594.0, "demand_score": 1.5370684931682601 }, "geometry": { "type": "Point", "coordinates": [ -8581198.0, 4715278.999999999068677 ] } },
{ "type": "Feature", "properties": { "degree": 3, "GEOID": "11001009508", "population": 3908.0, "median_income": 1827.0, "demand_score": 1.5370424058735728 }, "geometry": { "type": "Point", "coordinates": [ -8570592.0, 4715339.999999999068677 ] } },
{ "type": "Feature", "properties": { "degree": 3, "GEOID": "11001008803", "population": 3784.0, "median_income": 1627.0, "demand_score": 1.5367943339264913 }, "geometry": { "type": "Point", "coordinates": [ -8570255.0, 4709458.0 ] } },
{ "type": "Feature", "properties": { "degree": 4, "GEOID": "11001007604", "population": 3457.0, "median_income": 1814.0, "demand_score": 1.5367403692461798 }, "geometry": { "type": "Point", "coordinates": [ -8567404.999999998137355, 4702293.0 ] } },
{ "type": "Feature", "properties": { "degree": 4, "GEOID": "11001007605", "population": 3779.0, "median_income": 1926.0, "demand_score": 1.5366660003161317 }, "geometry": { "type": "Point", "coordinates": [ -8569264.0, 4702677.000000000931323 ] } },
{ "type": "Feature", "properties": { "degree": 3, "GEOID": "11001004901", "population": 3251.0, "median_income": 1877.0, "demand_score": 1.5363852286135886 }, "geometry": { "type": "Point", "coordinates": [ -8574382.0, 4708584.999999999068677 ] } },
{ "type": "Feature", "properties": { "degree": 4, "GEOID": "11001008903", "population": 4006.0, "median_income": 1781.0, "demand_score": 1.5363467034540808 }, "geometry": { "type": "Point", "coordinates": [ -8569633.0, 4707606.999999999068677 ] } },
{ "type": "Feature", "properties": { "degree": 3, "GEOID": "11001003200", "population": 4136.0, "median_income": 1620.0, "demand_score": 1.5361742307028281 }, "geometry": { "type": "Point", "coordinates": [ -8574263.0, 4712193.999999999068677 ] } },
{ "type": "Feature", "properties": { "degree": 2, "GEOID": "11001007301", "population": 4482.0, "median_income": 1362.0, "demand_score": 1.5361604277004832 }, "geometry": { "type": "Point", "coordinates": [ -8574099.999999998137355, 4698502.0 ] } },
{ "type": "Feature", "properties": { "degree": 4, "GEOID": "11001003301", "population": 3706.0, "median_income": 1815.0, "demand_score": 1.5361415089294286 }, "geometry": { "type": "Point", "coordinates": [ -8572953.999999998137355, 4710252.999999999068677 ] } },
{ "type": "Feature", "properties": { "degree": 3, "GEOID": "11001007301", "population": 4482.0, "median_income": 1362.0, "demand_score": 1.5359215359010179 }, "geometry": { "type": "Point", "coordinates": [ -8573231.0, 4698202.0 ] } },
{ "type": "Feature", "properties": { "degree": 3, "GEOID": "11001010300", "population": 4196.0, "median_income": 1611.0, "demand_score": 1.5358886077745275 }, "geometry": { "type": "Point", "coordinates": [ -8575388.0, 4717909.0 ] } },
{ "type": "Feature", "properties": { "degree": 3, "GEOID": "11001008803", "population": 3784.0, "median_income": 1627.0, "demand_score": 1.5352505852325824 }, "geometry": { "type": "Point", "coordinates": [ -8570733.0, 4709101.000000000931323 ] } },
{ "type": "Feature", "properties": { "degree": 4, "GEOID": "11001008803", "population": 3784.0, "median_income": 1627.0, "demand_score": 1.5352090949133981 }, "geometry": { "type": "Point", "coordinates": [ -8570150.0, 4709222.0 ] } },
{ "type": "Feature", "properties": { "degree": 3, "GEOID": "11001007301", "population": 4482.0, "median_income": 1362.0, "demand_score": 1.5350387620155601 }, "geometry": { "type": "Point", "coordinates": [ -8573623.0, 4698140.000000000931323 ] } },
{ "type": "Feature", "properties": { "degree": 4, "GEOID": "11001003301", "population": 3706.0, "median_income": 1815.0, "demand_score": 1.5350199043960617 }, "geometry": { "type": "Point", "coordinates": [ -8572608.0, 4710407.0 ] } },
{ "type": "Feature", "properties": { "degree": 4, "GEOID": "11001009508", "population": 3908.0, "median_income": 1827.0, "demand_score": 1.5349224227407916 }, "geometry": { "type": "Point", "coordinates": [ -8570405.0, 4714858.0 ] } }
]
}
