{"type":"FeatureCollection","metadata":{"station_locator_url":"https://afdc.energy.gov/stations/","total_results":450,"station_counts":{"total":1435,"fuels":{"BD":{"total":0},"E85":{"total":0},"ELEC":{"total":1435,"stations":{"total":450}},"HY":{"total":0},"LNG":{"total":0},"CNG":{"total":0},"LPG":{"total":0},"RD":{"total":0}}}},"features":[{"type":"Feature","geometry":{"type":"Point","coordinates":[-77.027621,38.896703]},"properties":{"access_code":"public","access_days_time":"Restricted to garage hours; pay lot; leave key","access_detail_code":null,"cards_accepted":null,"date_last_confirmed":"2023-08-10","expected_date":null,"fuel_type_code":"ELEC","groups_with_access_code":"Public","id":43836,"maximum_vehicle_class":"LD","open_date":"2012-03-01","owner_type_code":"P","restricted_access":false,"status_code":"E","funding_sources":null,"facility_type":"PAY_GARAGE","station_name":"One Parking","station_phone":"202-393-0649","updated_at":"2024-01-31T22:07:01Z","geocode_status":"200-9","city":"Washington","country":"US","intersection_directions":"Level P3","plus4":null,"state":"DC","street_address":"555 12th St NW","zip":"20004","bd_blends":null,"cng_dispenser_num":null,"cng_fill_type_code":null,"cng_has_rng":null,"cng_psi":null,"cng_renewable_source":null,"cng_total_compression":null,"cng_total_storage":null,"cng_vehicle_class":null,"e85_blender_pump":null,"e85_other_ethanol_blends":null,"ev_connector_types":["J1772"],"ev_dc_fast_num":null,"ev_level1_evse_num":null,"ev_level2_evse_num":13,"ev_network":"Non-Networked","ev_network_web":null,"ev_other_evse":null,"ev_pricing":"Free","ev_renewable_source":null,"ev_workplace_charging":false,"hy_is_retail":null,"hy_pressures":null,"hy_standards":null,"hy_status_link":null,"lng_has_rng":null,"lng_renewable_source":null,"lng_vehicle_class":null,"lpg_nozzle_types":null,"lpg_primary":null,"ng_fill_type_code":null,"ng_psi":null,"ng_vehicle_class":null,"rd_blended_with_biodiesel":null,"rd_blends":null,"rd_blends_fr":null,"rd_max_biodiesel_level":null,"nps_unit_name":null,"access_days_time_fr":null,"intersection_directions_fr":null,"bd_blends_fr":null,"groups_with_access_code_fr":"Public","ev_pricing_fr":null}},{"type":"Feature","geometry":{"type":"Point","coordinates":[-77.023723,38.894354]},"properties":{"access_code":"private","access_days_time":null,"access_detail_code":null,"cards_accepted":null,"date_last_confirmed":"2024-01-09","expected_date":null,"fuel_type_code":"ELEC","groups_with_access_code":"Private","id":48074,"maximum_vehicle_class":null,"open_date":"2012-01-01","owner_type_code":"T","restricted_access":null,"status_code":"E","funding_sources":null,"facility_type":"UTILITY","station_name":"Florida Power & Light - Washington DC Office","station_phone":null,"updated_at":"2024-01-31T22:07:01Z","geocode_status":"200-9","city":"Washington","country":"US","intersection_directions":"Suite 220","plus4":null,"state":"DC","street_address":"801 Pennsylvania Ave NW","zip":"20004","bd_blends":null,"cng_dispenser_num":null,"cng_fill_type_code":null,"cng_has_rng":null,"cng_psi":null,"cng_renewable_source":null,"cng_total_compression":null,"cng_total_storage":null,"cng_vehicle_class":null,"e85_blender_pump":null,"e85_other_ethanol_blends":null,"ev_connector_types":["J1772"],"ev_dc_fast_num":null,"ev_level1_evse_num":null,"ev_level2_evse_num":1,"ev_network":"Non-Networked","ev_network_web":null,"ev_other_evse":null,"ev_pricing":null,"ev_renewable_source":null,"ev_workplace_charging":false,"hy_is_retail":null,"hy_pressures":null,"hy_standards":null,"hy_status_link":null,"lng_has_rng":null,"lng_renewable_source":null,"lng_vehicle_class":null,"lpg_nozzle_types":null,"lpg_primary":null,"ng_fill_type_code":null,"ng_psi":null,"ng_vehicle_class":null,"rd_blended_with_biodiesel":null,"rd_blends":null,"rd_blends_fr":null,"rd_max_biodiesel_level":null,"nps_unit_name":null,"access_days_time_fr":null,"intersection_directions_fr":null,"bd_blends_fr":null,"groups_with_access_code_fr":"Privé","ev_pricing_fr":null}},{"type":"Feature","geometry":{"type":"Point","coordinates":[-76.989468,38.87593]},"properties":{"access_code":"private","access_days_time":"Tenant and guest use only","access_detail_code":null,"cards_accepted":null,"date_last_confirmed":"2023-08-10","expected_date":null,"fuel_type_code":"ELEC","groups_with_access_code":"Private","id":51735,"maximum_vehicle_class":"LD","open_date":"2012-12-01","owner_type_code":"P","restricted_access":null,"status_code":"E","funding_sources":null,"facility_type":"OFFICE_BLDG","station_name":"Maritime Plaza","station_phone":null,"updated_at":"2024-01-31T22:07:01Z","geocode_status":"200-9","city":"Washington","country":"US","intersection_directions":null,"plus4":null,"state":"DC","street_address":"1201 M St SE","zip":"20003","bd_blends":null,"cng_dispenser_num":null,"cng_fill_type_code":null,"cng_has_rng":null,"cng_psi":null,"cng_renewable_source":null,"cng_total_compression":null,"cng_total_storage":null,"cng_vehicle_class":null,"e85_blender_pump":null,"e85_other_ethanol_blends":null,"ev_connector_types":["J1772"],"ev_dc_fast_num":null,"ev_level1_evse_num":null,"ev_level2_evse_num":2,"ev_network":"Non-Networked","ev_network_web":null,"ev_other_evse":null,"ev_pricing":"$0.20 per kWh","ev_renewable_source":null,"ev_workplace_charging":false,"hy_is_retail":null,"hy_pressures":null,"hy_standards":null,"hy_status_link":null,"lng_has_rng":null,"lng_renewable_source":null,"lng_vehicle_class":null,"lpg_nozzle_types":null,"lpg_primary":null,"ng_fill_type_code":null,"ng_psi":null,"ng_vehicle_class":null,"rd_blended_with_biodiesel":null,"rd_blends":null,"rd_blends_fr":null,"rd_max_biodiesel_level":null,"nps_unit_name":null,"access_days_time_fr":null,"intersection_directions_fr":null,"bd_blends_fr":null,"groups_with_access_code_fr":"Privé","ev_pricing_fr":null}},{"type":"Feature","geometry":{"type":"Point","coordinates":[-77.059732,38.90178]},"properties":{"access_code":"public","access_days_time":"24 hours daily","access_detail_code":null,"cards_accepted":null,"date_last_confirmed":"2025-04-23","expected_date":null,"fuel_type_code":"ELEC","groups_with_access_code":"Public","id":57221,"maximum_vehicle_class":null,"open_date":"2011-12-15","owner_type_code":null,"restricted_access":null,"status_code":"E","funding_sources":null,"facility_type":null,"station_name":"WASH HARBOUR STATION 1","station_phone":"888-758-4389","updated_at":"2025-04-23T01:04:06Z","geocode_status":"GPS","city":"Washington","country":"US","intersection_directions":"Bottom of ramp","plus4":null,"state":"DC","street_address":"3000 K St NW","zip":"20007","bd_blends":null,"cng_dispenser_num":null,"cng_fill_type_code":null,"cng_has_rng":null,"cng_psi":null,"cng_renewable_source":null,"cng_total_compression":null,"cng_total_storage":null,"cng_vehicle_class":null,"e85_blender_pump":null,"e85_other_ethanol_blends":null,"ev_connector_types":["J1772"],"ev_dc_fast_num":null,"ev_level1_evse_num":null,"ev_level2_evse_num":2,"ev_network":"ChargePoint Network","ev_network_web":"https://www.chargepoint.com","ev_other_evse":null,"ev_pricing":null,"ev_renewable_source":null,"ev_workplace_charging":false,"hy_is_retail":null,"hy_pressures":null,"hy_standards":null,"hy_status_link":null,"lng_has_rng":null,"lng_renewable_source":null,"lng_vehicle_class":null,"lpg_nozzle_types":null,"lpg_primary":null,"ng_fill_type_code":null,"ng_psi":null,"ng_vehicle_class":null,"rd_blended_with_biodiesel":null,"rd_blends":null,"rd_blends_fr":null,"rd_max_biodiesel_level":null,"nps_unit_name":"National Capital Parks","access_days_time_fr":null,"intersection_directions_fr":null,"bd_blends_fr":null,"groups_with_access_code_fr":"Public","ev_pricing_fr":null,"ev_network_ids":{"station":["USCPIL716391"],"posts":["952111","952121"]}}},{"type":"Feature","geometry":{"type":"Point","coordinates":[-77.042898,38.903466]},"properties":{"access_code":"public","access_days_time":"24 hours daily","access_detail_code":null,"cards_accepted":null,"date_last_confirmed":"2025-04-23","expected_date":null,"fuel_type_code":"ELEC","groups_with_access_code":"Public","id":64548,"maximum_vehicle_class":null,"open_date":"2014-12-09","owner_type_code":null,"restricted_access":null,"status_code":"E","funding_sources":null,"facility_type":null,"station_name":"TOWER COMPANIES 1828 L ST NW #1","station_phone":"888-758-4389","updated_at":"2025-04-23T01:04:52Z","geocode_status":"GPS","city":"Washington","country":"US","intersection_directions":"Closed on the weekend","plus4":null,"state":"DC","street_address":"1828 L St NW","zip":"20036","bd_blends":null,"cng_dispenser_num":null,"cng_fill_type_code":null,"cng_has_rng":null,"cng_psi":null,"cng_renewable_source":null,"cng_total_compression":null,"cng_total_storage":null,"cng_vehicle_class":null,"e85_blender_pump":null,"e85_other_ethanol_blends":null,"ev_connector_types":["J1772"],"ev_dc_fast_num":null,"ev_level1_evse_num":null,"ev_level2_evse_num":2,"ev_network":"ChargePoint Network","ev_network_web":"https://www.chargepoint.com","ev_other_evse":null,"ev_pricing":null,"ev_renewable_source":null,"ev_workplace_charging":false,"hy_is_retail":null,"hy_pressures":null,"hy_standards":null,"hy_status_link":null,"lng_has_rng":null,"lng_renewable_source":null,"lng_vehicle_class":null,"lpg_nozzle_types":null,"lpg_primary":null,"ng_fill_type_code":null,"ng_psi":null,"ng_vehicle_class":null,"rd_blended_with_biodiesel":null,"rd_blends":null,"rd_blends_fr":null,"rd_max_biodiesel_level":null,"nps_unit_name":null,"access_days_time_fr":null,"intersection_directions_fr":null,"bd_blends_fr":null,"groups_with_access_code_fr":"Public","ev_pricing_fr":null,"ev_network_ids":{"station":["USCPIL748021"],"posts":["994271","994281"]}}},{"type":"Feature","geometry":{"type":"Point","coordinates":[-77.039104,38.903979]},"properties":{"access_code":"public","access_days_time":"24 hours daily","access_detail_code":null,"cards_accepted":null,"date_last_confirmed":"2025-04-23","expected_date":null,"fuel_type_code":"ELEC","groups_with_access_code":"Public","id":64549,"maximum_vehicle_class":null,"open_date":"2014-12-09","owner_type_code":null,"restricted_access":null,"status_code":"E","funding_sources":null,"facility_type":null,"station_name":"TOWER COMPANIES 1707 L STREET 1","station_phone":"888-758-4389","updated_at":"2025-04-23T00:59:02Z","geocode_status":"GPS","city":"Washington","country":"US","intersection_directions":"Paid parking garage","plus4":null,"state":"DC","street_address":"1707 L St NW","zip":"20036","bd_blends":null,"cng_dispenser_num":null,"cng_fill_type_code":null,"cng_has_rng":null,"cng_psi":null,"cng_renewable_source":null,"cng_total_compression":null,"cng_total_storage":null,"cng_vehicle_class":null,"e85_blender_pump":null,"e85_other_ethanol_blends":null,"ev_connector_types":["J1772"],"ev_dc_fast_num":null,"ev_level1_evse_num":null,"ev_level2_evse_num":2,"ev_network":"ChargePoint Network","ev_network_web":"https://www.chargepoint.com","ev_other_evse":null,"ev_pricing":null,"ev_renewable_source":null,"ev_workplace_charging":false,"hy_is_retail":null,"hy_pressures":null,"hy_standards":null,"hy_status_link":null,"lng_has_rng":null,"lng_renewable_source":null,"lng_vehicle_class":null,"lpg_nozzle_types":null,"lpg_primary":null,"ng_fill_type_code":null,"ng_psi":null,"ng_vehicle_class":null,"rd_blended_with_biodiesel":null,"rd_blends":null,"rd_blends_fr":null,"rd_max_biodiesel_level":null,"nps_unit_name":null,"access_days_time_fr":null,"intersection_directions_fr":null,"bd_blends_fr":null,"groups_with_access_code_fr":"Public","ev_pricing_fr":null,"ev_network_ids":{"station":["USCPIL333101"],"posts":["17197341","17197351"]}}},{"type":"Feature","geometry":{"type":"Point","coordinates":[-77.084739,38.960472]},"properties":{"access_code":"public","access_days_time":"Restricted to garage hours; pay lot","access_detail_code":null,"cards_accepted":null,"date_last_confirmed":"2023-08-10","expected_date":null,"fuel_type_code":"ELEC","groups_with_access_code":"Public","id":65672,"maximum_vehicle_class":"LD","open_date":"2013-04-30","owner_type_code":"P","restricted_access":false,"status_code":"E","funding_sources":null,"facility_type":"PAY_GARAGE","station_name":"Chevy Chase Pavilion","station_phone":"202-686-5335","updated_at":"2024-01-31T22:07:01Z","geocode_status":"GPS","city":"Washington","country":"US","intersection_directions":"Entrance on Wisconsin Circle","plus4":null,"state":"DC","street_address":"5355 Wisconsin Ave NW","zip":"20015","bd_blends":null,"cng_dispenser_num":null,"cng_fill_type_code":null,"cng_has_rng":null,"cng_psi":null,"cng_renewable_source":null,"cng_total_compression":null,"cng_total_storage":null,"cng_vehicle_class":null,"e85_blender_pump":null,"e85_other_ethanol_blends":null,"ev_connector_types":["J1772"],"ev_dc_fast_num":null,"ev_level1_evse_num":null,"ev_level2_evse_num":2,"ev_network":"Non-Networked","ev_network_web":null,"ev_other_evse":null,"ev_pricing":"Free","ev_renewable_source":null,"ev_workplace_charging":false,"hy_is_retail":null,"hy_pressures":null,"hy_standards":null,"hy_status_link":null,"lng_has_rng":null,"lng_renewable_source":null,"lng_vehicle_class":null,"lpg_nozzle_types":null,"lpg_primary":null,"ng_fill_type_code":null,"ng_psi":null,"ng_vehicle_class":null,"rd_blended_with_biodiesel":null,"rd_blends":null,"rd_blends_fr":null,"rd_max_biodiesel_level":null,"nps_unit_name":null,"access_days_time_fr":null,"intersection_directions_fr":null,"bd_blends_fr":null,"groups_with_access_code_fr":"Public","ev_pricing_fr":null}},{"type":"Feature","geometry":{"type":"Point","coordinates":[-77.028757,38.900028]},"properties":{"access_code":"public","access_days_time":"24 hours daily","access_detail_code":null,"cards_accepted":null,"date_last_confirmed":"2025-04-23","expected_date":null,"fuel_type_code":"ELEC","groups_with_access_code":"Public","id":68205,"maximum_vehicle_class":null,"open_date":"2015-07-10","owner_type_code":null,"restricted_access":null,"status_code":"E","funding_sources":null,"facility_type":null,"station_name":"1212 NEW YORK STATION 1","station_phone":"888-758-4389","updated_at":"2025-04-23T00:46:35Z","geocode_status":"GPS","city":"Washington","country":"US","intersection_directions":"The station is located on the 1st level of a parking garage. It is on the right side as you enter the garage.","plus4":null,"state":"DC","street_address":"1212 New York Ave NW","zip":"20005","bd_blends":null,"cng_dispenser_num":null,"cng_fill_type_code":null,"cng_has_rng":null,"cng_psi":null,"cng_renewable_source":null,"cng_total_compression":null,"cng_total_storage":null,"cng_vehicle_class":null,"e85_blender_pump":null,"e85_other_ethanol_blends":null,"ev_connector_types":["J1772"],"ev_dc_fast_num":null,"ev_level1_evse_num":null,"ev_level2_evse_num":2,"ev_network":"ChargePoint Network","ev_network_web":"https://www.chargepoint.com","ev_other_evse":null,"ev_pricing":null,"ev_renewable_source":null,"ev_workplace_charging":false,"hy_is_retail":null,"hy_pressures":null,"hy_standards":null,"hy_status_link":null,"lng_has_rng":null,"lng_renewable_source":null,"lng_vehicle_class":null,"lpg_nozzle_types":null,"lpg_primary":null,"ng_fill_type_code":null,"ng_psi":null,"ng_vehicle_class":null,"rd_blended_with_biodiesel":null,"rd_blends":null,"rd_blends_fr":null,"rd_max_biodiesel_level":null,"nps_unit_name":null,"access_days_time_fr":null,"intersection_directions_fr":null,"bd_blends_fr":null,"groups_with_access_code_fr":"Public","ev_pricing_fr":null,"ev_network_ids":{"station":["USCPIL120745"],"posts":["25316181","25316191"]}}},{"type":"Feature","geometry":{"type":"Point","coordinates":[-77.019678,38.885599]},"properties":{"access_code":"public","access_days_time":"24 hours daily","access_detail_code":null,"cards_accepted":null,"date_last_confirmed":"2025-04-23","expected_date":null,"fuel_type_code":"ELEC","groups_with_access_code":"Public","id":70598,"maximum_vehicle_class":null,"open_date":"2015-10-21","owner_type_code":null,"restricted_access":null,"status_code":"E","funding_sources":null,"facility_type":null,"station_name":"CHECK RATES 550 C STREET,SW","station_phone":"888-758-4389","updated_at":"2025-04-23T00:47:30Z","geocode_status":"GPS","city":"Washington","country":"US","intersection_directions":"Garage entrance to the right of Holiday Inn Capitol off of 6th Street","plus4":null,"state":"DC","street_address":"550 C St SW","zip":"20024","bd_blends":null,"cng_dispenser_num":null,"cng_fill_type_code":null,"cng_has_rng":null,"cng_psi":null,"cng_renewable_source":null,"cng_total_compression":null,"cng_total_storage":null,"cng_vehicle_class":null,"e85_blender_pump":null,"e85_other_ethanol_blends":null,"ev_connector_types":["J1772"],"ev_dc_fast_num":null,"ev_level1_evse_num":null,"ev_level2_evse_num":2,"ev_network":"ChargePoint Network","ev_network_web":"https://www.chargepoint.com","ev_other_evse":null,"ev_pricing":null,"ev_renewable_source":null,"ev_workplace_charging":false,"hy_is_retail":null,"hy_pressures":null,"hy_standards":null,"hy_status_link":null,"lng_has_rng":null,"lng_renewable_source":null,"lng_vehicle_class":null,"lpg_nozzle_types":null,"lpg_primary":null,"ng_fill_type_code":null,"ng_psi":null,"ng_vehicle_class":null,"rd_blended_with_biodiesel":null,"rd_blends":null,"rd_blends_fr":null,"rd_max_biodiesel_level":null,"nps_unit_name":null,"access_days_time_fr":null,"intersection_directions_fr":null,"bd_blends_fr":null,"groups_with_access_code_fr":"Public","ev_pricing_fr":null,"ev_network_ids":{"station":["USCPIL124139"],"posts":["8930401","8930411"]}}},{"type":"Feature","geometry":{"type":"Point","coordinates":[-77.040063,38.902774]},"properties":{"access_code":"public","access_days_time":"24 hours daily","access_detail_code":null,"cards_accepted":null,"date_last_confirmed":"2025-04-23","expected_date":null,"fuel_type_code":"ELEC","groups_with_access_code":"Public","id":76344,"maximum_vehicle_class":null,"open_date":"2016-06-17","owner_type_code":null,"restricted_access":null,"status_code":"E","funding_sources":null,"facility_type":null,"station_name":"JBG SMITH 1717K","station_phone":"888-758-4389","updated_at":"2025-04-23T00:46:31Z","geocode_status":"GPS","city":"Washington","country":"US","intersection_directions":"B1 Level Parking Garage","plus4":null,"state":"DC","street_address":"1717 K St NW","zip":"20006","bd_blends":null,"cng_dispenser_num":null,"cng_fill_type_code":null,"cng_has_rng":null,"cng_psi":null,"cng_renewable_source":null,"cng_total_compression":null,"cng_total_storage":null,"cng_vehicle_class":null,"e85_blender_pump":null,"e85_other_ethanol_blends":null,"ev_connector_types":["J1772"],"ev_dc_fast_num":null,"ev_level1_evse_num":null,"ev_level2_evse_num":2,"ev_network":"ChargePoint Network","ev_network_web":"https://www.chargepoint.com","ev_other_evse":null,"ev_pricing":null,"ev_renewable_source":null,"ev_workplace_charging":false,"hy_is_retail":null,"hy_pressures":null,"hy_standards":null,"hy_status_link":null,"lng_has_rng":null,"lng_renewable_source":null,"lng_vehicle_class":null,"lpg_nozzle_types":null,"lpg_primary":null,"ng_fill_type_code":null,"ng_psi":null,"ng_vehicle_class":null,"rd_blended_with_biodiesel":null,"rd_blends":null,"rd_blends_fr":null,"rd_max_biodiesel_level":null,"nps_unit_name":null,"access_days_time_fr":null,"intersection_directions_fr":null,"bd_blends_fr":null,"groups_with_access_code_fr":"Public","ev_pricing_fr":null,"ev_network_ids":{"station":["USCPIL120533"],"posts":["154405","154407"]}}},{"type":"Feature","geometry":{"type":"Point","coordinates":[-77.038098,38.902162]},"properties":{"access_code":"public","access_days_time":"24 hours daily","access_detail_code":null,"cards_accepted":null,"date_last_confirmed":"2025-04-23","expected_date":"2024-10-09","fuel_type_code":"ELEC","groups_with_access_code":"TEMPORARILY UNAVAILABLE (Public)","id":76345,"maximum_vehicle_class":null,"open_date":"2016-06-17","owner_type_code":null,"restricted_access":null,"status_code":"T","funding_sources":null,"facility_type":null,"station_name":"JBG SMITH 1666K","station_phone":"888-758-4389","updated_at":"2025-04-23T00:46:29Z","geocode_status":"GPS","city":"Washington","country":"US","intersection_directions":"B1 level of garage. Garage entrance is located on Connecticut Ave, between Subway and Army&Navy; club.","plus4":null,"state":"DC","street_address":"1666 K St NW","zip":"20006","bd_blends":null,"cng_dispenser_num":null,"cng_fill_type_code":null,"cng_has_rng":null,"cng_psi":null,"cng_renewable_source":null,"cng_total_compression":null,"cng_total_storage":null,"cng_vehicle_class":null,"e85_blender_pump":null,"e85_other_ethanol_blends":null,"ev_connector_types":["J1772"],"ev_dc_fast_num":null,"ev_level1_evse_num":null,"ev_level2_evse_num":2,"ev_network":"ChargePoint Network","ev_network_web":"https://www.chargepoint.com","ev_other_evse":null,"ev_pricing":null,"ev_renewable_source":null,"ev_workplace_charging":false,"hy_is_retail":null,"hy_pressures":null,"hy_standards":null,"hy_status_link":null,"lng_has_rng":null,"lng_renewable_source":null,"lng_vehicle_class":null,"lpg_nozzle_types":null,"lpg_primary":null,"ng_fill_type_code":null,"ng_psi":null,"ng_vehicle_class":null,"rd_blended_with_biodiesel":null,"rd_blends":null,"rd_blends_fr":null,"rd_max_biodiesel_level":null,"nps_unit_name":null,"access_days_time_fr":null,"intersection_directions_fr":null,"bd_blends_fr":null,"groups_with_access_code_fr":"TEMPORAIREMENT SUSPENDU (Public)","ev_pricing_fr":null,"ev_network_ids":{"station":["USCPIL120445"],"posts":["154227","154229"]}}},{"type":"Feature","geometry":{"type":"Point","coordinates":[-77.039946,38.902275]},"properties":{"access_code":"public","access_days_time":"24 hours daily","access_detail_code":null,"cards_accepted":null,"date_last_confirmed":"2025-04-23","expected_date":"2024-07-12","fuel_type_code":"ELEC","groups_with_access_code":"TEMPORARILY UNAVAILABLE (Public)","id":76346,"maximum_vehicle_class":null,"open_date":"2016-06-17","owner_type_code":null,"restricted_access":null,"status_code":"T","funding_sources":null,"facility_type":null,"station_name":"JBG SMITH 1700K","station_phone":"888-758-4389","updated_at":"2025-04-23T00:46:27Z","geocode_status":"GPS","city":"Washington","country":"US","intersection_directions":"B2 level of garage. Garage entrance is located on K Street","plus4":null,"state":"DC","street_address":"1700 K St NW","zip":"20006","bd_blends":null,"cng_dispenser_num":null,"cng_fill_type_code":null,"cng_has_rng":null,"cng_psi":null,"cng_renewable_source":null,"cng_total_compression":null,"cng_total_storage":null,"cng_vehicle_class":null,"e85_blender_pump":null,"e85_other_ethanol_blends":null,"ev_connector_types":["J1772"],"ev_dc_fast_num":null,"ev_level1_evse_num":null,"ev_level2_evse_num":2,"ev_network":"ChargePoint Network","ev_network_web":"https://www.chargepoint.com","ev_other_evse":null,"ev_pricing":null,"ev_renewable_source":null,"ev_workplace_charging":false,"hy_is_retail":null,"hy_pressures":null,"hy_standards":null,"hy_status_link":null,"lng_has_rng":null,"lng_renewable_source":null,"lng_vehicle_class":null,"lpg_nozzle_types":null,"lpg_primary":null,"ng_fill_type_code":null,"ng_psi":null,"ng_vehicle_class":null,"rd_blended_with_biodiesel":null,"rd_blends":null,"rd_blends_fr":null,"rd_max_biodiesel_level":null,"nps_unit_name":null,"access_days_time_fr":null,"intersection_directions_fr":null,"bd_blends_fr":null,"groups_with_access_code_fr":"TEMPORAIREMENT SUSPENDU (Public)","ev_pricing_fr":null,"ev_network_ids":{"station":["USCPIL120393"],"posts":["154123","154125"]}}},{"type":"Feature","geometry":{"type":"Point","coordinates":[-77.006982,38.871164]},"properties":{"access_code":"public","access_days_time":"24 hours daily","access_detail_code":null,"cards_accepted":null,"date_last_confirmed":"2025-04-23","expected_date":null,"fuel_type_code":"ELEC","groups_with_access_code":"Public","id":80503,"maximum_vehicle_class":null,"open_date":"2017-01-05","owner_type_code":null,"restricted_access":null,"status_code":"E","funding_sources":null,"facility_type":null,"station_name":"RIVERFRONT DOCK 79 G2 01","station_phone":"888-758-4389","updated_at":"2025-04-23T00:50:24Z","geocode_status":"GPS","city":"Washington","country":"US","intersection_directions":"Resident Parking Area, Level G2","plus4":null,"state":"DC","street_address":"79 Potomac Ave SE","zip":"20003","bd_blends":null,"cng_dispenser_num":null,"cng_fill_type_code":null,"cng_has_rng":null,"cng_psi":null,"cng_renewable_source":null,"cng_total_compression":null,"cng_total_storage":null,"cng_vehicle_class":null,"e85_blender_pump":null,"e85_other_ethanol_blends":null,"ev_connector_types":["J1772"],"ev_dc_fast_num":null,"ev_level1_evse_num":null,"ev_level2_evse_num":2,"ev_network":"ChargePoint Network","ev_network_web":"https://www.chargepoint.com","ev_other_evse":null,"ev_pricing":null,"ev_renewable_source":null,"ev_workplace_charging":false,"hy_is_retail":null,"hy_pressures":null,"hy_standards":null,"hy_status_link":null,"lng_has_rng":null,"lng_renewable_source":null,"lng_vehicle_class":null,"lpg_nozzle_types":null,"lpg_primary":null,"ng_fill_type_code":null,"ng_psi":null,"ng_vehicle_class":null,"rd_blended_with_biodiesel":null,"rd_blends":null,"rd_blends_fr":null,"rd_max_biodiesel_level":null,"nps_unit_name":null,"access_days_time_fr":null,"intersection_directions_fr":null,"bd_blends_fr":null,"groups_with_access_code_fr":"Public","ev_pricing_fr":null,"ev_network_ids":{"station":["USCPIL151477"],"posts":["9023101","9023111"]}}},{"type":"Feature","geometry":{"type":"Point","coordinates":[-77.048363,38.906672]},"properties":{"access_code":"public","access_days_time":"24 hours daily","access_detail_code":null,"cards_accepted":null,"date_last_confirmed":"2025-04-23","expected_date":null,"fuel_type_code":"ELEC","groups_with_access_code":"Public","id":94632,"maximum_vehicle_class":null,"open_date":"2018-04-06","owner_type_code":null,"restricted_access":null,"status_code":"E","funding_sources":null,"facility_type":null,"station_name":"1255 22ND ST STATION 2","station_phone":"888-758-4389","updated_at":"2025-04-23T00:59:13Z","geocode_status":"GPS","city":"Washington","country":"US","intersection_directions":null,"plus4":null,"state":"DC","street_address":"1255 22nd St NW","zip":"20037","bd_blends":null,"cng_dispenser_num":null,"cng_fill_type_code":null,"cng_has_rng":null,"cng_psi":null,"cng_renewable_source":null,"cng_total_compression":null,"cng_total_storage":null,"cng_vehicle_class":null,"e85_blender_pump":null,"e85_other_ethanol_blends":null,"ev_connector_types":["J1772"],"ev_dc_fast_num":null,"ev_level1_evse_num":null,"ev_level2_evse_num":1,"ev_network":"ChargePoint Network","ev_network_web":"https://www.chargepoint.com","ev_other_evse":null,"ev_pricing":null,"ev_renewable_source":null,"ev_workplace_charging":false,"hy_is_retail":null,"hy_pressures":null,"hy_standards":null,"hy_status_link":null,"lng_has_rng":null,"lng_renewable_source":null,"lng_vehicle_class":null,"lpg_nozzle_types":null,"lpg_primary":null,"ng_fill_type_code":null,"ng_psi":null,"ng_vehicle_class":null,"rd_blended_with_biodiesel":null,"rd_blends":null,"rd_blends_fr":null,"rd_max_biodiesel_level":null,"nps_unit_name":null,"access_days_time_fr":null,"intersection_directions_fr":null,"bd_blends_fr":null,"groups_with_access_code_fr":"Public","ev_pricing_fr":null,"ev_network_ids":{"station":["USCPIL353241"],"posts":["23078941"]}}},{"type":"Feature","geometry":{"type":"Point","coordinates":[-77.04111,38.907016]},"properties":{"access_code":"private","access_days_time":"Employee use only","access_detail_code":null,"cards_accepted":null,"date_last_confirmed":"2020-04-08","expected_date":null,"fuel_type_code":"ELEC","groups_with_access_code":"Private","id":94808,"maximum_vehicle_class":null,"open_date":"2015-09-09","owner_type_code":"P","restricted_access":null,"status_code":"E","funding_sources":null,"facility_type":"OFFICE_BLDG","station_name":"World Bank","station_phone":null,"updated_at":"2021-03-11T23:22:17Z","geocode_status":"200-9","city":"Washington","country":"US","intersection_directions":null,"plus4":null,"state":"DC","street_address":"1225 Connecticut Ave NW","zip":"20036","bd_blends":null,"cng_dispenser_num":null,"cng_fill_type_code":null,"cng_has_rng":null,"cng_psi":null,"cng_renewable_source":null,"cng_total_compression":null,"cng_total_storage":null,"cng_vehicle_class":null,"e85_blender_pump":null,"e85_other_ethanol_blends":null,"ev_connector_types":["J1772"],"ev_dc_fast_num":null,"ev_level1_evse_num":null,"ev_level2_evse_num":2,"ev_network":"EV Connect","ev_network_web":"https://www.evconnect.com","ev_other_evse":null,"ev_pricing":null,"ev_renewable_source":null,"ev_workplace_charging":true,"hy_is_retail":null,"hy_pressures":null,"hy_standards":null,"hy_status_link":null,"lng_has_rng":null,"lng_renewable_source":null,"lng_vehicle_class":null,"lpg_nozzle_types":null,"lpg_primary":null,"ng_fill_type_code":null,"ng_psi":null,"ng_vehicle_class":null,"rd_blended_with_biodiesel":null,"rd_blends":null,"rd_blends_fr":null,"rd_max_biodiesel_level":null,"nps_unit_name":null,"access_days_time_fr":null,"intersection_directions_fr":null,"bd_blends_fr":null,"groups_with_access_code_fr":"Privé","ev_pricing_fr":null}},{"type":"Feature","geometry":{"type":"Point","coordinates":[-77.042721,38.898455]},"properties":{"access_code":"private","access_days_time":"Employee use only","access_detail_code":null,"cards_accepted":null,"date_last_confirmed":"2020-04-08","expected_date":null,"fuel_type_code":"ELEC","groups_with_access_code":"Private","id":94809,"maximum_vehicle_class":null,"open_date":"2015-09-11","owner_type_code":"P","restricted_access":null,"status_code":"E","funding_sources":null,"facility_type":"OFFICE_BLDG","station_name":"World Bank","station_phone":null,"updated_at":"2021-03-11T23:22:17Z","geocode_status":"200-9","city":"Washington","country":"US","intersection_directions":null,"plus4":null,"state":"DC","street_address":"1818 H S NW","zip":"20433","bd_blends":null,"cng_dispenser_num":null,"cng_fill_type_code":null,"cng_has_rng":null,"cng_psi":null,"cng_renewable_source":null,"cng_total_compression":null,"cng_total_storage":null,"cng_vehicle_class":null,"e85_blender_pump":null,"e85_other_ethanol_blends":null,"ev_connector_types":["J1772"],"ev_dc_fast_num":null,"ev_level1_evse_num":null,"ev_level2_evse_num":4,"ev_network":"EV Connect","ev_network_web":"https://www.evconnect.com","ev_other_evse":null,"ev_pricing":null,"ev_renewable_source":null,"ev_workplace_charging":true,"hy_is_retail":null,"hy_pressures":null,"hy_standards":null,"hy_status_link":null,"lng_has_rng":null,"lng_renewable_source":null,"lng_vehicle_class":null,"lpg_nozzle_types":null,"lpg_primary":null,"ng_fill_type_code":null,"ng_psi":null,"ng_vehicle_class":null,"rd_blended_with_biodiesel":null,"rd_blends":null,"rd_blends_fr":null,"rd_max_biodiesel_level":null,"nps_unit_name":null,"access_days_time_fr":null,"intersection_directions_fr":null,"bd_blends_fr":null,"groups_with_access_code_fr":"Privé","ev_pricing_fr":null}},{"type":"Feature","geometry":{"type":"Point","coordinates":[-77.047703,38.901985]},"properties":{"access_code":"private","access_days_time":"Employee use only","access_detail_code":null,"cards_accepted":null,"date_last_confirmed":"2020-04-08","expected_date":null,"fuel_type_code":"ELEC","groups_with_access_code":"Private","id":94811,"maximum_vehicle_class":null,"open_date":"2015-07-16","owner_type_code":"P","restricted_access":null,"status_code":"E","funding_sources":null,"facility_type":"OFFICE_BLDG","station_name":"World Bank","station_phone":null,"updated_at":"2021-03-11T23:22:17Z","geocode_status":"200-9","city":"Washington","country":"US","intersection_directions":null,"plus4":null,"state":"DC","street_address":"2121 Pennsylvania Ave NW","zip":"20433","bd_blends":null,"cng_dispenser_num":null,"cng_fill_type_code":null,"cng_has_rng":null,"cng_psi":null,"cng_renewable_source":null,"cng_total_compression":null,"cng_total_storage":null,"cng_vehicle_class":null,"e85_blender_pump":null,"e85_other_ethanol_blends":null,"ev_connector_types":["J1772"],"ev_dc_fast_num":null,"ev_level1_evse_num":null,"ev_level2_evse_num":4,"ev_network":"EV Connect","ev_network_web":"https://www.evconnect.com","ev_other_evse":null,"ev_pricing":null,"ev_renewable_source":null,"ev_workplace_charging":true,"hy_is_retail":null,"hy_pressures":null,"hy_standards":null,"hy_status_link":null,"lng_has_rng":null,"lng_renewable_source":null,"lng_vehicle_class":null,"lpg_nozzle_types":null,"lpg_primary":null,"ng_fill_type_code":null,"ng_psi":null,"ng_vehicle_class":null,"rd_blended_with_biodiesel":null,"rd_blends":null,"rd_blends_fr":null,"rd_max_biodiesel_level":null,"nps_unit_name":null,"access_days_time_fr":null,"intersection_directions_fr":null,"bd_blends_fr":null,"groups_with_access_code_fr":"Privé","ev_pricing_fr":null}},{"type":"Feature","geometry":{"type":"Point","coordinates":[-77.002273,38.958255]},"properties":{"access_code":"public","access_days_time":"24 hours daily","access_detail_code":null,"cards_accepted":null,"date_last_confirmed":"2025-04-23","expected_date":null,"fuel_type_code":"ELEC","groups_with_access_code":"Public","id":96075,"maximum_vehicle_class":null,"open_date":"2016-01-16","owner_type_code":null,"restricted_access":null,"status_code":"E","funding_sources":null,"facility_type":null,"station_name":"JBG - Fort Totten Square","station_phone":"888-998-2546","updated_at":"2025-04-23T00:12:25Z","geocode_status":"GPS","city":"Washington","country":"US","intersection_directions":null,"plus4":null,"state":"DC","street_address":"300 Riggs Rd NE","zip":"20011","bd_blends":null,"cng_dispenser_num":null,"cng_fill_type_code":null,"cng_has_rng":null,"cng_psi":null,"cng_renewable_source":null,"cng_total_compression":null,"cng_total_storage":null,"cng_vehicle_class":null,"e85_blender_pump":null,"e85_other_ethanol_blends":null,"ev_connector_types":["J1772"],"ev_dc_fast_num":null,"ev_level1_evse_num":null,"ev_level2_evse_num":2,"ev_network":"Blink Network","ev_network_web":"https://blinkcharging.com","ev_other_evse":null,"ev_pricing":"Free","ev_renewable_source":null,"ev_workplace_charging":false,"hy_is_retail":null,"hy_pressures":null,"hy_standards":null,"hy_status_link":null,"lng_has_rng":null,"lng_renewable_source":null,"lng_vehicle_class":null,"lpg_nozzle_types":null,"lpg_primary":null,"ng_fill_type_code":null,"ng_psi":null,"ng_vehicle_class":null,"rd_blended_with_biodiesel":null,"rd_blends":null,"rd_blends_fr":null,"rd_max_biodiesel_level":null,"nps_unit_name":null,"access_days_time_fr":null,"intersection_directions_fr":null,"bd_blends_fr":null,"groups_with_access_code_fr":"Public","ev_pricing_fr":null,"ev_network_ids":{"station":["465ba1dd-d734-8158-93cc-330000223970"],"posts":["03a760bf-5ef2-4b8b-8743-57a9211612ae","1b94c97d-6c46-6274-5d60-8ad464eed2a9"]}}},{"type":"Feature","geometry":{"type":"Point","coordinates":[-77.044604,38.895351]},"properties":{"access_code":"private","access_days_time":"Fleet use only","access_detail_code":null,"cards_accepted":null,"date_last_confirmed":"2025-01-13","expected_date":null,"fuel_type_code":"ELEC","groups_with_access_code":"Private","id":98677,"maximum_vehicle_class":null,"open_date":"2018-04-01","owner_type_code":"FG","restricted_access":null,"status_code":"E","funding_sources":null,"facility_type":"FED_GOV","station_name":"Office of Personnel Management","station_phone":null,"updated_at":"2025-02-12T00:16:32Z","geocode_status":"GPS","city":"Washington","country":"US","intersection_directions":null,"plus4":null,"state":"DC","street_address":"1900 E St NW","zip":"20415","bd_blends":null,"cng_dispenser_num":null,"cng_fill_type_code":null,"cng_has_rng":null,"cng_psi":null,"cng_renewable_source":null,"cng_total_compression":null,"cng_total_storage":null,"cng_vehicle_class":null,"e85_blender_pump":null,"e85_other_ethanol_blends":null,"ev_connector_types":["J1772"],"ev_dc_fast_num":null,"ev_level1_evse_num":null,"ev_level2_evse_num":1,"ev_network":"Non-Networked","ev_network_web":null,"ev_other_evse":null,"ev_pricing":null,"ev_renewable_source":null,"ev_workplace_charging":false,"hy_is_retail":null,"hy_pressures":null,"hy_standards":null,"hy_status_link":null,"lng_has_rng":null,"lng_renewable_source":null,"lng_vehicle_class":null,"lpg_nozzle_types":null,"lpg_primary":null,"ng_fill_type_code":null,"ng_psi":null,"ng_vehicle_class":null,"rd_blended_with_biodiesel":null,"rd_blends":null,"rd_blends_fr":null,"rd_max_biodiesel_level":null,"nps_unit_name":null,"access_days_time_fr":null,"intersection_directions_fr":null,"bd_blends_fr":null,"groups_with_access_code_fr":"Privé","ev_pricing_fr":null,"federal_agency":{"id":21,"code":"GSA","name":"General Services Administration"}}},{"type":"Feature","geometry":{"type":"Point","coordinates":[-77.0329,38.8937]},"properties":{"access_code":"private","access_days_time":"Fleet use only","access_detail_code":null,"cards_accepted":null,"date_last_confirmed":"2025-01-13","expected_date":null,"fuel_type_code":"ELEC","groups_with_access_code":"Private","id":98694,"maximum_vehicle_class":null,"open_date":"2018-04-01","owner_type_code":"FG","restricted_access":null,"status_code":"E","funding_sources":null,"facility_type":"FED_GOV","station_name":"U.S. Department of Commerce","station_phone":null,"updated_at":"2025-02-12T00:16:32Z","geocode_status":"GPS","city":"Washington","country":"US","intersection_directions":null,"plus4":null,"state":"DC","street_address":"1401 Constitution Ave NW","zip":"20230","bd_blends":null,"cng_dispenser_num":null,"cng_fill_type_code":null,"cng_has_rng":null,"cng_psi":null,"cng_renewable_source":null,"cng_total_compression":null,"cng_total_storage":null,"cng_vehicle_class":null,"e85_blender_pump":null,"e85_other_ethanol_blends":null,"ev_connector_types":["J1772"],"ev_dc_fast_num":null,"ev_level1_evse_num":null,"ev_level2_evse_num":1,"ev_network":"Non-Networked","ev_network_web":null,"ev_other_evse":null,"ev_pricing":null,"ev_renewable_source":null,"ev_workplace_charging":false,"hy_is_retail":null,"hy_pressures":null,"hy_standards":null,"hy_status_link":null,"lng_has_rng":null,"lng_renewable_source":null,"lng_vehicle_class":null,"lpg_nozzle_types":null,"lpg_primary":null,"ng_fill_type_code":null,"ng_psi":null,"ng_vehicle_class":null,"rd_blended_with_biodiesel":null,"rd_blends":null,"rd_blends_fr":null,"rd_max_biodiesel_level":null,"nps_unit_name":null,"access_days_time_fr":null,"intersection_directions_fr":null,"bd_blends_fr":null,"groups_with_access_code_fr":"Privé","ev_pricing_fr":null,"federal_agency":{"id":7,"code":"DOC","name":"Department of Commerce"}}},{"type":"Feature","geometry":{"type":"Point","coordinates":[-77.025459,38.887247]},"properties":{"access_code":"private","access_days_time":"Fleet and employee use only","access_detail_code":null,"cards_accepted":null,"date_last_confirmed":"2025-01-13","expected_date":null,"fuel_type_code":"ELEC","groups_with_access_code":"Private","id":98695,"maximum_vehicle_class":null,"open_date":"2018-04-01","owner_type_code":"FG","restricted_access":null,"status_code":"E","funding_sources":null,"facility_type":"FED_GOV","station_name":"U.S. Department of Energy","station_phone":null,"updated_at":"2025-02-12T00:16:32Z","geocode_status":"GPS","city":"Washington","country":"US","intersection_directions":null,"plus4":null,"state":"DC","street_address":"1000 Independence Ave SW","zip":"20585","bd_blends":null,"cng_dispenser_num":null,"cng_fill_type_code":null,"cng_has_rng":null,"cng_psi":null,"cng_renewable_source":null,"cng_total_compression":null,"cng_total_storage":null,"cng_vehicle_class":null,"e85_blender_pump":null,"e85_other_ethanol_blends":null,"ev_connector_types":["J1772"],"ev_dc_fast_num":null,"ev_level1_evse_num":null,"ev_level2_evse_num":2,"ev_network":"Non-Networked","ev_network_web":null,"ev_other_evse":null,"ev_pricing":null,"ev_renewable_source":null,"ev_workplace_charging":true,"hy_is_retail":null,"hy_pressures":null,"hy_standards":null,"hy_status_link":null,"lng_has_rng":null,"lng_renewable_source":null,"lng_vehicle_class":null,"lpg_nozzle_types":null,"lpg_primary":null,"ng_fill_type_code":null,"ng_psi":null,"ng_vehicle_class":null,"rd_blended_with_biodiesel":null,"rd_blends":null,"rd_blends_fr":null,"rd_max_biodiesel_level":null,"nps_unit_name":null,"access_days_time_fr":null,"intersection_directions_fr":null,"bd_blends_fr":null,"groups_with_access_code_fr":"Privé","ev_pricing_fr":null,"federal_agency":{"id":8,"code":"DOE","name":"U.S. Department of Energy"}}},{"type":"Feature","geometry":{"type":"Point","coordinates":[-77.014461,38.886836]},"properties":{"access_code":"private","access_days_time":"Fleet use only; Drivers must bring their own J1772 cordset for Level 1 charging","access_detail_code":null,"cards_accepted":null,"date_last_confirmed":"2025-01-13","expected_date":null,"fuel_type_code":"ELEC","groups_with_access_code":"Private","id":98696,"maximum_vehicle_class":null,"open_date":"2018-04-01","owner_type_code":"FG","restricted_access":null,"status_code":"E","funding_sources":null,"facility_type":"FED_GOV","station_name":"U.S. Department of Health & Human Services","station_phone":null,"updated_at":"2025-02-12T00:16:32Z","geocode_status":"GPS","city":"Washington","country":"US","intersection_directions":null,"plus4":null,"state":"DC","street_address":"330 C St SW","zip":"20416","bd_blends":null,"cng_dispenser_num":null,"cng_fill_type_code":null,"cng_has_rng":null,"cng_psi":null,"cng_renewable_source":null,"cng_total_compression":null,"cng_total_storage":null,"cng_vehicle_class":null,"e85_blender_pump":null,"e85_other_ethanol_blends":null,"ev_connector_types":["NEMA520"],"ev_dc_fast_num":null,"ev_level1_evse_num":1,"ev_level2_evse_num":null,"ev_network":"Non-Networked","ev_network_web":null,"ev_other_evse":null,"ev_pricing":null,"ev_renewable_source":null,"ev_workplace_charging":false,"hy_is_retail":null,"hy_pressures":null,"hy_standards":null,"hy_status_link":null,"lng_has_rng":null,"lng_renewable_source":null,"lng_vehicle_class":null,"lpg_nozzle_types":null,"lpg_primary":null,"ng_fill_type_code":null,"ng_psi":null,"ng_vehicle_class":null,"rd_blended_with_biodiesel":null,"rd_blends":null,"rd_blends_fr":null,"rd_max_biodiesel_level":null,"nps_unit_name":null,"access_days_time_fr":null,"intersection_directions_fr":null,"bd_blends_fr":null,"groups_with_access_code_fr":"Privé","ev_pricing_fr":null,"federal_agency":{"id":9,"code":"HHS","name":"Department of Health and Human Services"}}},{"type":"Feature","geometry":{"type":"Point","coordinates":[-77.014852,38.905437]},"properties":{"access_code":"private","access_days_time":"Drivers must bring their own J1772 cordset for Level 1 charging","access_detail_code":"GOVERNMENT","cards_accepted":null,"date_last_confirmed":"2025-01-13","expected_date":null,"fuel_type_code":"ELEC","groups_with_access_code":"Private - Government only","id":98697,"maximum_vehicle_class":null,"open_date":"2018-04-01","owner_type_code":"FG","restricted_access":null,"status_code":"E","funding_sources":null,"facility_type":"FED_GOV","station_name":"U.S. Department of Transportation","station_phone":null,"updated_at":"2025-02-12T00:16:32Z","geocode_status":"GPS","city":"Washington","country":"US","intersection_directions":null,"plus4":null,"state":"DC","street_address":"1200 New Jersey Ave.","zip":"20590","bd_blends":null,"cng_dispenser_num":null,"cng_fill_type_code":null,"cng_has_rng":null,"cng_psi":null,"cng_renewable_source":null,"cng_total_compression":null,"cng_total_storage":null,"cng_vehicle_class":null,"e85_blender_pump":null,"e85_other_ethanol_blends":null,"ev_connector_types":["J1772","NEMA515"],"ev_dc_fast_num":null,"ev_level1_evse_num":10,"ev_level2_evse_num":6,"ev_network":"Non-Networked","ev_network_web":null,"ev_other_evse":null,"ev_pricing":null,"ev_renewable_source":null,"ev_workplace_charging":false,"hy_is_retail":null,"hy_pressures":null,"hy_standards":null,"hy_status_link":null,"lng_has_rng":null,"lng_renewable_source":null,"lng_vehicle_class":null,"lpg_nozzle_types":null,"lpg_primary":null,"ng_fill_type_code":null,"ng_psi":null,"ng_vehicle_class":null,"rd_blended_with_biodiesel":null,"rd_blends":null,"rd_blends_fr":null,"rd_max_biodiesel_level":null,"nps_unit_name":null,"access_days_time_fr":null,"intersection_directions_fr":null,"bd_blends_fr":null,"groups_with_access_code_fr":"Privé - Réservé au gouvernement","ev_pricing_fr":null,"federal_agency":{"id":17,"code":"DOT","name":"Department of Transportation"}}},{"type":"Feature","geometry":{"type":"Point","coordinates":[-77.042789,38.901029]},"properties":{"access_code":"private","access_days_time":"Employee use only","access_detail_code":null,"cards_accepted":null,"date_last_confirmed":"2020-04-08","expected_date":null,"fuel_type_code":"ELEC","groups_with_access_code":"Private","id":99693,"maximum_vehicle_class":null,"open_date":"2015-06-12","owner_type_code":"P","restricted_access":null,"status_code":"E","funding_sources":null,"facility_type":"OFFICE_BLDG","station_name":"World Bank","station_phone":null,"updated_at":"2021-03-11T23:22:17Z","geocode_status":"200-9","city":"Washington","country":"US","intersection_directions":null,"plus4":null,"state":"DC","street_address":"1850 I St NW","zip":"20006","bd_blends":null,"cng_dispenser_num":null,"cng_fill_type_code":null,"cng_has_rng":null,"cng_psi":null,"cng_renewable_source":null,"cng_total_compression":null,"cng_total_storage":null,"cng_vehicle_class":null,"e85_blender_pump":null,"e85_other_ethanol_blends":null,"ev_connector_types":["J1772"],"ev_dc_fast_num":null,"ev_level1_evse_num":null,"ev_level2_evse_num":2,"ev_network":"EV Connect","ev_network_web":"https://www.evconnect.com","ev_other_evse":null,"ev_pricing":null,"ev_renewable_source":null,"ev_workplace_charging":true,"hy_is_retail":null,"hy_pressures":null,"hy_standards":null,"hy_status_link":null,"lng_has_rng":null,"lng_renewable_source":null,"lng_vehicle_class":null,"lpg_nozzle_types":null,"lpg_primary":null,"ng_fill_type_code":null,"ng_psi":null,"ng_vehicle_class":null,"rd_blended_with_biodiesel":null,"rd_blends":null,"rd_blends_fr":null,"rd_max_biodiesel_level":null,"nps_unit_name":null,"access_days_time_fr":null,"intersection_directions_fr":null,"bd_blends_fr":null,"groups_with_access_code_fr":"Privé","ev_pricing_fr":null}},{"type":"Feature","geometry":{"type":"Point","coordinates":[-77.044211,38.903043]},"properties":{"access_code":"public","access_days_time":"24 hours daily","access_detail_code":null,"cards_accepted":null,"date_last_confirmed":"2025-04-23","expected_date":null,"fuel_type_code":"ELEC","groups_with_access_code":"Public","id":102534,"maximum_vehicle_class":null,"open_date":"2018-08-31","owner_type_code":null,"restricted_access":null,"status_code":"E","funding_sources":null,"facility_type":null,"station_name":"TOWER COMPANIES 1909K STATION 2","station_phone":"888-758-4389","updated_at":"2025-04-23T01:02:38Z","geocode_status":"GPS","city":"Washington","country":"US","intersection_directions":"P1 GarageP1 Level Parking Garage - PLEASE NOTE ADDITIONAL PARKING FEES APPLY","plus4":null,"state":"DC","street_address":"1909 K St NWUS-29","zip":"20006","bd_blends":null,"cng_dispenser_num":null,"cng_fill_type_code":null,"cng_has_rng":null,"cng_psi":null,"cng_renewable_source":null,"cng_total_compression":null,"cng_total_storage":null,"cng_vehicle_class":null,"e85_blender_pump":null,"e85_other_ethanol_blends":null,"ev_connector_types":["J1772"],"ev_dc_fast_num":null,"ev_level1_evse_num":null,"ev_level2_evse_num":2,"ev_network":"ChargePoint Network","ev_network_web":"https://www.chargepoint.com","ev_other_evse":null,"ev_pricing":null,"ev_renewable_source":null,"ev_workplace_charging":false,"hy_is_retail":null,"hy_pressures":null,"hy_standards":null,"hy_status_link":null,"lng_has_rng":null,"lng_renewable_source":null,"lng_vehicle_class":null,"lpg_nozzle_types":null,"lpg_primary":null,"ng_fill_type_code":null,"ng_psi":null,"ng_vehicle_class":null,"rd_blended_with_biodiesel":null,"rd_blends":null,"rd_blends_fr":null,"rd_max_biodiesel_level":null,"nps_unit_name":null,"access_days_time_fr":null,"intersection_directions_fr":null,"bd_blends_fr":null,"groups_with_access_code_fr":"Public","ev_pricing_fr":null,"ev_network_ids":{"station":["USCPIL620481"],"posts":["837781","837791"]}}},{"type":"Feature","geometry":{"type":"Point","coordinates":[-77.034961,38.903985]},"properties":{"access_code":"public","access_days_time":"24 hours daily","access_detail_code":null,"cards_accepted":null,"date_last_confirmed":"2025-04-23","expected_date":null,"fuel_type_code":"ELEC","groups_with_access_code":"Public","id":104284,"maximum_vehicle_class":null,"open_date":"2018-10-20","owner_type_code":null,"restricted_access":null,"status_code":"E","funding_sources":null,"facility_type":null,"station_name":"CARR PROPERTIES P2 6540","station_phone":"888-758-4389","updated_at":"2025-04-23T00:54:32Z","geocode_status":"GPS","city":"Washington","country":"US","intersection_directions":null,"plus4":null,"state":"DC","street_address":"1100 15th St NW","zip":"20005","bd_blends":null,"cng_dispenser_num":null,"cng_fill_type_code":null,"cng_has_rng":null,"cng_psi":null,"cng_renewable_source":null,"cng_total_compression":null,"cng_total_storage":null,"cng_vehicle_class":null,"e85_blender_pump":null,"e85_other_ethanol_blends":null,"ev_connector_types":["J1772"],"ev_dc_fast_num":null,"ev_level1_evse_num":null,"ev_level2_evse_num":2,"ev_network":"ChargePoint Network","ev_network_web":"https://www.chargepoint.com","ev_other_evse":null,"ev_pricing":null,"ev_renewable_source":null,"ev_workplace_charging":false,"hy_is_retail":null,"hy_pressures":null,"hy_standards":null,"hy_status_link":null,"lng_has_rng":null,"lng_renewable_source":null,"lng_vehicle_class":null,"lpg_nozzle_types":null,"lpg_primary":null,"ng_fill_type_code":null,"ng_psi":null,"ng_vehicle_class":null,"rd_blended_with_biodiesel":null,"rd_blends":null,"rd_blends_fr":null,"rd_max_biodiesel_level":null,"nps_unit_name":null,"access_days_time_fr":null,"intersection_directions_fr":null,"bd_blends_fr":null,"groups_with_access_code_fr":"Public","ev_pricing_fr":null,"ev_network_ids":{"station":["USCPIL183941"],"posts":["248217","248219"]}}},{"type":"Feature","geometry":{"type":"Point","coordinates":[-77.080461,38.945542]},"properties":{"access_code":"public","access_days_time":"24 hours daily","access_detail_code":null,"cards_accepted":null,"date_last_confirmed":"2025-04-23","expected_date":null,"fuel_type_code":"ELEC","groups_with_access_code":"Public","id":105133,"maximum_vehicle_class":null,"open_date":"2018-12-07","owner_type_code":null,"restricted_access":null,"status_code":"E","funding_sources":null,"facility_type":null,"station_name":"AMERICAN UNIV WCL STATION 2","station_phone":"888-758-4389","updated_at":"2025-04-23T01:02:03Z","geocode_status":"GPS","city":"Washington","country":"US","intersection_directions":null,"plus4":null,"state":"DC","street_address":"4300 Nebraska Ave NW","zip":"20016","bd_blends":null,"cng_dispenser_num":null,"cng_fill_type_code":null,"cng_has_rng":null,"cng_psi":null,"cng_renewable_source":null,"cng_total_compression":null,"cng_total_storage":null,"cng_vehicle_class":null,"e85_blender_pump":null,"e85_other_ethanol_blends":null,"ev_connector_types":["J1772"],"ev_dc_fast_num":null,"ev_level1_evse_num":null,"ev_level2_evse_num":2,"ev_network":"ChargePoint Network","ev_network_web":"https://www.chargepoint.com","ev_other_evse":null,"ev_pricing":null,"ev_renewable_source":null,"ev_workplace_charging":false,"hy_is_retail":null,"hy_pressures":null,"hy_standards":null,"hy_status_link":null,"lng_has_rng":null,"lng_renewable_source":null,"lng_vehicle_class":null,"lpg_nozzle_types":null,"lpg_primary":null,"ng_fill_type_code":null,"ng_psi":null,"ng_vehicle_class":null,"rd_blended_with_biodiesel":null,"rd_blends":null,"rd_blends_fr":null,"rd_max_biodiesel_level":null,"nps_unit_name":null,"access_days_time_fr":null,"intersection_directions_fr":null,"bd_blends_fr":null,"groups_with_access_code_fr":"Public","ev_pricing_fr":null,"ev_network_ids":{"station":["USCPIL567141"],"posts":["773131","773141"]}}},{"type":"Feature","geometry":{"type":"Point","coordinates":[-77.031163,38.906456]},"properties":{"access_code":"public","access_days_time":null,"access_detail_code":null,"cards_accepted":null,"date_last_confirmed":"2024-07-01","expected_date":null,"fuel_type_code":"ELEC","groups_with_access_code":"Public","id":113646,"maximum_vehicle_class":null,"open_date":"2017-12-07","owner_type_code":"P","restricted_access":null,"status_code":"E","funding_sources":null,"facility_type":"HOTEL","station_name":"Washington Plaza Hotel - Tesla Destination","station_phone":"877-798-3752","updated_at":"2025-02-12T00:16:32Z","geocode_status":"200-9","city":"Washington","country":"US","intersection_directions":null,"plus4":null,"state":"DC","street_address":"10 Thomas Cir NW","zip":"20005","bd_blends":null,"cng_dispenser_num":null,"cng_fill_type_code":null,"cng_has_rng":null,"cng_psi":null,"cng_renewable_source":null,"cng_total_compression":null,"cng_total_storage":null,"cng_vehicle_class":null,"e85_blender_pump":null,"e85_other_ethanol_blends":null,"ev_connector_types":["J1772","TESLA"],"ev_dc_fast_num":null,"ev_level1_evse_num":null,"ev_level2_evse_num":18,"ev_network":"Tesla Destination","ev_network_web":"https://www.tesla.com/destination-charging","ev_other_evse":null,"ev_pricing":"Free","ev_renewable_source":null,"ev_workplace_charging":false,"hy_is_retail":null,"hy_pressures":null,"hy_standards":null,"hy_status_link":null,"lng_has_rng":null,"lng_renewable_source":null,"lng_vehicle_class":null,"lpg_nozzle_types":null,"lpg_primary":null,"ng_fill_type_code":null,"ng_psi":null,"ng_vehicle_class":null,"rd_blended_with_biodiesel":null,"rd_blends":null,"rd_blends_fr":null,"rd_max_biodiesel_level":null,"nps_unit_name":null,"access_days_time_fr":null,"intersection_directions_fr":null,"bd_blends_fr":null,"groups_with_access_code_fr":"Public","ev_pricing_fr":null}},{"type":"Feature","geometry":{"type":"Point","coordinates":[-77.026727,38.904368]},"properties":{"access_code":"public","access_days_time":null,"access_detail_code":null,"cards_accepted":null,"date_last_confirmed":"2024-07-01","expected_date":null,"fuel_type_code":"ELEC","groups_with_access_code":"Public","id":113647,"maximum_vehicle_class":null,"open_date":"2018-08-31","owner_type_code":"P","restricted_access":null,"status_code":"E","funding_sources":null,"facility_type":"INN","station_name":"Morrison-Clark Historic Inn & Restaurant - Tesla Destination","station_phone":"877-798-3752","updated_at":"2025-02-12T00:16:32Z","geocode_status":"200-9","city":"Washington","country":"US","intersection_directions":null,"plus4":null,"state":"DC","street_address":"1011 L St NW","zip":"20001","bd_blends":null,"cng_dispenser_num":null,"cng_fill_type_code":null,"cng_has_rng":null,"cng_psi":null,"cng_renewable_source":null,"cng_total_compression":null,"cng_total_storage":null,"cng_vehicle_class":null,"e85_blender_pump":null,"e85_other_ethanol_blends":null,"ev_connector_types":["J1772","TESLA"],"ev_dc_fast_num":null,"ev_level1_evse_num":null,"ev_level2_evse_num":4,"ev_network":"Tesla Destination","ev_network_web":"https://www.tesla.com/destination-charging","ev_other_evse":null,"ev_pricing":"Free","ev_renewable_source":null,"ev_workplace_charging":false,"hy_is_retail":null,"hy_pressures":null,"hy_standards":null,"hy_status_link":null,"lng_has_rng":null,"lng_renewable_source":null,"lng_vehicle_class":null,"lpg_nozzle_types":null,"lpg_primary":null,"ng_fill_type_code":null,"ng_psi":null,"ng_vehicle_class":null,"rd_blended_with_biodiesel":null,"rd_blends":null,"rd_blends_fr":null,"rd_max_biodiesel_level":null,"nps_unit_name":null,"access_days_time_fr":null,"intersection_directions_fr":null,"bd_blends_fr":null,"groups_with_access_code_fr":"Public","ev_pricing_fr":null}},{"type":"Feature","geometry":{"type":"Point","coordinates":[-77.031772,38.904958]},"properties":{"access_code":"public","access_days_time":null,"access_detail_code":null,"cards_accepted":null,"date_last_confirmed":"2024-07-01","expected_date":null,"fuel_type_code":"ELEC","groups_with_access_code":"Public","id":113650,"maximum_vehicle_class":null,"open_date":"2015-11-19","owner_type_code":"P","restricted_access":null,"status_code":"E","funding_sources":null,"facility_type":"HOTEL","station_name":"The Donovan, a Kimpton Hotel - Tesla Destination","station_phone":"877-798-3752","updated_at":"2025-02-12T00:16:32Z","geocode_status":"200-9","city":"Washington","country":"US","intersection_directions":null,"plus4":null,"state":"DC","street_address":"1155 14th St NW","zip":"20005","bd_blends":null,"cng_dispenser_num":null,"cng_fill_type_code":null,"cng_has_rng":null,"cng_psi":null,"cng_renewable_source":null,"cng_total_compression":null,"cng_total_storage":null,"cng_vehicle_class":null,"e85_blender_pump":null,"e85_other_ethanol_blends":null,"ev_connector_types":["J1772","TESLA"],"ev_dc_fast_num":null,"ev_level1_evse_num":null,"ev_level2_evse_num":3,"ev_network":"Tesla Destination","ev_network_web":"https://www.tesla.com/destination-charging","ev_other_evse":null,"ev_pricing":"Free","ev_renewable_source":null,"ev_workplace_charging":false,"hy_is_retail":null,"hy_pressures":null,"hy_standards":null,"hy_status_link":null,"lng_has_rng":null,"lng_renewable_source":null,"lng_vehicle_class":null,"lpg_nozzle_types":null,"lpg_primary":null,"ng_fill_type_code":null,"ng_psi":null,"ng_vehicle_class":null,"rd_blended_with_biodiesel":null,"rd_blends":null,"rd_blends_fr":null,"rd_max_biodiesel_level":null,"nps_unit_name":null,"access_days_time_fr":null,"intersection_directions_fr":null,"bd_blends_fr":null,"groups_with_access_code_fr":"Public","ev_pricing_fr":null}},{"type":"Feature","geometry":{"type":"Point","coordinates":[-77.051209,38.90582]},"properties":{"access_code":"public","access_days_time":null,"access_detail_code":null,"cards_accepted":null,"date_last_confirmed":"2024-07-01","expected_date":null,"fuel_type_code":"ELEC","groups_with_access_code":"Public","id":113651,"maximum_vehicle_class":null,"open_date":"2018-05-14","owner_type_code":"P","restricted_access":null,"status_code":"E","funding_sources":null,"facility_type":"HOTEL","station_name":"Park Hyatt Washington - Tesla Destination","station_phone":"877-798-3752","updated_at":"2025-02-12T00:16:32Z","geocode_status":"200-9","city":"Washington","country":"US","intersection_directions":null,"plus4":null,"state":"DC","street_address":"1201 24th St NW","zip":"20037","bd_blends":null,"cng_dispenser_num":null,"cng_fill_type_code":null,"cng_has_rng":null,"cng_psi":null,"cng_renewable_source":null,"cng_total_compression":null,"cng_total_storage":null,"cng_vehicle_class":null,"e85_blender_pump":null,"e85_other_ethanol_blends":null,"ev_connector_types":["J1772","TESLA"],"ev_dc_fast_num":null,"ev_level1_evse_num":null,"ev_level2_evse_num":4,"ev_network":"Tesla Destination","ev_network_web":"https://www.tesla.com/destination-charging","ev_other_evse":null,"ev_pricing":"Free","ev_renewable_source":null,"ev_workplace_charging":false,"hy_is_retail":null,"hy_pressures":null,"hy_standards":null,"hy_status_link":null,"lng_has_rng":null,"lng_renewable_source":null,"lng_vehicle_class":null,"lpg_nozzle_types":null,"lpg_primary":null,"ng_fill_type_code":null,"ng_psi":null,"ng_vehicle_class":null,"rd_blended_with_biodiesel":null,"rd_blends":null,"rd_blends_fr":null,"rd_max_biodiesel_level":null,"nps_unit_name":null,"access_days_time_fr":null,"intersection_directions_fr":null,"bd_blends_fr":null,"groups_with_access_code_fr":"Public","ev_pricing_fr":null}},{"type":"Feature","geometry":{"type":"Point","coordinates":[-77.036037,38.908258]},"properties":{"access_code":"public","access_days_time":null,"access_detail_code":null,"cards_accepted":null,"date_last_confirmed":"2024-07-01","expected_date":null,"fuel_type_code":"ELEC","groups_with_access_code":"Public","id":113652,"maximum_vehicle_class":null,"open_date":"2015-12-11","owner_type_code":"P","restricted_access":null,"status_code":"E","funding_sources":null,"facility_type":"HOTEL","station_name":"Kimpton Rouge Hotel - Tesla Destination","station_phone":"877-798-3752","updated_at":"2025-02-12T00:16:32Z","geocode_status":"200-9","city":"Washington","country":"US","intersection_directions":null,"plus4":null,"state":"DC","street_address":"1315 16th St NW","zip":"20036","bd_blends":null,"cng_dispenser_num":null,"cng_fill_type_code":null,"cng_has_rng":null,"cng_psi":null,"cng_renewable_source":null,"cng_total_compression":null,"cng_total_storage":null,"cng_vehicle_class":null,"e85_blender_pump":null,"e85_other_ethanol_blends":null,"ev_connector_types":["J1772","TESLA"],"ev_dc_fast_num":null,"ev_level1_evse_num":null,"ev_level2_evse_num":3,"ev_network":"Tesla Destination","ev_network_web":"https://www.tesla.com/destination-charging","ev_other_evse":null,"ev_pricing":"Free","ev_renewable_source":null,"ev_workplace_charging":false,"hy_is_retail":null,"hy_pressures":null,"hy_standards":null,"hy_status_link":null,"lng_has_rng":null,"lng_renewable_source":null,"lng_vehicle_class":null,"lpg_nozzle_types":null,"lpg_primary":null,"ng_fill_type_code":null,"ng_psi":null,"ng_vehicle_class":null,"rd_blended_with_biodiesel":null,"rd_blends":null,"rd_blends_fr":null,"rd_max_biodiesel_level":null,"nps_unit_name":null,"access_days_time_fr":null,"intersection_directions_fr":null,"bd_blends_fr":null,"groups_with_access_code_fr":"Public","ev_pricing_fr":null}},{"type":"Feature","geometry":{"type":"Point","coordinates":[-77.030247,38.883828]},"properties":{"access_code":"public","access_days_time":null,"access_detail_code":null,"cards_accepted":null,"date_last_confirmed":"2024-07-01","expected_date":null,"fuel_type_code":"ELEC","groups_with_access_code":"Public","id":113653,"maximum_vehicle_class":null,"open_date":"2015-01-27","owner_type_code":"P","restricted_access":null,"status_code":"E","funding_sources":null,"facility_type":"HOTEL","station_name":"Mandarin Oriental, Washington DC - Tesla Destination","station_phone":"877-798-3752","updated_at":"2025-02-12T00:16:32Z","geocode_status":"200-9","city":"Washington","country":"US","intersection_directions":null,"plus4":null,"state":"DC","street_address":"1330 Maryland Ave SW","zip":"20024","bd_blends":null,"cng_dispenser_num":null,"cng_fill_type_code":null,"cng_has_rng":null,"cng_psi":null,"cng_renewable_source":null,"cng_total_compression":null,"cng_total_storage":null,"cng_vehicle_class":null,"e85_blender_pump":null,"e85_other_ethanol_blends":null,"ev_connector_types":["TESLA"],"ev_dc_fast_num":null,"ev_level1_evse_num":null,"ev_level2_evse_num":2,"ev_network":"Tesla Destination","ev_network_web":"https://www.tesla.com/destination-charging","ev_other_evse":null,"ev_pricing":"Free","ev_renewable_source":null,"ev_workplace_charging":false,"hy_is_retail":null,"hy_pressures":null,"hy_standards":null,"hy_status_link":null,"lng_has_rng":null,"lng_renewable_source":null,"lng_vehicle_class":null,"lpg_nozzle_types":null,"lpg_primary":null,"ng_fill_type_code":null,"ng_psi":null,"ng_vehicle_class":null,"rd_blended_with_biodiesel":null,"rd_blends":null,"rd_blends_fr":null,"rd_max_biodiesel_level":null,"nps_unit_name":null,"access_days_time_fr":null,"intersection_directions_fr":null,"bd_blends_fr":null,"groups_with_access_code_fr":"Public","ev_pricing_fr":null}},{"type":"Feature","geometry":{"type":"Point","coordinates":[-77.033132,38.908429]},"properties":{"access_code":"public","access_days_time":null,"access_detail_code":null,"cards_accepted":null,"date_last_confirmed":"2024-07-01","expected_date":null,"fuel_type_code":"ELEC","groups_with_access_code":"Public","id":113654,"maximum_vehicle_class":null,"open_date":"2016-07-19","owner_type_code":"P","restricted_access":null,"status_code":"E","funding_sources":null,"facility_type":"HOTEL","station_name":"Kimpton Mason & Rook Hotel - Tesla Destination","station_phone":"877-798-3752","updated_at":"2025-02-12T00:16:32Z","geocode_status":"200-9","city":"Washington","country":"US","intersection_directions":null,"plus4":null,"state":"DC","street_address":"1430 Rhode Island Ave","zip":"20005","bd_blends":null,"cng_dispenser_num":null,"cng_fill_type_code":null,"cng_has_rng":null,"cng_psi":null,"cng_renewable_source":null,"cng_total_compression":null,"cng_total_storage":null,"cng_vehicle_class":null,"e85_blender_pump":null,"e85_other_ethanol_blends":null,"ev_connector_types":["J1772","TESLA"],"ev_dc_fast_num":null,"ev_level1_evse_num":null,"ev_level2_evse_num":2,"ev_network":"Tesla Destination","ev_network_web":"https://www.tesla.com/destination-charging","ev_other_evse":null,"ev_pricing":"Free","ev_renewable_source":null,"ev_workplace_charging":false,"hy_is_retail":null,"hy_pressures":null,"hy_standards":null,"hy_status_link":null,"lng_has_rng":null,"lng_renewable_source":null,"lng_vehicle_class":null,"lpg_nozzle_types":null,"lpg_primary":null,"ng_fill_type_code":null,"ng_psi":null,"ng_vehicle_class":null,"rd_blended_with_biodiesel":null,"rd_blends":null,"rd_blends_fr":null,"rd_max_biodiesel_level":null,"nps_unit_name":null,"access_days_time_fr":null,"intersection_directions_fr":null,"bd_blends_fr":null,"groups_with_access_code_fr":"Public","ev_pricing_fr":null}},{"type":"Feature","geometry":{"type":"Point","coordinates":[-77.010017,38.896373]},"properties":{"access_code":"public","access_days_time":null,"access_detail_code":null,"cards_accepted":null,"date_last_confirmed":"2024-07-01","expected_date":null,"fuel_type_code":"ELEC","groups_with_access_code":"Public","id":113655,"maximum_vehicle_class":null,"open_date":"2015-11-30","owner_type_code":"P","restricted_access":null,"status_code":"E","funding_sources":null,"facility_type":"HOTEL","station_name":"The Kimpton George Hotel - Tesla Destination","station_phone":"877-798-3752","updated_at":"2025-02-12T00:16:32Z","geocode_status":"200-9","city":"Washington","country":"US","intersection_directions":null,"plus4":null,"state":"DC","street_address":"15 E St NW","zip":"20001","bd_blends":null,"cng_dispenser_num":null,"cng_fill_type_code":null,"cng_has_rng":null,"cng_psi":null,"cng_renewable_source":null,"cng_total_compression":null,"cng_total_storage":null,"cng_vehicle_class":null,"e85_blender_pump":null,"e85_other_ethanol_blends":null,"ev_connector_types":["J1772","TESLA"],"ev_dc_fast_num":null,"ev_level1_evse_num":null,"ev_level2_evse_num":2,"ev_network":"Tesla Destination","ev_network_web":"https://www.tesla.com/destination-charging","ev_other_evse":null,"ev_pricing":"Free","ev_renewable_source":null,"ev_workplace_charging":false,"hy_is_retail":null,"hy_pressures":null,"hy_standards":null,"hy_status_link":null,"lng_has_rng":null,"lng_renewable_source":null,"lng_vehicle_class":null,"lpg_nozzle_types":null,"lpg_primary":null,"ng_fill_type_code":null,"ng_psi":null,"ng_vehicle_class":null,"rd_blended_with_biodiesel":null,"rd_blends":null,"rd_blends_fr":null,"rd_max_biodiesel_level":null,"nps_unit_name":null,"access_days_time_fr":null,"intersection_directions_fr":null,"bd_blends_fr":null,"groups_with_access_code_fr":"Public","ev_pricing_fr":null}},{"type":"Feature","geometry":{"type":"Point","coordinates":[-77.036861,38.906641]},"properties":{"access_code":"public","access_days_time":null,"access_detail_code":null,"cards_accepted":null,"date_last_confirmed":"2024-07-01","expected_date":null,"fuel_type_code":"ELEC","groups_with_access_code":"Public","id":113656,"maximum_vehicle_class":null,"open_date":"2016-01-25","owner_type_code":"P","restricted_access":null,"status_code":"E","funding_sources":null,"facility_type":"HOTEL","station_name":"Courtyard Washington Embassy Row - Tesla Destination","station_phone":"877-798-3752","updated_at":"2025-02-12T00:16:32Z","geocode_status":"200-9","city":"Washington","country":"US","intersection_directions":null,"plus4":null,"state":"DC","street_address":"1600 Rhode Island Ave NW","zip":"20036","bd_blends":null,"cng_dispenser_num":null,"cng_fill_type_code":null,"cng_has_rng":null,"cng_psi":null,"cng_renewable_source":null,"cng_total_compression":null,"cng_total_storage":null,"cng_vehicle_class":null,"e85_blender_pump":null,"e85_other_ethanol_blends":null,"ev_connector_types":["TESLA"],"ev_dc_fast_num":null,"ev_level1_evse_num":null,"ev_level2_evse_num":2,"ev_network":"Tesla Destination","ev_network_web":"https://www.tesla.com/destination-charging","ev_other_evse":null,"ev_pricing":"Free","ev_renewable_source":null,"ev_workplace_charging":false,"hy_is_retail":null,"hy_pressures":null,"hy_standards":null,"hy_status_link":null,"lng_has_rng":null,"lng_renewable_source":null,"lng_vehicle_class":null,"lpg_nozzle_types":null,"lpg_primary":null,"ng_fill_type_code":null,"ng_psi":null,"ng_vehicle_class":null,"rd_blended_with_biodiesel":null,"rd_blends":null,"rd_blends_fr":null,"rd_max_biodiesel_level":null,"nps_unit_name":null,"access_days_time_fr":null,"intersection_directions_fr":null,"bd_blends_fr":null,"groups_with_access_code_fr":"Public","ev_pricing_fr":null}},{"type":"Feature","geometry":{"type":"Point","coordinates":[-77.039525,38.913322]},"properties":{"access_code":"public","access_days_time":null,"access_detail_code":null,"cards_accepted":null,"date_last_confirmed":"2024-07-01","expected_date":null,"fuel_type_code":"ELEC","groups_with_access_code":"Public","id":113657,"maximum_vehicle_class":null,"open_date":"2015-11-11","owner_type_code":"P","restricted_access":null,"status_code":"E","funding_sources":null,"facility_type":"HOTEL","station_name":"Kimpton Carlyle Hotel - Tesla Destination","station_phone":"877-798-3752","updated_at":"2025-02-12T00:16:32Z","geocode_status":"200-9","city":"Washington","country":"US","intersection_directions":null,"plus4":null,"state":"DC","street_address":"1731 New Hampshire Ave NW","zip":"20009","bd_blends":null,"cng_dispenser_num":null,"cng_fill_type_code":null,"cng_has_rng":null,"cng_psi":null,"cng_renewable_source":null,"cng_total_compression":null,"cng_total_storage":null,"cng_vehicle_class":null,"e85_blender_pump":null,"e85_other_ethanol_blends":null,"ev_connector_types":["J1772","TESLA"],"ev_dc_fast_num":null,"ev_level1_evse_num":null,"ev_level2_evse_num":2,"ev_network":"Tesla Destination","ev_network_web":"https://www.tesla.com/destination-charging","ev_other_evse":null,"ev_pricing":"Free","ev_renewable_source":null,"ev_workplace_charging":false,"hy_is_retail":null,"hy_pressures":null,"hy_standards":null,"hy_status_link":null,"lng_has_rng":null,"lng_renewable_source":null,"lng_vehicle_class":null,"lpg_nozzle_types":null,"lpg_primary":null,"ng_fill_type_code":null,"ng_psi":null,"ng_vehicle_class":null,"rd_blended_with_biodiesel":null,"rd_blends":null,"rd_blends_fr":null,"rd_max_biodiesel_level":null,"nps_unit_name":null,"access_days_time_fr":null,"intersection_directions_fr":null,"bd_blends_fr":null,"groups_with_access_code_fr":"Public","ev_pricing_fr":null}},{"type":"Feature","geometry":{"type":"Point","coordinates":[-77.045324,38.902044]},"properties":{"access_code":"public","access_days_time":null,"access_detail_code":null,"cards_accepted":null,"date_last_confirmed":"2024-07-01","expected_date":null,"fuel_type_code":"ELEC","groups_with_access_code":"Public","id":113658,"maximum_vehicle_class":null,"open_date":"2018-06-12","owner_type_code":"P","restricted_access":null,"status_code":"E","funding_sources":null,"facility_type":"PARKING_GARAGE","station_name":"One Parking 2000 K - Tesla Destination","station_phone":"877-798-3752","updated_at":"2025-02-12T00:16:32Z","geocode_status":"200-9","city":"Washington","country":"US","intersection_directions":null,"plus4":null,"state":"DC","street_address":"2000 K St NW","zip":"20006","bd_blends":null,"cng_dispenser_num":null,"cng_fill_type_code":null,"cng_has_rng":null,"cng_psi":null,"cng_renewable_source":null,"cng_total_compression":null,"cng_total_storage":null,"cng_vehicle_class":null,"e85_blender_pump":null,"e85_other_ethanol_blends":null,"ev_connector_types":["TESLA"],"ev_dc_fast_num":null,"ev_level1_evse_num":null,"ev_level2_evse_num":1,"ev_network":"Tesla Destination","ev_network_web":"https://www.tesla.com/destination-charging","ev_other_evse":null,"ev_pricing":"Free","ev_renewable_source":null,"ev_workplace_charging":false,"hy_is_retail":null,"hy_pressures":null,"hy_standards":null,"hy_status_link":null,"lng_has_rng":null,"lng_renewable_source":null,"lng_vehicle_class":null,"lpg_nozzle_types":null,"lpg_primary":null,"ng_fill_type_code":null,"ng_psi":null,"ng_vehicle_class":null,"rd_blended_with_biodiesel":null,"rd_blends":null,"rd_blends_fr":null,"rd_max_biodiesel_level":null,"nps_unit_name":null,"access_days_time_fr":null,"intersection_directions_fr":null,"bd_blends_fr":null,"groups_with_access_code_fr":"Public","ev_pricing_fr":null}},{"type":"Feature","geometry":{"type":"Point","coordinates":[-77.045745,38.910623]},"properties":{"access_code":"public","access_days_time":null,"access_detail_code":null,"cards_accepted":null,"date_last_confirmed":"2024-07-01","expected_date":null,"fuel_type_code":"ELEC","groups_with_access_code":"Public","id":113659,"maximum_vehicle_class":null,"open_date":"2015-10-28","owner_type_code":"P","restricted_access":null,"status_code":"E","funding_sources":null,"facility_type":"HOTEL","station_name":"Embassy Row Hotel - Tesla Destination","station_phone":"877-798-3752","updated_at":"2025-02-12T00:16:32Z","geocode_status":"200-9","city":"Washington","country":"US","intersection_directions":null,"plus4":null,"state":"DC","street_address":"2015 Massachusetts Ave NW","zip":"20036","bd_blends":null,"cng_dispenser_num":null,"cng_fill_type_code":null,"cng_has_rng":null,"cng_psi":null,"cng_renewable_source":null,"cng_total_compression":null,"cng_total_storage":null,"cng_vehicle_class":null,"e85_blender_pump":null,"e85_other_ethanol_blends":null,"ev_connector_types":["J1772","TESLA"],"ev_dc_fast_num":null,"ev_level1_evse_num":null,"ev_level2_evse_num":4,"ev_network":"Tesla Destination","ev_network_web":"https://www.tesla.com/destination-charging","ev_other_evse":null,"ev_pricing":"Free","ev_renewable_source":null,"ev_workplace_charging":false,"hy_is_retail":null,"hy_pressures":null,"hy_standards":null,"hy_status_link":null,"lng_has_rng":null,"lng_renewable_source":null,"lng_vehicle_class":null,"lpg_nozzle_types":null,"lpg_primary":null,"ng_fill_type_code":null,"ng_psi":null,"ng_vehicle_class":null,"rd_blended_with_biodiesel":null,"rd_blends":null,"rd_blends_fr":null,"rd_max_biodiesel_level":null,"nps_unit_name":null,"access_days_time_fr":null,"intersection_directions_fr":null,"bd_blends_fr":null,"groups_with_access_code_fr":"Public","ev_pricing_fr":null}},{"type":"Feature","geometry":{"type":"Point","coordinates":[-77.023174,38.918283]},"properties":{"access_code":"public","access_days_time":null,"access_detail_code":null,"cards_accepted":null,"date_last_confirmed":"2024-07-01","expected_date":null,"fuel_type_code":"ELEC","groups_with_access_code":"Public","id":113660,"maximum_vehicle_class":null,"open_date":"2017-01-04","owner_type_code":"P","restricted_access":null,"status_code":"E","funding_sources":null,"facility_type":"PARKING_GARAGE","station_name":"Atlantic Plumbing Building Parking - Tesla Destination","station_phone":"877-798-3752","updated_at":"2025-02-12T00:16:32Z","geocode_status":"200-9","city":"Washington","country":"US","intersection_directions":null,"plus4":null,"state":"DC","street_address":"2112 8th St NW","zip":"20001","bd_blends":null,"cng_dispenser_num":null,"cng_fill_type_code":null,"cng_has_rng":null,"cng_psi":null,"cng_renewable_source":null,"cng_total_compression":null,"cng_total_storage":null,"cng_vehicle_class":null,"e85_blender_pump":null,"e85_other_ethanol_blends":null,"ev_connector_types":["TESLA"],"ev_dc_fast_num":null,"ev_level1_evse_num":null,"ev_level2_evse_num":1,"ev_network":"Tesla Destination","ev_network_web":"https://www.tesla.com/destination-charging","ev_other_evse":null,"ev_pricing":"Free","ev_renewable_source":null,"ev_workplace_charging":false,"hy_is_retail":null,"hy_pressures":null,"hy_standards":null,"hy_status_link":null,"lng_has_rng":null,"lng_renewable_source":null,"lng_vehicle_class":null,"lpg_nozzle_types":null,"lpg_primary":null,"ng_fill_type_code":null,"ng_psi":null,"ng_vehicle_class":null,"rd_blended_with_biodiesel":null,"rd_blends":null,"rd_blends_fr":null,"rd_max_biodiesel_level":null,"nps_unit_name":null,"access_days_time_fr":null,"intersection_directions_fr":null,"bd_blends_fr":null,"groups_with_access_code_fr":"Public","ev_pricing_fr":null}},{"type":"Feature","geometry":{"type":"Point","coordinates":[-77.047493,38.896855]},"properties":{"access_code":"public","access_days_time":null,"access_detail_code":null,"cards_accepted":null,"date_last_confirmed":"2024-07-01","expected_date":null,"fuel_type_code":"ELEC","groups_with_access_code":"Public","id":113661,"maximum_vehicle_class":null,"open_date":"2018-10-03","owner_type_code":"P","restricted_access":null,"status_code":"E","funding_sources":null,"facility_type":"HOTEL","station_name":"State Plaza Hotel - Tesla Destination","station_phone":"877-798-3752","updated_at":"2025-02-12T00:16:32Z","geocode_status":"200-9","city":"Washington","country":"US","intersection_directions":null,"plus4":null,"state":"DC","street_address":"2117 E St NW","zip":"20037","bd_blends":null,"cng_dispenser_num":null,"cng_fill_type_code":null,"cng_has_rng":null,"cng_psi":null,"cng_renewable_source":null,"cng_total_compression":null,"cng_total_storage":null,"cng_vehicle_class":null,"e85_blender_pump":null,"e85_other_ethanol_blends":null,"ev_connector_types":["J1772","TESLA"],"ev_dc_fast_num":null,"ev_level1_evse_num":null,"ev_level2_evse_num":4,"ev_network":"Tesla Destination","ev_network_web":"https://www.tesla.com/destination-charging","ev_other_evse":null,"ev_pricing":"Free","ev_renewable_source":null,"ev_workplace_charging":false,"hy_is_retail":null,"hy_pressures":null,"hy_standards":null,"hy_status_link":null,"lng_has_rng":null,"lng_renewable_source":null,"lng_vehicle_class":null,"lpg_nozzle_types":null,"lpg_primary":null,"ng_fill_type_code":null,"ng_psi":null,"ng_vehicle_class":null,"rd_blended_with_biodiesel":null,"rd_blends":null,"rd_blends_fr":null,"rd_max_biodiesel_level":null,"nps_unit_name":null,"access_days_time_fr":null,"intersection_directions_fr":null,"bd_blends_fr":null,"groups_with_access_code_fr":"Public","ev_pricing_fr":null}},{"type":"Feature","geometry":{"type":"Point","coordinates":[-77.047399,38.909852]},"properties":{"access_code":"public","access_days_time":null,"access_detail_code":null,"cards_accepted":null,"date_last_confirmed":"2024-07-01","expected_date":null,"fuel_type_code":"ELEC","groups_with_access_code":"Public","id":113662,"maximum_vehicle_class":null,"open_date":"2015-12-23","owner_type_code":"P","restricted_access":null,"status_code":"E","funding_sources":null,"facility_type":"HOTEL","station_name":"Kimpton Hotel Palomar Washington DC - Tesla Destination","station_phone":"877-798-3752","updated_at":"2025-02-12T00:16:32Z","geocode_status":"200-9","city":"Washington","country":"US","intersection_directions":null,"plus4":null,"state":"DC","street_address":"2121 P St NW","zip":"20037","bd_blends":null,"cng_dispenser_num":null,"cng_fill_type_code":null,"cng_has_rng":null,"cng_psi":null,"cng_renewable_source":null,"cng_total_compression":null,"cng_total_storage":null,"cng_vehicle_class":null,"e85_blender_pump":null,"e85_other_ethanol_blends":null,"ev_connector_types":["J1772","TESLA"],"ev_dc_fast_num":null,"ev_level1_evse_num":null,"ev_level2_evse_num":2,"ev_network":"Tesla Destination","ev_network_web":"https://www.tesla.com/destination-charging","ev_other_evse":null,"ev_pricing":"Free","ev_renewable_source":null,"ev_workplace_charging":false,"hy_is_retail":null,"hy_pressures":null,"hy_standards":null,"hy_status_link":null,"lng_has_rng":null,"lng_renewable_source":null,"lng_vehicle_class":null,"lpg_nozzle_types":null,"lpg_primary":null,"ng_fill_type_code":null,"ng_psi":null,"ng_vehicle_class":null,"rd_blended_with_biodiesel":null,"rd_blends":null,"rd_blends_fr":null,"rd_max_biodiesel_level":null,"nps_unit_name":null,"access_days_time_fr":null,"intersection_directions_fr":null,"bd_blends_fr":null,"groups_with_access_code_fr":"Public","ev_pricing_fr":null}},{"type":"Feature","geometry":{"type":"Point","coordinates":[-77.053614,38.903334]},"properties":{"access_code":"public","access_days_time":null,"access_detail_code":null,"cards_accepted":null,"date_last_confirmed":"2024-07-01","expected_date":null,"fuel_type_code":"ELEC","groups_with_access_code":"Public","id":113664,"maximum_vehicle_class":null,"open_date":"2018-04-30","owner_type_code":"P","restricted_access":null,"status_code":"E","funding_sources":null,"facility_type":"HOTEL","station_name":"Avenue Suites Georgetown - Tesla Destination","station_phone":"877-798-3752","updated_at":"2025-02-12T00:16:32Z","geocode_status":"200-9","city":"Washington","country":"US","intersection_directions":null,"plus4":null,"state":"DC","street_address":"2500 Pennsylvania Ave NW","zip":"20037","bd_blends":null,"cng_dispenser_num":null,"cng_fill_type_code":null,"cng_has_rng":null,"cng_psi":null,"cng_renewable_source":null,"cng_total_compression":null,"cng_total_storage":null,"cng_vehicle_class":null,"e85_blender_pump":null,"e85_other_ethanol_blends":null,"ev_connector_types":["TESLA"],"ev_dc_fast_num":null,"ev_level1_evse_num":null,"ev_level2_evse_num":4,"ev_network":"Tesla Destination","ev_network_web":"https://www.tesla.com/destination-charging","ev_other_evse":null,"ev_pricing":"Free","ev_renewable_source":null,"ev_workplace_charging":false,"hy_is_retail":null,"hy_pressures":null,"hy_standards":null,"hy_status_link":null,"lng_has_rng":null,"lng_renewable_source":null,"lng_vehicle_class":null,"lpg_nozzle_types":null,"lpg_primary":null,"ng_fill_type_code":null,"ng_psi":null,"ng_vehicle_class":null,"rd_blended_with_biodiesel":null,"rd_blends":null,"rd_blends_fr":null,"rd_max_biodiesel_level":null,"nps_unit_name":null,"access_days_time_fr":null,"intersection_directions_fr":null,"bd_blends_fr":null,"groups_with_access_code_fr":"Public","ev_pricing_fr":null}},{"type":"Feature","geometry":{"type":"Point","coordinates":[-77.072855,38.92336]},"properties":{"access_code":"public","access_days_time":null,"access_detail_code":null,"cards_accepted":null,"date_last_confirmed":"2024-07-01","expected_date":null,"fuel_type_code":"ELEC","groups_with_access_code":"Public","id":113665,"maximum_vehicle_class":null,"open_date":"2016-07-19","owner_type_code":"P","restricted_access":null,"status_code":"E","funding_sources":null,"facility_type":"HOTEL","station_name":"Kimpton Glover Park Hotel - Tesla Destination","station_phone":"877-798-3752","updated_at":"2025-02-12T00:16:32Z","geocode_status":"200-9","city":"Washington","country":"US","intersection_directions":null,"plus4":null,"state":"DC","street_address":"2505 Wisconsin Ave NW","zip":"20007","bd_blends":null,"cng_dispenser_num":null,"cng_fill_type_code":null,"cng_has_rng":null,"cng_psi":null,"cng_renewable_source":null,"cng_total_compression":null,"cng_total_storage":null,"cng_vehicle_class":null,"e85_blender_pump":null,"e85_other_ethanol_blends":null,"ev_connector_types":["J1772","TESLA"],"ev_dc_fast_num":null,"ev_level1_evse_num":null,"ev_level2_evse_num":2,"ev_network":"Tesla Destination","ev_network_web":"https://www.tesla.com/destination-charging","ev_other_evse":null,"ev_pricing":"Free","ev_renewable_source":null,"ev_workplace_charging":false,"hy_is_retail":null,"hy_pressures":null,"hy_standards":null,"hy_status_link":null,"lng_has_rng":null,"lng_renewable_source":null,"lng_vehicle_class":null,"lpg_nozzle_types":null,"lpg_primary":null,"ng_fill_type_code":null,"ng_psi":null,"ng_vehicle_class":null,"rd_blended_with_biodiesel":null,"rd_blends":null,"rd_blends_fr":null,"rd_max_biodiesel_level":null,"nps_unit_name":null,"access_days_time_fr":null,"intersection_directions_fr":null,"bd_blends_fr":null,"groups_with_access_code_fr":"Public","ev_pricing_fr":null}},{"type":"Feature","geometry":{"type":"Point","coordinates":[-77.055761,38.89936]},"properties":{"access_code":"public","access_days_time":null,"access_detail_code":null,"cards_accepted":null,"date_last_confirmed":"2024-07-01","expected_date":null,"fuel_type_code":"ELEC","groups_with_access_code":"Public","id":113666,"maximum_vehicle_class":null,"open_date":"2018-01-22","owner_type_code":"P","restricted_access":null,"status_code":"E","funding_sources":null,"facility_type":"HOTEL","station_name":"The Watergate Hotel - Tesla Destination","station_phone":"877-798-3752","updated_at":"2025-02-12T00:16:32Z","geocode_status":"200-9","city":"Washington","country":"US","intersection_directions":null,"plus4":null,"state":"DC","street_address":"2650 Virginia Ave NW","zip":"20037","bd_blends":null,"cng_dispenser_num":null,"cng_fill_type_code":null,"cng_has_rng":null,"cng_psi":null,"cng_renewable_source":null,"cng_total_compression":null,"cng_total_storage":null,"cng_vehicle_class":null,"e85_blender_pump":null,"e85_other_ethanol_blends":null,"ev_connector_types":["TESLA"],"ev_dc_fast_num":null,"ev_level1_evse_num":null,"ev_level2_evse_num":4,"ev_network":"Tesla Destination","ev_network_web":"https://www.tesla.com/destination-charging","ev_other_evse":null,"ev_pricing":"Free","ev_renewable_source":null,"ev_workplace_charging":false,"hy_is_retail":null,"hy_pressures":null,"hy_standards":null,"hy_status_link":null,"lng_has_rng":null,"lng_renewable_source":null,"lng_vehicle_class":null,"lpg_nozzle_types":null,"lpg_primary":null,"ng_fill_type_code":null,"ng_psi":null,"ng_vehicle_class":null,"rd_blended_with_biodiesel":null,"rd_blends":null,"rd_blends_fr":null,"rd_max_biodiesel_level":null,"nps_unit_name":null,"access_days_time_fr":null,"intersection_directions_fr":null,"bd_blends_fr":null,"groups_with_access_code_fr":"Public","ev_pricing_fr":null}},{"type":"Feature","geometry":{"type":"Point","coordinates":[-77.057389,38.904437]},"properties":{"access_code":"public","access_days_time":null,"access_detail_code":null,"cards_accepted":null,"date_last_confirmed":"2024-07-01","expected_date":null,"fuel_type_code":"ELEC","groups_with_access_code":"Public","id":113667,"maximum_vehicle_class":null,"open_date":"2018-02-28","owner_type_code":"P","restricted_access":null,"status_code":"E","funding_sources":null,"facility_type":"HOTEL","station_name":"Four Seasons Washington D.C. - Tesla Destination","station_phone":"877-798-3752","updated_at":"2025-02-12T00:16:32Z","geocode_status":"200-9","city":"Washington","country":"US","intersection_directions":null,"plus4":null,"state":"DC","street_address":"2800 Pennsylvania Ave NW","zip":"20007","bd_blends":null,"cng_dispenser_num":null,"cng_fill_type_code":null,"cng_has_rng":null,"cng_psi":null,"cng_renewable_source":null,"cng_total_compression":null,"cng_total_storage":null,"cng_vehicle_class":null,"e85_blender_pump":null,"e85_other_ethanol_blends":null,"ev_connector_types":["TESLA"],"ev_dc_fast_num":null,"ev_level1_evse_num":null,"ev_level2_evse_num":2,"ev_network":"Tesla Destination","ev_network_web":"https://www.tesla.com/destination-charging","ev_other_evse":null,"ev_pricing":"Free","ev_renewable_source":null,"ev_workplace_charging":false,"hy_is_retail":null,"hy_pressures":null,"hy_standards":null,"hy_status_link":null,"lng_has_rng":null,"lng_renewable_source":null,"lng_vehicle_class":null,"lpg_nozzle_types":null,"lpg_primary":null,"ng_fill_type_code":null,"ng_psi":null,"ng_vehicle_class":null,"rd_blended_with_biodiesel":null,"rd_blends":null,"rd_blends_fr":null,"rd_max_biodiesel_level":null,"nps_unit_name":null,"access_days_time_fr":null,"intersection_directions_fr":null,"bd_blends_fr":null,"groups_with_access_code_fr":"Public","ev_pricing_fr":null}},{"type":"Feature","geometry":{"type":"Point","coordinates":[-77.011283,38.895083]},"properties":{"access_code":"public","access_days_time":null,"access_detail_code":null,"cards_accepted":null,"date_last_confirmed":"2024-07-01","expected_date":null,"fuel_type_code":"ELEC","groups_with_access_code":"Public","id":113668,"maximum_vehicle_class":null,"open_date":"2016-04-19","owner_type_code":"P","restricted_access":null,"status_code":"E","funding_sources":null,"facility_type":"HOTEL","station_name":"Hyatt Regency Washington on Capitol Hill - Tesla Destination","station_phone":"877-798-3752","updated_at":"2025-02-12T00:16:32Z","geocode_status":"200-9","city":"Washington","country":"US","intersection_directions":null,"plus4":null,"state":"DC","street_address":"400 New Jersey Ave NW","zip":"20001","bd_blends":null,"cng_dispenser_num":null,"cng_fill_type_code":null,"cng_has_rng":null,"cng_psi":null,"cng_renewable_source":null,"cng_total_compression":null,"cng_total_storage":null,"cng_vehicle_class":null,"e85_blender_pump":null,"e85_other_ethanol_blends":null,"ev_connector_types":["J1772","TESLA"],"ev_dc_fast_num":null,"ev_level1_evse_num":null,"ev_level2_evse_num":4,"ev_network":"Tesla Destination","ev_network_web":"https://www.tesla.com/destination-charging","ev_other_evse":null,"ev_pricing":"Free","ev_renewable_source":null,"ev_workplace_charging":false,"hy_is_retail":null,"hy_pressures":null,"hy_standards":null,"hy_status_link":null,"lng_has_rng":null,"lng_renewable_source":null,"lng_vehicle_class":null,"lpg_nozzle_types":null,"lpg_primary":null,"ng_fill_type_code":null,"ng_psi":null,"ng_vehicle_class":null,"rd_blended_with_biodiesel":null,"rd_blends":null,"rd_blends_fr":null,"rd_max_biodiesel_level":null,"nps_unit_name":null,"access_days_time_fr":null,"intersection_directions_fr":null,"bd_blends_fr":null,"groups_with_access_code_fr":"Public","ev_pricing_fr":null}},{"type":"Feature","geometry":{"type":"Point","coordinates":[-77.010995,38.89547]},"properties":{"access_code":"public","access_days_time":null,"access_detail_code":null,"cards_accepted":null,"date_last_confirmed":"2024-07-01","expected_date":null,"fuel_type_code":"ELEC","groups_with_access_code":"Public","id":113669,"maximum_vehicle_class":null,"open_date":"2018-04-13","owner_type_code":"P","restricted_access":null,"status_code":"E","funding_sources":null,"facility_type":"HOTEL","station_name":"The Liaison Capitol Hill - Tesla Destination","station_phone":"877-798-3752","updated_at":"2025-02-12T00:16:32Z","geocode_status":"200-9","city":"Washington","country":"US","intersection_directions":null,"plus4":null,"state":"DC","street_address":"415 New Jersey Ave NW","zip":"20001","bd_blends":null,"cng_dispenser_num":null,"cng_fill_type_code":null,"cng_has_rng":null,"cng_psi":null,"cng_renewable_source":null,"cng_total_compression":null,"cng_total_storage":null,"cng_vehicle_class":null,"e85_blender_pump":null,"e85_other_ethanol_blends":null,"ev_connector_types":["TESLA"],"ev_dc_fast_num":null,"ev_level1_evse_num":null,"ev_level2_evse_num":4,"ev_network":"Tesla Destination","ev_network_web":"https://www.tesla.com/destination-charging","ev_other_evse":null,"ev_pricing":"Free","ev_renewable_source":null,"ev_workplace_charging":false,"hy_is_retail":null,"hy_pressures":null,"hy_standards":null,"hy_status_link":null,"lng_has_rng":null,"lng_renewable_source":null,"lng_vehicle_class":null,"lpg_nozzle_types":null,"lpg_primary":null,"ng_fill_type_code":null,"ng_psi":null,"ng_vehicle_class":null,"rd_blended_with_biodiesel":null,"rd_blends":null,"rd_blends_fr":null,"rd_max_biodiesel_level":null,"nps_unit_name":null,"access_days_time_fr":null,"intersection_directions_fr":null,"bd_blends_fr":null,"groups_with_access_code_fr":"Public","ev_pricing_fr":null}},{"type":"Feature","geometry":{"type":"Point","coordinates":[-77.031649,38.900701]},"properties":{"access_code":"public","access_days_time":null,"access_detail_code":null,"cards_accepted":null,"date_last_confirmed":"2024-07-01","expected_date":null,"fuel_type_code":"ELEC","groups_with_access_code":"Public","id":113671,"maximum_vehicle_class":null,"open_date":"2015-12-10","owner_type_code":"P","restricted_access":null,"status_code":"E","funding_sources":null,"facility_type":"HOTEL","station_name":"Hilton Garden Inn Washington DC Downtown - Tesla Destination","station_phone":"877-798-3752","updated_at":"2025-02-12T00:16:32Z","geocode_status":"200-8","city":"Washington","country":"US","intersection_directions":null,"plus4":null,"state":"DC","street_address":"815 14th St NW","zip":"20005","bd_blends":null,"cng_dispenser_num":null,"cng_fill_type_code":null,"cng_has_rng":null,"cng_psi":null,"cng_renewable_source":null,"cng_total_compression":null,"cng_total_storage":null,"cng_vehicle_class":null,"e85_blender_pump":null,"e85_other_ethanol_blends":null,"ev_connector_types":["TESLA"],"ev_dc_fast_num":null,"ev_level1_evse_num":null,"ev_level2_evse_num":2,"ev_network":"Tesla Destination","ev_network_web":"https://www.tesla.com/destination-charging","ev_other_evse":null,"ev_pricing":"Free","ev_renewable_source":null,"ev_workplace_charging":false,"hy_is_retail":null,"hy_pressures":null,"hy_standards":null,"hy_status_link":null,"lng_has_rng":null,"lng_renewable_source":null,"lng_vehicle_class":null,"lpg_nozzle_types":null,"lpg_primary":null,"ng_fill_type_code":null,"ng_psi":null,"ng_vehicle_class":null,"rd_blended_with_biodiesel":null,"rd_blends":null,"rd_blends_fr":null,"rd_max_biodiesel_level":null,"nps_unit_name":null,"access_days_time_fr":null,"intersection_directions_fr":null,"bd_blends_fr":null,"groups_with_access_code_fr":"Public","ev_pricing_fr":null}},{"type":"Feature","geometry":{"type":"Point","coordinates":[-77.026251,38.901937]},"properties":{"access_code":"public","access_days_time":null,"access_detail_code":null,"cards_accepted":null,"date_last_confirmed":"2024-07-01","expected_date":null,"fuel_type_code":"ELEC","groups_with_access_code":"Public","id":113672,"maximum_vehicle_class":null,"open_date":"2017-03-23","owner_type_code":"P","restricted_access":null,"status_code":"E","funding_sources":null,"facility_type":"HOTEL","station_name":"Embassy Suites by Hilton Convention Center - Tesla Destination","station_phone":"877-798-3752","updated_at":"2025-02-12T00:16:32Z","geocode_status":"200-9","city":"Washington","country":"US","intersection_directions":null,"plus4":null,"state":"DC","street_address":"900 10th St NW","zip":"20001","bd_blends":null,"cng_dispenser_num":null,"cng_fill_type_code":null,"cng_has_rng":null,"cng_psi":null,"cng_renewable_source":null,"cng_total_compression":null,"cng_total_storage":null,"cng_vehicle_class":null,"e85_blender_pump":null,"e85_other_ethanol_blends":null,"ev_connector_types":["J1772","TESLA"],"ev_dc_fast_num":null,"ev_level1_evse_num":null,"ev_level2_evse_num":3,"ev_network":"Tesla Destination","ev_network_web":"https://www.tesla.com/destination-charging","ev_other_evse":null,"ev_pricing":"Free","ev_renewable_source":null,"ev_workplace_charging":false,"hy_is_retail":null,"hy_pressures":null,"hy_standards":null,"hy_status_link":null,"lng_has_rng":null,"lng_renewable_source":null,"lng_vehicle_class":null,"lpg_nozzle_types":null,"lpg_primary":null,"ng_fill_type_code":null,"ng_psi":null,"ng_vehicle_class":null,"rd_blended_with_biodiesel":null,"rd_blends":null,"rd_blends_fr":null,"rd_max_biodiesel_level":null,"nps_unit_name":null,"access_days_time_fr":null,"intersection_directions_fr":null,"bd_blends_fr":null,"groups_with_access_code_fr":"Public","ev_pricing_fr":null}},{"type":"Feature","geometry":{"type":"Point","coordinates":[-77.019837,38.901964]},"properties":{"access_code":"public","access_days_time":null,"access_detail_code":null,"cards_accepted":null,"date_last_confirmed":"2024-07-01","expected_date":null,"fuel_type_code":"ELEC","groups_with_access_code":"Public","id":113673,"maximum_vehicle_class":null,"open_date":"2015-12-07","owner_type_code":"P","restricted_access":null,"status_code":"E","funding_sources":null,"facility_type":"HOTEL","station_name":"Hampton Inn Washington-Downtown-Convention Center - Tesla Destination","station_phone":"877-798-3752","updated_at":"2025-02-12T00:16:32Z","geocode_status":"200-9","city":"Washington","country":"US","intersection_directions":null,"plus4":null,"state":"DC","street_address":"901 6th St NW","zip":"20001","bd_blends":null,"cng_dispenser_num":null,"cng_fill_type_code":null,"cng_has_rng":null,"cng_psi":null,"cng_renewable_source":null,"cng_total_compression":null,"cng_total_storage":null,"cng_vehicle_class":null,"e85_blender_pump":null,"e85_other_ethanol_blends":null,"ev_connector_types":["TESLA"],"ev_dc_fast_num":null,"ev_level1_evse_num":null,"ev_level2_evse_num":1,"ev_network":"Tesla Destination","ev_network_web":"https://www.tesla.com/destination-charging","ev_other_evse":null,"ev_pricing":"Free","ev_renewable_source":null,"ev_workplace_charging":false,"hy_is_retail":null,"hy_pressures":null,"hy_standards":null,"hy_status_link":null,"lng_has_rng":null,"lng_renewable_source":null,"lng_vehicle_class":null,"lpg_nozzle_types":null,"lpg_primary":null,"ng_fill_type_code":null,"ng_psi":null,"ng_vehicle_class":null,"rd_blended_with_biodiesel":null,"rd_blends":null,"rd_blends_fr":null,"rd_max_biodiesel_level":null,"nps_unit_name":null,"access_days_time_fr":null,"intersection_directions_fr":null,"bd_blends_fr":null,"groups_with_access_code_fr":"Public","ev_pricing_fr":null}},{"type":"Feature","geometry":{"type":"Point","coordinates":[-77.024973,38.903543]},"properties":{"access_code":"public","access_days_time":null,"access_detail_code":null,"cards_accepted":null,"date_last_confirmed":"2024-07-01","expected_date":null,"fuel_type_code":"ELEC","groups_with_access_code":"Public","id":113674,"maximum_vehicle_class":null,"open_date":"2015-12-07","owner_type_code":"P","restricted_access":null,"status_code":"E","funding_sources":null,"facility_type":"HOTEL","station_name":"Marriott Marquis Washington D.C. - Tesla Destination","station_phone":"877-798-3752","updated_at":"2025-02-12T00:16:32Z","geocode_status":"200-9","city":"Washington","country":"US","intersection_directions":null,"plus4":null,"state":"DC","street_address":"901 Massachusetts Ave NW","zip":"20001","bd_blends":null,"cng_dispenser_num":null,"cng_fill_type_code":null,"cng_has_rng":null,"cng_psi":null,"cng_renewable_source":null,"cng_total_compression":null,"cng_total_storage":null,"cng_vehicle_class":null,"e85_blender_pump":null,"e85_other_ethanol_blends":null,"ev_connector_types":["J1772","TESLA"],"ev_dc_fast_num":null,"ev_level1_evse_num":null,"ev_level2_evse_num":3,"ev_network":"Tesla Destination","ev_network_web":"https://www.tesla.com/destination-charging","ev_other_evse":null,"ev_pricing":"Free","ev_renewable_source":null,"ev_workplace_charging":false,"hy_is_retail":null,"hy_pressures":null,"hy_standards":null,"hy_status_link":null,"lng_has_rng":null,"lng_renewable_source":null,"lng_vehicle_class":null,"lpg_nozzle_types":null,"lpg_primary":null,"ng_fill_type_code":null,"ng_psi":null,"ng_vehicle_class":null,"rd_blended_with_biodiesel":null,"rd_blends":null,"rd_blends_fr":null,"rd_max_biodiesel_level":null,"nps_unit_name":null,"access_days_time_fr":null,"intersection_directions_fr":null,"bd_blends_fr":null,"groups_with_access_code_fr":"Public","ev_pricing_fr":null}},{"type":"Feature","geometry":{"type":"Point","coordinates":[-77.036152,38.90213]},"properties":{"access_code":"public","access_days_time":null,"access_detail_code":null,"cards_accepted":null,"date_last_confirmed":"2024-07-01","expected_date":null,"fuel_type_code":"ELEC","groups_with_access_code":"Public","id":113675,"maximum_vehicle_class":null,"open_date":"2015-10-06","owner_type_code":"P","restricted_access":null,"status_code":"E","funding_sources":null,"facility_type":"HOTEL","station_name":"The St. Regis Washington D.C. - Tesla Destination","station_phone":"877-798-3752","updated_at":"2025-02-12T00:16:32Z","geocode_status":"200-9","city":"Washington","country":"US","intersection_directions":null,"plus4":null,"state":"DC","street_address":"923 16th St NW","zip":"20006","bd_blends":null,"cng_dispenser_num":null,"cng_fill_type_code":null,"cng_has_rng":null,"cng_psi":null,"cng_renewable_source":null,"cng_total_compression":null,"cng_total_storage":null,"cng_vehicle_class":null,"e85_blender_pump":null,"e85_other_ethanol_blends":null,"ev_connector_types":["TESLA"],"ev_dc_fast_num":null,"ev_level1_evse_num":null,"ev_level2_evse_num":1,"ev_network":"Tesla Destination","ev_network_web":"https://www.tesla.com/destination-charging","ev_other_evse":null,"ev_pricing":"Free","ev_renewable_source":null,"ev_workplace_charging":false,"hy_is_retail":null,"hy_pressures":null,"hy_standards":null,"hy_status_link":null,"lng_has_rng":null,"lng_renewable_source":null,"lng_vehicle_class":null,"lpg_nozzle_types":null,"lpg_primary":null,"ng_fill_type_code":null,"ng_psi":null,"ng_vehicle_class":null,"rd_blended_with_biodiesel":null,"rd_blends":null,"rd_blends_fr":null,"rd_max_biodiesel_level":null,"nps_unit_name":null,"access_days_time_fr":null,"intersection_directions_fr":null,"bd_blends_fr":null,"groups_with_access_code_fr":"Public","ev_pricing_fr":null}},{"type":"Feature","geometry":{"type":"Point","coordinates":[-77.034244,38.917066]},"properties":{"access_code":"public","access_days_time":"24 hours daily","access_detail_code":null,"cards_accepted":null,"date_last_confirmed":"2025-04-23","expected_date":null,"fuel_type_code":"ELEC","groups_with_access_code":"Public","id":117189,"maximum_vehicle_class":null,"open_date":"2019-01-19","owner_type_code":null,"restricted_access":null,"status_code":"E","funding_sources":null,"facility_type":null,"station_name":"DBA SONNET DBA SONNET","station_phone":"888-758-4389","updated_at":"2025-04-23T00:57:51Z","geocode_status":"GPS","city":"Washington","country":"US","intersection_directions":null,"plus4":null,"state":"DC","street_address":"1441 U St NW","zip":"20009","bd_blends":null,"cng_dispenser_num":null,"cng_fill_type_code":null,"cng_has_rng":null,"cng_psi":null,"cng_renewable_source":null,"cng_total_compression":null,"cng_total_storage":null,"cng_vehicle_class":null,"e85_blender_pump":null,"e85_other_ethanol_blends":null,"ev_connector_types":["J1772"],"ev_dc_fast_num":null,"ev_level1_evse_num":null,"ev_level2_evse_num":2,"ev_network":"ChargePoint Network","ev_network_web":"https://www.chargepoint.com","ev_other_evse":null,"ev_pricing":null,"ev_renewable_source":null,"ev_workplace_charging":false,"hy_is_retail":null,"hy_pressures":null,"hy_standards":null,"hy_status_link":null,"lng_has_rng":null,"lng_renewable_source":null,"lng_vehicle_class":null,"lpg_nozzle_types":null,"lpg_primary":null,"ng_fill_type_code":null,"ng_psi":null,"ng_vehicle_class":null,"rd_blended_with_biodiesel":null,"rd_blends":null,"rd_blends_fr":null,"rd_max_biodiesel_level":null,"nps_unit_name":null,"access_days_time_fr":null,"intersection_directions_fr":null,"bd_blends_fr":null,"groups_with_access_code_fr":"Public","ev_pricing_fr":null,"ev_network_ids":{"station":["USCPIL226550"],"posts":["14738591","14738601"]}}},{"type":"Feature","geometry":{"type":"Point","coordinates":[-77.034186,38.876402]},"properties":{"access_code":"private","access_days_time":"Fleet use only","access_detail_code":null,"cards_accepted":null,"date_last_confirmed":"2025-01-13","expected_date":null,"fuel_type_code":"ELEC","groups_with_access_code":"Private","id":118526,"maximum_vehicle_class":null,"open_date":"2019-03-15","owner_type_code":"FG","restricted_access":null,"status_code":"E","funding_sources":null,"facility_type":"NATL_PARK","station_name":"United States Park Police - District 1","station_phone":null,"updated_at":"2025-02-12T00:16:32Z","geocode_status":"200-9","city":"Washington","country":"US","intersection_directions":null,"plus4":null,"state":"DC","street_address":"1200 Ohio Dr DW","zip":"20242","bd_blends":null,"cng_dispenser_num":null,"cng_fill_type_code":null,"cng_has_rng":null,"cng_psi":null,"cng_renewable_source":null,"cng_total_compression":null,"cng_total_storage":null,"cng_vehicle_class":null,"e85_blender_pump":null,"e85_other_ethanol_blends":null,"ev_connector_types":["J1772"],"ev_dc_fast_num":null,"ev_level1_evse_num":null,"ev_level2_evse_num":4,"ev_network":"Non-Networked","ev_network_web":null,"ev_other_evse":null,"ev_pricing":null,"ev_renewable_source":null,"ev_workplace_charging":false,"hy_is_retail":null,"hy_pressures":null,"hy_standards":null,"hy_status_link":null,"lng_has_rng":null,"lng_renewable_source":null,"lng_vehicle_class":null,"lpg_nozzle_types":null,"lpg_primary":null,"ng_fill_type_code":null,"ng_psi":null,"ng_vehicle_class":null,"rd_blended_with_biodiesel":null,"rd_blends":null,"rd_blends_fr":null,"rd_max_biodiesel_level":null,"nps_unit_name":"National Capital Parks","access_days_time_fr":null,"intersection_directions_fr":null,"bd_blends_fr":null,"groups_with_access_code_fr":"Privé","ev_pricing_fr":null,"federal_agency":{"id":16,"code":"DOI","name":"Department of the Interior"}}},{"type":"Feature","geometry":{"type":"Point","coordinates":[-77.018682,38.843048]},"properties":{"access_code":"private","access_days_time":"Drivers must bring their own J1772 cordset for Level 1 charging","access_detail_code":"GOVERNMENT","cards_accepted":null,"date_last_confirmed":"2025-01-13","expected_date":null,"fuel_type_code":"ELEC","groups_with_access_code":"Private - Government only","id":122103,"maximum_vehicle_class":null,"open_date":"2019-02-01","owner_type_code":"FG","restricted_access":null,"status_code":"E","funding_sources":null,"facility_type":"FED_GOV","station_name":"JB Anacostia-Bolling","station_phone":null,"updated_at":"2025-02-12T00:16:32Z","geocode_status":"GPS","city":"Washington","country":"US","intersection_directions":null,"plus4":null,"state":"DC","street_address":"118 Brookley Ave","zip":"20032","bd_blends":null,"cng_dispenser_num":null,"cng_fill_type_code":null,"cng_has_rng":null,"cng_psi":null,"cng_renewable_source":null,"cng_total_compression":null,"cng_total_storage":null,"cng_vehicle_class":null,"e85_blender_pump":null,"e85_other_ethanol_blends":null,"ev_connector_types":["NEMA515"],"ev_dc_fast_num":null,"ev_level1_evse_num":3,"ev_level2_evse_num":null,"ev_network":"Non-Networked","ev_network_web":null,"ev_other_evse":null,"ev_pricing":null,"ev_renewable_source":null,"ev_workplace_charging":false,"hy_is_retail":null,"hy_pressures":null,"hy_standards":null,"hy_status_link":null,"lng_has_rng":null,"lng_renewable_source":null,"lng_vehicle_class":null,"lpg_nozzle_types":null,"lpg_primary":null,"ng_fill_type_code":null,"ng_psi":null,"ng_vehicle_class":null,"rd_blended_with_biodiesel":null,"rd_blends":null,"rd_blends_fr":null,"rd_max_biodiesel_level":null,"nps_unit_name":null,"access_days_time_fr":null,"intersection_directions_fr":null,"bd_blends_fr":null,"groups_with_access_code_fr":"Privé - Réservé au gouvernement","ev_pricing_fr":null,"federal_agency":{"id":14,"code":"DON","name":"Department of Navy"}}},{"type":"Feature","geometry":{"type":"Point","coordinates":[-77.018682,38.843048]},"properties":{"access_code":"private","access_days_time":null,"access_detail_code":"GOVERNMENT","cards_accepted":null,"date_last_confirmed":"2025-01-13","expected_date":null,"fuel_type_code":"ELEC","groups_with_access_code":"Private - Government only","id":122104,"maximum_vehicle_class":null,"open_date":"2019-02-01","owner_type_code":"FG","restricted_access":null,"status_code":"E","funding_sources":null,"facility_type":"FED_GOV","station_name":"JB Anacostia-Bolling","station_phone":null,"updated_at":"2025-02-12T00:16:32Z","geocode_status":"GPS","city":"Washington","country":"US","intersection_directions":null,"plus4":null,"state":"DC","street_address":"118 Brookley Ave","zip":"20032","bd_blends":null,"cng_dispenser_num":null,"cng_fill_type_code":null,"cng_has_rng":null,"cng_psi":null,"cng_renewable_source":null,"cng_total_compression":null,"cng_total_storage":null,"cng_vehicle_class":null,"e85_blender_pump":null,"e85_other_ethanol_blends":null,"ev_connector_types":["J1772"],"ev_dc_fast_num":null,"ev_level1_evse_num":null,"ev_level2_evse_num":16,"ev_network":"Non-Networked","ev_network_web":null,"ev_other_evse":null,"ev_pricing":null,"ev_renewable_source":null,"ev_workplace_charging":false,"hy_is_retail":null,"hy_pressures":null,"hy_standards":null,"hy_status_link":null,"lng_has_rng":null,"lng_renewable_source":null,"lng_vehicle_class":null,"lpg_nozzle_types":null,"lpg_primary":null,"ng_fill_type_code":null,"ng_psi":null,"ng_vehicle_class":null,"rd_blended_with_biodiesel":null,"rd_blends":null,"rd_blends_fr":null,"rd_max_biodiesel_level":null,"nps_unit_name":null,"access_days_time_fr":null,"intersection_directions_fr":null,"bd_blends_fr":null,"groups_with_access_code_fr":"Privé - Réservé au gouvernement","ev_pricing_fr":null,"federal_agency":{"id":14,"code":"DON","name":"Department of Navy"}}},{"type":"Feature","geometry":{"type":"Point","coordinates":[-76.992371,38.8743]},"properties":{"access_code":"private","access_days_time":"Fleet use only; Drivers must bring their own J1772 cordset for Level 1 charging","access_detail_code":null,"cards_accepted":null,"date_last_confirmed":"2025-01-13","expected_date":null,"fuel_type_code":"ELEC","groups_with_access_code":"Private","id":122105,"maximum_vehicle_class":null,"open_date":"2019-02-01","owner_type_code":"FG","restricted_access":null,"status_code":"E","funding_sources":null,"facility_type":"FED_GOV","station_name":"Naval Facilities Engineering Command - Washington Navy Yard - Building 386","station_phone":null,"updated_at":"2025-02-12T00:16:32Z","geocode_status":"GPS","city":"Washington","country":"US","intersection_directions":null,"plus4":null,"state":"DC","street_address":"601 M St SE","zip":"20003","bd_blends":null,"cng_dispenser_num":null,"cng_fill_type_code":null,"cng_has_rng":null,"cng_psi":null,"cng_renewable_source":null,"cng_total_compression":null,"cng_total_storage":null,"cng_vehicle_class":null,"e85_blender_pump":null,"e85_other_ethanol_blends":null,"ev_connector_types":["J1772","NEMA520"],"ev_dc_fast_num":null,"ev_level1_evse_num":2,"ev_level2_evse_num":2,"ev_network":"Non-Networked","ev_network_web":null,"ev_other_evse":null,"ev_pricing":null,"ev_renewable_source":null,"ev_workplace_charging":false,"hy_is_retail":null,"hy_pressures":null,"hy_standards":null,"hy_status_link":null,"lng_has_rng":null,"lng_renewable_source":null,"lng_vehicle_class":null,"lpg_nozzle_types":null,"lpg_primary":null,"ng_fill_type_code":null,"ng_psi":null,"ng_vehicle_class":null,"rd_blended_with_biodiesel":null,"rd_blends":null,"rd_blends_fr":null,"rd_max_biodiesel_level":null,"nps_unit_name":null,"access_days_time_fr":null,"intersection_directions_fr":null,"bd_blends_fr":null,"groups_with_access_code_fr":"Privé","ev_pricing_fr":null,"federal_agency":{"id":14,"code":"DON","name":"Department of Navy"}}},{"type":"Feature","geometry":{"type":"Point","coordinates":[-77.041954,38.903675]},"properties":{"access_code":"public","access_days_time":"24 hours daily","access_detail_code":null,"cards_accepted":null,"date_last_confirmed":"2025-04-23","expected_date":null,"fuel_type_code":"ELEC","groups_with_access_code":"Public","id":123243,"maximum_vehicle_class":null,"open_date":"2019-04-01","owner_type_code":null,"restricted_access":null,"status_code":"E","funding_sources":null,"facility_type":null,"station_name":"1801 K Street NW","station_phone":"866-816-7584","updated_at":"2025-04-23T03:11:49Z","geocode_status":"GPS","city":"Washington","country":"US","intersection_directions":null,"plus4":null,"state":"DC","street_address":"1801 K Street NW","zip":"20006","bd_blends":null,"cng_dispenser_num":null,"cng_fill_type_code":null,"cng_has_rng":null,"cng_psi":null,"cng_renewable_source":null,"cng_total_compression":null,"cng_total_storage":null,"cng_vehicle_class":null,"e85_blender_pump":null,"e85_other_ethanol_blends":null,"ev_connector_types":["J1772"],"ev_dc_fast_num":null,"ev_level1_evse_num":null,"ev_level2_evse_num":2,"ev_network":"EV Connect","ev_network_web":"https://www.evconnect.com","ev_other_evse":null,"ev_pricing":null,"ev_renewable_source":null,"ev_workplace_charging":false,"hy_is_retail":null,"hy_pressures":null,"hy_standards":null,"hy_status_link":null,"lng_has_rng":null,"lng_renewable_source":null,"lng_vehicle_class":null,"lpg_nozzle_types":null,"lpg_primary":null,"ng_fill_type_code":null,"ng_psi":null,"ng_vehicle_class":null,"rd_blended_with_biodiesel":null,"rd_blends":null,"rd_blends_fr":null,"rd_max_biodiesel_level":null,"nps_unit_name":null,"access_days_time_fr":null,"intersection_directions_fr":null,"bd_blends_fr":null,"groups_with_access_code_fr":"Public","ev_pricing_fr":null,"ev_network_ids":{"station":["9cfd54c6-f74c-4f19-8168-a6f04b9a6c51"],"posts":["63340367769d34776391e943","63340367769d34776391e944"]}}},{"type":"Feature","geometry":{"type":"Point","coordinates":[-76.992453,38.91654]},"properties":{"access_code":"private","access_days_time":"24 hours daily","access_detail_code":null,"cards_accepted":null,"date_last_confirmed":"2024-04-14","expected_date":null,"fuel_type_code":"ELEC","groups_with_access_code":"Private","id":123359,"maximum_vehicle_class":"LD","open_date":"2019-05-01","owner_type_code":"P","restricted_access":null,"status_code":"E","funding_sources":null,"facility_type":"OFFICE_BLDG","station_name":"Verizon - Washington","station_phone":null,"updated_at":"2025-02-12T00:16:32Z","geocode_status":"200-9","city":"Washington","country":"US","intersection_directions":null,"plus4":null,"state":"DC","street_address":"935 V St NE","zip":"20018","bd_blends":null,"cng_dispenser_num":null,"cng_fill_type_code":null,"cng_has_rng":null,"cng_psi":null,"cng_renewable_source":null,"cng_total_compression":null,"cng_total_storage":null,"cng_vehicle_class":null,"e85_blender_pump":null,"e85_other_ethanol_blends":null,"ev_connector_types":["J1772"],"ev_dc_fast_num":null,"ev_level1_evse_num":null,"ev_level2_evse_num":3,"ev_network":"Non-Networked","ev_network_web":null,"ev_other_evse":null,"ev_pricing":null,"ev_renewable_source":null,"ev_workplace_charging":true,"hy_is_retail":null,"hy_pressures":null,"hy_standards":null,"hy_status_link":null,"lng_has_rng":null,"lng_renewable_source":null,"lng_vehicle_class":null,"lpg_nozzle_types":null,"lpg_primary":null,"ng_fill_type_code":null,"ng_psi":null,"ng_vehicle_class":null,"rd_blended_with_biodiesel":null,"rd_blends":null,"rd_blends_fr":null,"rd_max_biodiesel_level":null,"nps_unit_name":null,"access_days_time_fr":null,"intersection_directions_fr":null,"bd_blends_fr":null,"groups_with_access_code_fr":"Privé","ev_pricing_fr":null}},{"type":"Feature","geometry":{"type":"Point","coordinates":[-77.025601,38.903059]},"properties":{"access_code":"public","access_days_time":null,"access_detail_code":null,"cards_accepted":null,"date_last_confirmed":"2024-07-01","expected_date":null,"fuel_type_code":"ELEC","groups_with_access_code":"Public","id":137150,"maximum_vehicle_class":null,"open_date":"2019-04-04","owner_type_code":"P","restricted_access":null,"status_code":"E","funding_sources":null,"facility_type":"PARKING_GARAGE","station_name":"901 K Street NW - Tesla Destination","station_phone":"877-798-3752","updated_at":"2025-02-12T00:16:32Z","geocode_status":"GPS","city":"Washington","country":"US","intersection_directions":null,"plus4":null,"state":"DC","street_address":"901 K St NW","zip":"20036","bd_blends":null,"cng_dispenser_num":null,"cng_fill_type_code":null,"cng_has_rng":null,"cng_psi":null,"cng_renewable_source":null,"cng_total_compression":null,"cng_total_storage":null,"cng_vehicle_class":null,"e85_blender_pump":null,"e85_other_ethanol_blends":null,"ev_connector_types":["TESLA"],"ev_dc_fast_num":null,"ev_level1_evse_num":null,"ev_level2_evse_num":2,"ev_network":"Tesla Destination","ev_network_web":"https://www.tesla.com/destination-charging","ev_other_evse":null,"ev_pricing":"Free","ev_renewable_source":null,"ev_workplace_charging":false,"hy_is_retail":null,"hy_pressures":null,"hy_standards":null,"hy_status_link":null,"lng_has_rng":null,"lng_renewable_source":null,"lng_vehicle_class":null,"lpg_nozzle_types":null,"lpg_primary":null,"ng_fill_type_code":null,"ng_psi":null,"ng_vehicle_class":null,"rd_blended_with_biodiesel":null,"rd_blends":null,"rd_blends_fr":null,"rd_max_biodiesel_level":null,"nps_unit_name":null,"access_days_time_fr":null,"intersection_directions_fr":null,"bd_blends_fr":null,"groups_with_access_code_fr":"Public","ev_pricing_fr":null}},{"type":"Feature","geometry":{"type":"Point","coordinates":[-77.049854,38.906273]},"properties":{"access_code":"public","access_days_time":null,"access_detail_code":null,"cards_accepted":null,"date_last_confirmed":"2024-07-01","expected_date":null,"fuel_type_code":"ELEC","groups_with_access_code":"Public","id":137167,"maximum_vehicle_class":null,"open_date":"2019-04-05","owner_type_code":"P","restricted_access":null,"status_code":"E","funding_sources":null,"facility_type":"PARKING_GARAGE","station_name":"1255 23rd St NW - Tesla Destination","station_phone":"877-798-3752","updated_at":"2025-02-12T00:16:32Z","geocode_status":"GPS","city":"Washington","country":"US","intersection_directions":null,"plus4":null,"state":"DC","street_address":"1255 23rd St NW","zip":"20037","bd_blends":null,"cng_dispenser_num":null,"cng_fill_type_code":null,"cng_has_rng":null,"cng_psi":null,"cng_renewable_source":null,"cng_total_compression":null,"cng_total_storage":null,"cng_vehicle_class":null,"e85_blender_pump":null,"e85_other_ethanol_blends":null,"ev_connector_types":["J1772","TESLA"],"ev_dc_fast_num":null,"ev_level1_evse_num":null,"ev_level2_evse_num":4,"ev_network":"Tesla Destination","ev_network_web":"https://www.tesla.com/destination-charging","ev_other_evse":null,"ev_pricing":"Free","ev_renewable_source":null,"ev_workplace_charging":false,"hy_is_retail":null,"hy_pressures":null,"hy_standards":null,"hy_status_link":null,"lng_has_rng":null,"lng_renewable_source":null,"lng_vehicle_class":null,"lpg_nozzle_types":null,"lpg_primary":null,"ng_fill_type_code":null,"ng_psi":null,"ng_vehicle_class":null,"rd_blended_with_biodiesel":null,"rd_blends":null,"rd_blends_fr":null,"rd_max_biodiesel_level":null,"nps_unit_name":null,"access_days_time_fr":null,"intersection_directions_fr":null,"bd_blends_fr":null,"groups_with_access_code_fr":"Public","ev_pricing_fr":null}},{"type":"Feature","geometry":{"type":"Point","coordinates":[-77.037481,38.904273]},"properties":{"access_code":"public","access_days_time":null,"access_detail_code":null,"cards_accepted":null,"date_last_confirmed":"2024-07-01","expected_date":null,"fuel_type_code":"ELEC","groups_with_access_code":"Public","id":137168,"maximum_vehicle_class":null,"open_date":"2019-04-25","owner_type_code":"P","restricted_access":null,"status_code":"E","funding_sources":null,"facility_type":"PARKING_GARAGE","station_name":"The Hub - Tesla Destination","station_phone":"877-798-3752","updated_at":"2025-02-12T00:16:32Z","geocode_status":"GPS","city":"Washington","country":"US","intersection_directions":null,"plus4":null,"state":"DC","street_address":"1615 L St NW","zip":"20036","bd_blends":null,"cng_dispenser_num":null,"cng_fill_type_code":null,"cng_has_rng":null,"cng_psi":null,"cng_renewable_source":null,"cng_total_compression":null,"cng_total_storage":null,"cng_vehicle_class":null,"e85_blender_pump":null,"e85_other_ethanol_blends":null,"ev_connector_types":["J1772","TESLA"],"ev_dc_fast_num":null,"ev_level1_evse_num":null,"ev_level2_evse_num":2,"ev_network":"Tesla Destination","ev_network_web":"https://www.tesla.com/destination-charging","ev_other_evse":null,"ev_pricing":"Free","ev_renewable_source":null,"ev_workplace_charging":false,"hy_is_retail":null,"hy_pressures":null,"hy_standards":null,"hy_status_link":null,"lng_has_rng":null,"lng_renewable_source":null,"lng_vehicle_class":null,"lpg_nozzle_types":null,"lpg_primary":null,"ng_fill_type_code":null,"ng_psi":null,"ng_vehicle_class":null,"rd_blended_with_biodiesel":null,"rd_blends":null,"rd_blends_fr":null,"rd_max_biodiesel_level":null,"nps_unit_name":null,"access_days_time_fr":null,"intersection_directions_fr":null,"bd_blends_fr":null,"groups_with_access_code_fr":"Public","ev_pricing_fr":null}},{"type":"Feature","geometry":{"type":"Point","coordinates":[-77.0828442,38.9348171]},"properties":{"access_code":"public","access_days_time":"24 hours daily","access_detail_code":null,"cards_accepted":null,"date_last_confirmed":"2025-04-22","expected_date":null,"fuel_type_code":"ELEC","groups_with_access_code":"Public","id":148362,"maximum_vehicle_class":null,"open_date":"2017-09-20","owner_type_code":null,"restricted_access":null,"status_code":"E","funding_sources":null,"facility_type":null,"station_name":"Foxhall East Inc.","station_phone":"888-998-2546","updated_at":"2025-04-23T00:00:08Z","geocode_status":"GPS","city":"Washington","country":"US","intersection_directions":null,"plus4":null,"state":"DC","street_address":"4200 Massachusetts Ave, NW","zip":"20016","bd_blends":null,"cng_dispenser_num":null,"cng_fill_type_code":null,"cng_has_rng":null,"cng_psi":null,"cng_renewable_source":null,"cng_total_compression":null,"cng_total_storage":null,"cng_vehicle_class":null,"e85_blender_pump":null,"e85_other_ethanol_blends":null,"ev_connector_types":["J1772"],"ev_dc_fast_num":null,"ev_level1_evse_num":null,"ev_level2_evse_num":2,"ev_network":"Blink Network","ev_network_web":"https://blinkcharging.com","ev_other_evse":null,"ev_pricing":"$1.00-$2.00/Hr Variable Parking Fee","ev_renewable_source":null,"ev_workplace_charging":false,"hy_is_retail":null,"hy_pressures":null,"hy_standards":null,"hy_status_link":null,"lng_has_rng":null,"lng_renewable_source":null,"lng_vehicle_class":null,"lpg_nozzle_types":null,"lpg_primary":null,"ng_fill_type_code":null,"ng_psi":null,"ng_vehicle_class":null,"rd_blended_with_biodiesel":null,"rd_blends":null,"rd_blends_fr":null,"rd_max_biodiesel_level":null,"nps_unit_name":null,"access_days_time_fr":null,"intersection_directions_fr":null,"bd_blends_fr":null,"groups_with_access_code_fr":"Public","ev_pricing_fr":null,"ev_network_ids":{"station":["d0e864cf-fb2a-3dbf-1307-c00000002158"],"posts":["5e0d45c1-eeec-4c24-ba1b-a60ad904d368","f3a34231-84e0-48ad-b137-10b5c77c2a5e"]}}},{"type":"Feature","geometry":{"type":"Point","coordinates":[-77.0706446,38.9192265]},"properties":{"access_code":"public","access_days_time":"24 hours daily","access_detail_code":null,"cards_accepted":null,"date_last_confirmed":"2025-04-23","expected_date":null,"fuel_type_code":"ELEC","groups_with_access_code":"Public","id":148372,"maximum_vehicle_class":null,"open_date":"2011-10-19","owner_type_code":null,"restricted_access":null,"status_code":"E","funding_sources":null,"facility_type":null,"station_name":"Lenkin Co 2201","station_phone":"888-998-2546","updated_at":"2025-04-23T00:10:34Z","geocode_status":"GPS","city":"Washington","country":"US","intersection_directions":null,"plus4":null,"state":"DC","street_address":"2201 Wisconsin Ave NW","zip":"20007","bd_blends":null,"cng_dispenser_num":null,"cng_fill_type_code":null,"cng_has_rng":null,"cng_psi":null,"cng_renewable_source":null,"cng_total_compression":null,"cng_total_storage":null,"cng_vehicle_class":null,"e85_blender_pump":null,"e85_other_ethanol_blends":null,"ev_connector_types":["J1772"],"ev_dc_fast_num":null,"ev_level1_evse_num":null,"ev_level2_evse_num":2,"ev_network":"Blink Network","ev_network_web":"https://blinkcharging.com","ev_other_evse":null,"ev_pricing":"$1.00/Hr Parking Fee","ev_renewable_source":null,"ev_workplace_charging":false,"hy_is_retail":null,"hy_pressures":null,"hy_standards":null,"hy_status_link":null,"lng_has_rng":null,"lng_renewable_source":null,"lng_vehicle_class":null,"lpg_nozzle_types":null,"lpg_primary":null,"ng_fill_type_code":null,"ng_psi":null,"ng_vehicle_class":null,"rd_blended_with_biodiesel":null,"rd_blends":null,"rd_blends_fr":null,"rd_max_biodiesel_level":null,"nps_unit_name":null,"access_days_time_fr":null,"intersection_directions_fr":null,"bd_blends_fr":null,"groups_with_access_code_fr":"Public","ev_pricing_fr":null,"ev_network_ids":{"station":["d0e864cf-fb2a-3dbf-1307-c00000000069"],"posts":["d9ac0aa1-4972-3e61-1307-300000001211","d9ac0aa1-4972-3e61-1307-300000079101"]}}},{"type":"Feature","geometry":{"type":"Point","coordinates":[-77.0323174,38.9163243]},"properties":{"access_code":"public","access_days_time":"24 hours daily","access_detail_code":null,"cards_accepted":null,"date_last_confirmed":"2025-04-23","expected_date":"2024-07-02","fuel_type_code":"ELEC","groups_with_access_code":"TEMPORARILY UNAVAILABLE (Public)","id":148379,"maximum_vehicle_class":null,"open_date":"2015-02-16","owner_type_code":null,"restricted_access":null,"status_code":"T","funding_sources":null,"facility_type":null,"station_name":"The Louis","station_phone":"888-998-2546","updated_at":"2025-04-23T00:15:25Z","geocode_status":"GPS","city":"Washington","country":"US","intersection_directions":null,"plus4":null,"state":"DC","street_address":"1920 14th Street NW","zip":"20009","bd_blends":null,"cng_dispenser_num":null,"cng_fill_type_code":null,"cng_has_rng":null,"cng_psi":null,"cng_renewable_source":null,"cng_total_compression":null,"cng_total_storage":null,"cng_vehicle_class":null,"e85_blender_pump":null,"e85_other_ethanol_blends":null,"ev_connector_types":["J1772"],"ev_dc_fast_num":null,"ev_level1_evse_num":null,"ev_level2_evse_num":1,"ev_network":"Blink Network","ev_network_web":"https://blinkcharging.com","ev_other_evse":null,"ev_pricing":"FREE","ev_renewable_source":null,"ev_workplace_charging":false,"hy_is_retail":null,"hy_pressures":null,"hy_standards":null,"hy_status_link":null,"lng_has_rng":null,"lng_renewable_source":null,"lng_vehicle_class":null,"lpg_nozzle_types":null,"lpg_primary":null,"ng_fill_type_code":null,"ng_psi":null,"ng_vehicle_class":null,"rd_blended_with_biodiesel":null,"rd_blends":null,"rd_blends_fr":null,"rd_max_biodiesel_level":null,"nps_unit_name":null,"access_days_time_fr":null,"intersection_directions_fr":null,"bd_blends_fr":null,"groups_with_access_code_fr":"TEMPORAIREMENT SUSPENDU (Public)","ev_pricing_fr":null,"ev_network_ids":{"station":["d0e864cf-fb2a-3dbf-1307-c00000001042"],"posts":["d9ac0aa1-4972-3e61-1307-300000022871"]}}},{"type":"Feature","geometry":{"type":"Point","coordinates":[-76.993693,38.9215664]},"properties":{"access_code":"public","access_days_time":"24 hours daily","access_detail_code":null,"cards_accepted":null,"date_last_confirmed":"2025-04-23","expected_date":"2024-07-02","fuel_type_code":"ELEC","groups_with_access_code":"TEMPORARILY UNAVAILABLE (Public)","id":148383,"maximum_vehicle_class":null,"open_date":"2011-10-25","owner_type_code":null,"restricted_access":null,"status_code":"T","funding_sources":null,"facility_type":null,"station_name":"Rhode Island Row","station_phone":"888-998-2546","updated_at":"2025-04-23T00:10:37Z","geocode_status":"GPS","city":"Washington","country":"US","intersection_directions":null,"plus4":null,"state":"DC","street_address":"2350 Washington Place, NE.","zip":"20018","bd_blends":null,"cng_dispenser_num":null,"cng_fill_type_code":null,"cng_has_rng":null,"cng_psi":null,"cng_renewable_source":null,"cng_total_compression":null,"cng_total_storage":null,"cng_vehicle_class":null,"e85_blender_pump":null,"e85_other_ethanol_blends":null,"ev_connector_types":["J1772"],"ev_dc_fast_num":null,"ev_level1_evse_num":null,"ev_level2_evse_num":3,"ev_network":"Blink Network","ev_network_web":"https://blinkcharging.com","ev_other_evse":null,"ev_pricing":"FREE","ev_renewable_source":null,"ev_workplace_charging":false,"hy_is_retail":null,"hy_pressures":null,"hy_standards":null,"hy_status_link":null,"lng_has_rng":null,"lng_renewable_source":null,"lng_vehicle_class":null,"lpg_nozzle_types":null,"lpg_primary":null,"ng_fill_type_code":null,"ng_psi":null,"ng_vehicle_class":null,"rd_blended_with_biodiesel":null,"rd_blends":null,"rd_blends_fr":null,"rd_max_biodiesel_level":null,"nps_unit_name":null,"access_days_time_fr":null,"intersection_directions_fr":null,"bd_blends_fr":null,"groups_with_access_code_fr":"TEMPORAIREMENT SUSPENDU (Public)","ev_pricing_fr":null,"ev_network_ids":{"station":["d0e864cf-fb2a-3dbf-1307-c00000000097"],"posts":["d9ac0aa1-4972-3e61-1307-300000001351","d9ac0aa1-4972-3e61-1307-300000009861","d9ac0aa1-4972-3e61-1307-300000009871"]}}},{"type":"Feature","geometry":{"type":"Point","coordinates":[-77.0380059,38.9081864]},"properties":{"access_code":"public","access_days_time":"24 hours daily","access_detail_code":null,"cards_accepted":null,"date_last_confirmed":"2025-04-23","expected_date":"2024-10-19","fuel_type_code":"ELEC","groups_with_access_code":"TEMPORARILY UNAVAILABLE (Public)","id":148384,"maximum_vehicle_class":null,"open_date":"2018-09-10","owner_type_code":null,"restricted_access":null,"status_code":"T","funding_sources":null,"facility_type":null,"station_name":"531707 Lenkin Co 1625","station_phone":"888-998-2546","updated_at":"2025-04-23T00:01:35Z","geocode_status":"GPS","city":"Washington","country":"US","intersection_directions":null,"plus4":null,"state":"DC","street_address":"1625 Massachusetts Avenue Northwest","zip":"20036","bd_blends":null,"cng_dispenser_num":null,"cng_fill_type_code":null,"cng_has_rng":null,"cng_psi":null,"cng_renewable_source":null,"cng_total_compression":null,"cng_total_storage":null,"cng_vehicle_class":null,"e85_blender_pump":null,"e85_other_ethanol_blends":null,"ev_connector_types":["J1772"],"ev_dc_fast_num":null,"ev_level1_evse_num":null,"ev_level2_evse_num":6,"ev_network":"Blink Network","ev_network_web":"https://blinkcharging.com","ev_other_evse":null,"ev_pricing":"$1.00/Hr Parking Fee","ev_renewable_source":null,"ev_workplace_charging":false,"hy_is_retail":null,"hy_pressures":null,"hy_standards":null,"hy_status_link":null,"lng_has_rng":null,"lng_renewable_source":null,"lng_vehicle_class":null,"lpg_nozzle_types":null,"lpg_primary":null,"ng_fill_type_code":null,"ng_psi":null,"ng_vehicle_class":null,"rd_blended_with_biodiesel":null,"rd_blends":null,"rd_blends_fr":null,"rd_max_biodiesel_level":null,"nps_unit_name":null,"access_days_time_fr":null,"intersection_directions_fr":null,"bd_blends_fr":null,"groups_with_access_code_fr":"TEMPORAIREMENT SUSPENDU (Public)","ev_pricing_fr":null,"ev_network_ids":{"station":["d0e864cf-fb2a-3dbf-1307-c00000002582"],"posts":["d9ac0aa1-4972-3e61-1307-300000072301","d9ac0aa1-4972-3e61-1307-300000072311","d9ac0aa1-4972-3e61-1307-300000072321","d9ac0aa1-4972-3e61-1307-300000072331","d9ac0aa1-4972-3e61-1307-300000072341","d9ac0aa1-4972-3e61-1307-300000072351"]}}},{"type":"Feature","geometry":{"type":"Point","coordinates":[-77.0423311,38.9068836]},"properties":{"access_code":"public","access_days_time":"24 hours daily","access_detail_code":null,"cards_accepted":null,"date_last_confirmed":"2025-04-23","expected_date":null,"fuel_type_code":"ELEC","groups_with_access_code":"Public","id":148385,"maximum_vehicle_class":null,"open_date":"2015-02-16","owner_type_code":null,"restricted_access":null,"status_code":"E","funding_sources":null,"facility_type":null,"station_name":"1250 Connecticut","station_phone":"888-998-2546","updated_at":"2025-04-23T00:15:43Z","geocode_status":"GPS","city":"Washington","country":"US","intersection_directions":null,"plus4":null,"state":"DC","street_address":"1250 Connecticut Avenue, NW","zip":"20036","bd_blends":null,"cng_dispenser_num":null,"cng_fill_type_code":null,"cng_has_rng":null,"cng_psi":null,"cng_renewable_source":null,"cng_total_compression":null,"cng_total_storage":null,"cng_vehicle_class":null,"e85_blender_pump":null,"e85_other_ethanol_blends":null,"ev_connector_types":["J1772"],"ev_dc_fast_num":null,"ev_level1_evse_num":null,"ev_level2_evse_num":2,"ev_network":"Blink Network","ev_network_web":"https://blinkcharging.com","ev_other_evse":null,"ev_pricing":"$0.00-$10.00/Hr Variable Parking Fee","ev_renewable_source":null,"ev_workplace_charging":false,"hy_is_retail":null,"hy_pressures":null,"hy_standards":null,"hy_status_link":null,"lng_has_rng":null,"lng_renewable_source":null,"lng_vehicle_class":null,"lpg_nozzle_types":null,"lpg_primary":null,"ng_fill_type_code":null,"ng_psi":null,"ng_vehicle_class":null,"rd_blended_with_biodiesel":null,"rd_blends":null,"rd_blends_fr":null,"rd_max_biodiesel_level":null,"nps_unit_name":null,"access_days_time_fr":null,"intersection_directions_fr":null,"bd_blends_fr":null,"groups_with_access_code_fr":"Public","ev_pricing_fr":null,"ev_network_ids":{"station":["d0e864cf-fb2a-3dbf-1307-c00000001352"],"posts":["d9ac0aa1-4972-3e61-1307-300000022861","d9ac0aa1-4972-3e61-1307-300000177941"]}}},{"type":"Feature","geometry":{"type":"Point","coordinates":[-77.0430436,38.9066664]},"properties":{"access_code":"public","access_days_time":"24 hours daily","access_detail_code":null,"cards_accepted":null,"date_last_confirmed":"2025-04-23","expected_date":null,"fuel_type_code":"ELEC","groups_with_access_code":"Public","id":148386,"maximum_vehicle_class":null,"open_date":"2019-02-06","owner_type_code":null,"restricted_access":null,"status_code":"E","funding_sources":null,"facility_type":null,"station_name":"531713  The Jefferson Building","station_phone":"888-998-2546","updated_at":"2025-04-23T00:04:06Z","geocode_status":"GPS","city":"Washington","country":"US","intersection_directions":null,"plus4":null,"state":"DC","street_address":"1225 19th Street Northwest","zip":"20036","bd_blends":null,"cng_dispenser_num":null,"cng_fill_type_code":null,"cng_has_rng":null,"cng_psi":null,"cng_renewable_source":null,"cng_total_compression":null,"cng_total_storage":null,"cng_vehicle_class":null,"e85_blender_pump":null,"e85_other_ethanol_blends":null,"ev_connector_types":["J1772"],"ev_dc_fast_num":null,"ev_level1_evse_num":null,"ev_level2_evse_num":4,"ev_network":"Blink Network","ev_network_web":"https://blinkcharging.com","ev_other_evse":null,"ev_pricing":"$0.15/kWh Energy Fee","ev_renewable_source":null,"ev_workplace_charging":false,"hy_is_retail":null,"hy_pressures":null,"hy_standards":null,"hy_status_link":null,"lng_has_rng":null,"lng_renewable_source":null,"lng_vehicle_class":null,"lpg_nozzle_types":null,"lpg_primary":null,"ng_fill_type_code":null,"ng_psi":null,"ng_vehicle_class":null,"rd_blended_with_biodiesel":null,"rd_blends":null,"rd_blends_fr":null,"rd_max_biodiesel_level":null,"nps_unit_name":null,"access_days_time_fr":null,"intersection_directions_fr":null,"bd_blends_fr":null,"groups_with_access_code_fr":"Public","ev_pricing_fr":null,"ev_network_ids":{"station":["d0e864cf-fb2a-3dbf-1307-c00000002892"],"posts":["d9ac0aa1-4972-3e61-1307-300000084561","d9ac0aa1-4972-3e61-1307-300000084571","d9ac0aa1-4972-3e61-1307-300000084581","d9ac0aa1-4972-3e61-1307-300000084591"]}}},{"type":"Feature","geometry":{"type":"Point","coordinates":[-77.0438477,38.9060995]},"properties":{"access_code":"public","access_days_time":"24 hours daily","access_detail_code":null,"cards_accepted":null,"date_last_confirmed":"2025-04-23","expected_date":null,"fuel_type_code":"ELEC","groups_with_access_code":"Public","id":148387,"maximum_vehicle_class":null,"open_date":"2016-12-21","owner_type_code":null,"restricted_access":null,"status_code":"E","funding_sources":null,"facility_type":null,"station_name":"Hines - 1200 Nineteenth Street NW","station_phone":"888-998-2546","updated_at":"2025-04-23T00:17:54Z","geocode_status":"GPS","city":"Washington","country":"US","intersection_directions":null,"plus4":null,"state":"DC","street_address":"1200 19th Street NW Suite 260","zip":"20036","bd_blends":null,"cng_dispenser_num":null,"cng_fill_type_code":null,"cng_has_rng":null,"cng_psi":null,"cng_renewable_source":null,"cng_total_compression":null,"cng_total_storage":null,"cng_vehicle_class":null,"e85_blender_pump":null,"e85_other_ethanol_blends":null,"ev_connector_types":["J1772"],"ev_dc_fast_num":null,"ev_level1_evse_num":null,"ev_level2_evse_num":4,"ev_network":"Blink Network","ev_network_web":"https://blinkcharging.com","ev_other_evse":null,"ev_pricing":"$1.00/Hr Parking Fee","ev_renewable_source":null,"ev_workplace_charging":false,"hy_is_retail":null,"hy_pressures":null,"hy_standards":null,"hy_status_link":null,"lng_has_rng":null,"lng_renewable_source":null,"lng_vehicle_class":null,"lpg_nozzle_types":null,"lpg_primary":null,"ng_fill_type_code":null,"ng_psi":null,"ng_vehicle_class":null,"rd_blended_with_biodiesel":null,"rd_blends":null,"rd_blends_fr":null,"rd_max_biodiesel_level":null,"nps_unit_name":null,"access_days_time_fr":null,"intersection_directions_fr":null,"bd_blends_fr":null,"groups_with_access_code_fr":"Public","ev_pricing_fr":null,"ev_network_ids":{"station":["d0e864cf-fb2a-3dbf-1307-c00000001633"],"posts":["d9ac0aa1-4972-3e61-1307-300000183761","d9ac0aa1-4972-3e61-1307-300000183771","d9ac0aa1-4972-3e61-1307-300000183781","d9ac0aa1-4972-3e61-1307-300000183791"]}}},{"type":"Feature","geometry":{"type":"Point","coordinates":[-77.0347353,38.9079994]},"properties":{"access_code":"public","access_days_time":"24 hours daily","access_detail_code":null,"cards_accepted":null,"date_last_confirmed":"2025-04-23","expected_date":null,"fuel_type_code":"ELEC","groups_with_access_code":"Public","id":148389,"maximum_vehicle_class":null,"open_date":"2012-08-29","owner_type_code":null,"restricted_access":null,"status_code":"E","funding_sources":null,"facility_type":null,"station_name":"Holiday Inn Washington DC-Central/White House","station_phone":"888-998-2546","updated_at":"2025-04-23T00:11:44Z","geocode_status":"GPS","city":"Washington","country":"US","intersection_directions":null,"plus4":null,"state":"DC","street_address":"1501 Rhode Island Avenue NW","zip":"20005","bd_blends":null,"cng_dispenser_num":null,"cng_fill_type_code":null,"cng_has_rng":null,"cng_psi":null,"cng_renewable_source":null,"cng_total_compression":null,"cng_total_storage":null,"cng_vehicle_class":null,"e85_blender_pump":null,"e85_other_ethanol_blends":null,"ev_connector_types":["J1772"],"ev_dc_fast_num":null,"ev_level1_evse_num":null,"ev_level2_evse_num":1,"ev_network":"Blink Network","ev_network_web":"https://blinkcharging.com","ev_other_evse":null,"ev_pricing":"$2.00/Hr Parking Fee","ev_renewable_source":null,"ev_workplace_charging":false,"hy_is_retail":null,"hy_pressures":null,"hy_standards":null,"hy_status_link":null,"lng_has_rng":null,"lng_renewable_source":null,"lng_vehicle_class":null,"lpg_nozzle_types":null,"lpg_primary":null,"ng_fill_type_code":null,"ng_psi":null,"ng_vehicle_class":null,"rd_blended_with_biodiesel":null,"rd_blends":null,"rd_blends_fr":null,"rd_max_biodiesel_level":null,"nps_unit_name":null,"access_days_time_fr":null,"intersection_directions_fr":null,"bd_blends_fr":null,"groups_with_access_code_fr":"Public","ev_pricing_fr":null,"ev_network_ids":{"station":["d0e864cf-fb2a-3dbf-1307-c00000000330"],"posts":["d9ac0aa1-4972-3e61-1307-300000159111"]}}},{"type":"Feature","geometry":{"type":"Point","coordinates":[-77.0387055,38.9057498]},"properties":{"access_code":"public","access_days_time":"24 hours daily","access_detail_code":null,"cards_accepted":null,"date_last_confirmed":"2025-04-23","expected_date":null,"fuel_type_code":"ELEC","groups_with_access_code":"Public","id":148393,"maximum_vehicle_class":null,"open_date":"2014-11-05","owner_type_code":null,"restricted_access":null,"status_code":"E","funding_sources":null,"facility_type":null,"station_name":"1200 17th Street NW","station_phone":"888-998-2546","updated_at":"2025-04-23T00:14:29Z","geocode_status":"GPS","city":"Washington","country":"US","intersection_directions":null,"plus4":null,"state":"DC","street_address":"1200 17th Street, NW","zip":"20036","bd_blends":null,"cng_dispenser_num":null,"cng_fill_type_code":null,"cng_has_rng":null,"cng_psi":null,"cng_renewable_source":null,"cng_total_compression":null,"cng_total_storage":null,"cng_vehicle_class":null,"e85_blender_pump":null,"e85_other_ethanol_blends":null,"ev_connector_types":["J1772"],"ev_dc_fast_num":null,"ev_level1_evse_num":null,"ev_level2_evse_num":5,"ev_network":"Blink Network","ev_network_web":"https://blinkcharging.com","ev_other_evse":null,"ev_pricing":"FREE","ev_renewable_source":null,"ev_workplace_charging":false,"hy_is_retail":null,"hy_pressures":null,"hy_standards":null,"hy_status_link":null,"lng_has_rng":null,"lng_renewable_source":null,"lng_vehicle_class":null,"lpg_nozzle_types":null,"lpg_primary":null,"ng_fill_type_code":null,"ng_psi":null,"ng_vehicle_class":null,"rd_blended_with_biodiesel":null,"rd_blends":null,"rd_blends_fr":null,"rd_max_biodiesel_level":null,"nps_unit_name":null,"access_days_time_fr":null,"intersection_directions_fr":null,"bd_blends_fr":null,"groups_with_access_code_fr":"Public","ev_pricing_fr":null,"ev_network_ids":{"station":["d0e864cf-fb2a-3dbf-1307-c00000000889"],"posts":["5df7ea1d-8b2b-4a81-8e4b-4d821fbc1048","838dbe7f-aabc-484a-8b37-18213280facf","d8a42c36-ae3c-4285-bbb5-594cdfe57c57","d9ac0aa1-4972-3e61-1307-300000178961","d9ac0aa1-4972-3e61-1307-300000178971"]}}},{"type":"Feature","geometry":{"type":"Point","coordinates":[-77.044477,38.903492]},"properties":{"access_code":"public","access_days_time":"24 hours daily","access_detail_code":null,"cards_accepted":null,"date_last_confirmed":"2025-04-23","expected_date":null,"fuel_type_code":"ELEC","groups_with_access_code":"Public","id":148394,"maximum_vehicle_class":null,"open_date":"2013-11-01","owner_type_code":null,"restricted_access":null,"status_code":"E","funding_sources":null,"facility_type":null,"station_name":"1920 L Street","station_phone":"888-998-2546","updated_at":"2025-04-23T00:11:47Z","geocode_status":"GPS","city":"Washington","country":"US","intersection_directions":null,"plus4":null,"state":"DC","street_address":"1920 L Street NW","zip":"20036","bd_blends":null,"cng_dispenser_num":null,"cng_fill_type_code":null,"cng_has_rng":null,"cng_psi":null,"cng_renewable_source":null,"cng_total_compression":null,"cng_total_storage":null,"cng_vehicle_class":null,"e85_blender_pump":null,"e85_other_ethanol_blends":null,"ev_connector_types":["J1772"],"ev_dc_fast_num":null,"ev_level1_evse_num":null,"ev_level2_evse_num":1,"ev_network":"Blink Network","ev_network_web":"https://blinkcharging.com","ev_other_evse":null,"ev_pricing":"$1.50/Hr Parking Fee","ev_renewable_source":null,"ev_workplace_charging":false,"hy_is_retail":null,"hy_pressures":null,"hy_standards":null,"hy_status_link":null,"lng_has_rng":null,"lng_renewable_source":null,"lng_vehicle_class":null,"lpg_nozzle_types":null,"lpg_primary":null,"ng_fill_type_code":null,"ng_psi":null,"ng_vehicle_class":null,"rd_blended_with_biodiesel":null,"rd_blends":null,"rd_blends_fr":null,"rd_max_biodiesel_level":null,"nps_unit_name":null,"access_days_time_fr":null,"intersection_directions_fr":null,"bd_blends_fr":null,"groups_with_access_code_fr":"Public","ev_pricing_fr":null,"ev_network_ids":{"station":["d0e864cf-fb2a-3dbf-1307-c00000000358"],"posts":["d9ac0aa1-4972-3e61-1307-300000163621"]}}},{"type":"Feature","geometry":{"type":"Point","coordinates":[-77.043903,38.903492]},"properties":{"access_code":"public","access_days_time":"24 hours daily","access_detail_code":null,"cards_accepted":null,"date_last_confirmed":"2025-04-23","expected_date":null,"fuel_type_code":"ELEC","groups_with_access_code":"Public","id":148395,"maximum_vehicle_class":null,"open_date":"2013-11-01","owner_type_code":null,"restricted_access":null,"status_code":"E","funding_sources":null,"facility_type":null,"station_name":"1900 L Street","station_phone":"888-998-2546","updated_at":"2025-04-23T00:11:47Z","geocode_status":"GPS","city":"Washington","country":"US","intersection_directions":null,"plus4":null,"state":"DC","street_address":"1900 L Street NW","zip":"20036","bd_blends":null,"cng_dispenser_num":null,"cng_fill_type_code":null,"cng_has_rng":null,"cng_psi":null,"cng_renewable_source":null,"cng_total_compression":null,"cng_total_storage":null,"cng_vehicle_class":null,"e85_blender_pump":null,"e85_other_ethanol_blends":null,"ev_connector_types":["J1772"],"ev_dc_fast_num":null,"ev_level1_evse_num":null,"ev_level2_evse_num":1,"ev_network":"Blink Network","ev_network_web":"https://blinkcharging.com","ev_other_evse":null,"ev_pricing":"$1.50/Hr Parking Fee","ev_renewable_source":null,"ev_workplace_charging":false,"hy_is_retail":null,"hy_pressures":null,"hy_standards":null,"hy_status_link":null,"lng_has_rng":null,"lng_renewable_source":null,"lng_vehicle_class":null,"lpg_nozzle_types":null,"lpg_primary":null,"ng_fill_type_code":null,"ng_psi":null,"ng_vehicle_class":null,"rd_blended_with_biodiesel":null,"rd_blends":null,"rd_blends_fr":null,"rd_max_biodiesel_level":null,"nps_unit_name":null,"access_days_time_fr":null,"intersection_directions_fr":null,"bd_blends_fr":null,"groups_with_access_code_fr":"Public","ev_pricing_fr":null,"ev_network_ids":{"station":["d0e864cf-fb2a-3dbf-1307-c00000000357"],"posts":["d9ac0aa1-4972-3e61-1307-300000189391"]}}},{"type":"Feature","geometry":{"type":"Point","coordinates":[-77.043825,38.903147]},"properties":{"access_code":"public","access_days_time":"24 hours daily","access_detail_code":null,"cards_accepted":null,"date_last_confirmed":"2025-04-23","expected_date":null,"fuel_type_code":"ELEC","groups_with_access_code":"Public","id":148398,"maximum_vehicle_class":null,"open_date":"2016-10-28","owner_type_code":null,"restricted_access":null,"status_code":"E","funding_sources":null,"facility_type":null,"station_name":"1020 19th Street","station_phone":"888-998-2546","updated_at":"2025-04-23T00:11:47Z","geocode_status":"GPS","city":"Washington","country":"US","intersection_directions":null,"plus4":null,"state":"DC","street_address":"1020 19th Street NW","zip":"20036","bd_blends":null,"cng_dispenser_num":null,"cng_fill_type_code":null,"cng_has_rng":null,"cng_psi":null,"cng_renewable_source":null,"cng_total_compression":null,"cng_total_storage":null,"cng_vehicle_class":null,"e85_blender_pump":null,"e85_other_ethanol_blends":null,"ev_connector_types":["J1772"],"ev_dc_fast_num":null,"ev_level1_evse_num":null,"ev_level2_evse_num":1,"ev_network":"Blink Network","ev_network_web":"https://blinkcharging.com","ev_other_evse":null,"ev_pricing":"$1.50/Hr Parking Fee","ev_renewable_source":null,"ev_workplace_charging":false,"hy_is_retail":null,"hy_pressures":null,"hy_standards":null,"hy_status_link":null,"lng_has_rng":null,"lng_renewable_source":null,"lng_vehicle_class":null,"lpg_nozzle_types":null,"lpg_primary":null,"ng_fill_type_code":null,"ng_psi":null,"ng_vehicle_class":null,"rd_blended_with_biodiesel":null,"rd_blends":null,"rd_blends_fr":null,"rd_max_biodiesel_level":null,"nps_unit_name":null,"access_days_time_fr":null,"intersection_directions_fr":null,"bd_blends_fr":null,"groups_with_access_code_fr":"Public","ev_pricing_fr":null,"ev_network_ids":{"station":["d0e864cf-fb2a-3dbf-1307-c00000000360"],"posts":["d9ac0aa1-4972-3e61-1307-300000189551"]}}},{"type":"Feature","geometry":{"type":"Point","coordinates":[-77.0405507,38.9039725]},"properties":{"access_code":"public","access_days_time":"24 hours daily","access_detail_code":null,"cards_accepted":null,"date_last_confirmed":"2025-04-23","expected_date":null,"fuel_type_code":"ELEC","groups_with_access_code":"Public","id":148399,"maximum_vehicle_class":null,"open_date":"2019-06-03","owner_type_code":null,"restricted_access":null,"status_code":"E","funding_sources":null,"facility_type":null,"station_name":"Eleven Hundred Connecticut Avenue","station_phone":"888-998-2546","updated_at":"2025-04-23T00:06:44Z","geocode_status":"GPS","city":"Washington","country":"US","intersection_directions":null,"plus4":null,"state":"DC","street_address":"1100 Connecticut Avenue Northwest","zip":"20036","bd_blends":null,"cng_dispenser_num":null,"cng_fill_type_code":null,"cng_has_rng":null,"cng_psi":null,"cng_renewable_source":null,"cng_total_compression":null,"cng_total_storage":null,"cng_vehicle_class":null,"e85_blender_pump":null,"e85_other_ethanol_blends":null,"ev_connector_types":["J1772"],"ev_dc_fast_num":null,"ev_level1_evse_num":null,"ev_level2_evse_num":2,"ev_network":"Blink Network","ev_network_web":"https://blinkcharging.com","ev_other_evse":null,"ev_pricing":"$1.00/Hr Parking Fee","ev_renewable_source":null,"ev_workplace_charging":false,"hy_is_retail":null,"hy_pressures":null,"hy_standards":null,"hy_status_link":null,"lng_has_rng":null,"lng_renewable_source":null,"lng_vehicle_class":null,"lpg_nozzle_types":null,"lpg_primary":null,"ng_fill_type_code":null,"ng_psi":null,"ng_vehicle_class":null,"rd_blended_with_biodiesel":null,"rd_blends":null,"rd_blends_fr":null,"rd_max_biodiesel_level":null,"nps_unit_name":null,"access_days_time_fr":null,"intersection_directions_fr":null,"bd_blends_fr":null,"groups_with_access_code_fr":"Public","ev_pricing_fr":null,"ev_network_ids":{"station":["d0e864cf-fb2a-3dbf-1307-c00000003293"],"posts":["d9ac0aa1-4972-3e61-1307-300000092761","d9ac0aa1-4972-3e61-1307-300000092771"]}}},{"type":"Feature","geometry":{"type":"Point","coordinates":[-77.0381339,38.9030183]},"properties":{"access_code":"public","access_days_time":"24 hours daily","access_detail_code":null,"cards_accepted":null,"date_last_confirmed":"2025-04-23","expected_date":null,"fuel_type_code":"ELEC","groups_with_access_code":"Public","id":148401,"maximum_vehicle_class":null,"open_date":"2018-07-17","owner_type_code":null,"restricted_access":null,"status_code":"E","funding_sources":null,"facility_type":null,"station_name":"531706  1667 K Street, NW","station_phone":"888-998-2546","updated_at":"2025-04-23T00:02:46Z","geocode_status":"GPS","city":"Washington","country":"US","intersection_directions":null,"plus4":null,"state":"DC","street_address":"1667 K Street Northwest","zip":"20006","bd_blends":null,"cng_dispenser_num":null,"cng_fill_type_code":null,"cng_has_rng":null,"cng_psi":null,"cng_renewable_source":null,"cng_total_compression":null,"cng_total_storage":null,"cng_vehicle_class":null,"e85_blender_pump":null,"e85_other_ethanol_blends":null,"ev_connector_types":["J1772"],"ev_dc_fast_num":null,"ev_level1_evse_num":null,"ev_level2_evse_num":4,"ev_network":"Blink Network","ev_network_web":"https://blinkcharging.com","ev_other_evse":null,"ev_pricing":"$0.00-$10.00/Hr Variable Parking Fee","ev_renewable_source":null,"ev_workplace_charging":false,"hy_is_retail":null,"hy_pressures":null,"hy_standards":null,"hy_status_link":null,"lng_has_rng":null,"lng_renewable_source":null,"lng_vehicle_class":null,"lpg_nozzle_types":null,"lpg_primary":null,"ng_fill_type_code":null,"ng_psi":null,"ng_vehicle_class":null,"rd_blended_with_biodiesel":null,"rd_blends":null,"rd_blends_fr":null,"rd_max_biodiesel_level":null,"nps_unit_name":null,"access_days_time_fr":null,"intersection_directions_fr":null,"bd_blends_fr":null,"groups_with_access_code_fr":"Public","ev_pricing_fr":null,"ev_network_ids":{"station":["d0e864cf-fb2a-3dbf-1307-c00000002673"],"posts":["d9ac0aa1-4972-3e61-1307-300000069011","d9ac0aa1-4972-3e61-1307-300000069021","d9ac0aa1-4972-3e61-1307-300000069031","d9ac0aa1-4972-3e61-1307-300000069041"]}}},{"type":"Feature","geometry":{"type":"Point","coordinates":[-77.0309368,38.897643]},"properties":{"access_code":"public","access_days_time":"24 hours daily","access_detail_code":null,"cards_accepted":null,"date_last_confirmed":"2025-04-23","expected_date":null,"fuel_type_code":"ELEC","groups_with_access_code":"Public","id":148417,"maximum_vehicle_class":null,"open_date":"2016-04-04","owner_type_code":null,"restricted_access":null,"status_code":"E","funding_sources":null,"facility_type":null,"station_name":"531705  1331 F Street, NW","station_phone":"888-998-2546","updated_at":"2025-04-23T00:02:45Z","geocode_status":"GPS","city":"Washington","country":"US","intersection_directions":null,"plus4":null,"state":"DC","street_address":"1331 F Street Northwest","zip":"20004","bd_blends":null,"cng_dispenser_num":null,"cng_fill_type_code":null,"cng_has_rng":null,"cng_psi":null,"cng_renewable_source":null,"cng_total_compression":null,"cng_total_storage":null,"cng_vehicle_class":null,"e85_blender_pump":null,"e85_other_ethanol_blends":null,"ev_connector_types":["J1772"],"ev_dc_fast_num":null,"ev_level1_evse_num":null,"ev_level2_evse_num":4,"ev_network":"Blink Network","ev_network_web":"https://blinkcharging.com","ev_other_evse":null,"ev_pricing":"$0.00-$10.00/Hr Variable Parking Fee","ev_renewable_source":null,"ev_workplace_charging":false,"hy_is_retail":null,"hy_pressures":null,"hy_standards":null,"hy_status_link":null,"lng_has_rng":null,"lng_renewable_source":null,"lng_vehicle_class":null,"lpg_nozzle_types":null,"lpg_primary":null,"ng_fill_type_code":null,"ng_psi":null,"ng_vehicle_class":null,"rd_blended_with_biodiesel":null,"rd_blends":null,"rd_blends_fr":null,"rd_max_biodiesel_level":null,"nps_unit_name":null,"access_days_time_fr":null,"intersection_directions_fr":null,"bd_blends_fr":null,"groups_with_access_code_fr":"Public","ev_pricing_fr":null,"ev_network_ids":{"station":["d0e864cf-fb2a-3dbf-1307-c00000002672"],"posts":["d9ac0aa1-4972-3e61-1307-300000033831","d9ac0aa1-4972-3e61-1307-300000068971","d9ac0aa1-4972-3e61-1307-300000068981","d9ac0aa1-4972-3e61-1307-300000069001"]}}},{"type":"Feature","geometry":{"type":"Point","coordinates":[-77.0071072,38.8998373]},"properties":{"access_code":"public","access_days_time":"24 hours daily","access_detail_code":null,"cards_accepted":null,"date_last_confirmed":"2025-04-23","expected_date":null,"fuel_type_code":"ELEC","groups_with_access_code":"Public","id":148424,"maximum_vehicle_class":null,"open_date":"2015-03-05","owner_type_code":null,"restricted_access":null,"status_code":"E","funding_sources":null,"facility_type":null,"station_name":"10 G Street, NE","station_phone":"888-998-2546","updated_at":"2025-04-23T00:13:21Z","geocode_status":"GPS","city":"Washington","country":"US","intersection_directions":null,"plus4":null,"state":"DC","street_address":"10 G St, NE","zip":"20002","bd_blends":null,"cng_dispenser_num":null,"cng_fill_type_code":null,"cng_has_rng":null,"cng_psi":null,"cng_renewable_source":null,"cng_total_compression":null,"cng_total_storage":null,"cng_vehicle_class":null,"e85_blender_pump":null,"e85_other_ethanol_blends":null,"ev_connector_types":["J1772"],"ev_dc_fast_num":null,"ev_level1_evse_num":null,"ev_level2_evse_num":1,"ev_network":"Blink Network","ev_network_web":"https://blinkcharging.com","ev_other_evse":null,"ev_pricing":"$0.00-$5.00/Hr Variable Parking Fee","ev_renewable_source":null,"ev_workplace_charging":false,"hy_is_retail":null,"hy_pressures":null,"hy_standards":null,"hy_status_link":null,"lng_has_rng":null,"lng_renewable_source":null,"lng_vehicle_class":null,"lpg_nozzle_types":null,"lpg_primary":null,"ng_fill_type_code":null,"ng_psi":null,"ng_vehicle_class":null,"rd_blended_with_biodiesel":null,"rd_blends":null,"rd_blends_fr":null,"rd_max_biodiesel_level":null,"nps_unit_name":null,"access_days_time_fr":null,"intersection_directions_fr":null,"bd_blends_fr":null,"groups_with_access_code_fr":"Public","ev_pricing_fr":null,"ev_network_ids":{"station":["d0e864cf-fb2a-3dbf-1307-c00000000997"],"posts":["d9ac0aa1-4972-3e61-1307-300000194171"]}}},{"type":"Feature","geometry":{"type":"Point","coordinates":[-77.0071072,38.8998373]},"properties":{"access_code":"public","access_days_time":"24 hours daily","access_detail_code":null,"cards_accepted":null,"date_last_confirmed":"2025-04-23","expected_date":"2024-08-25","fuel_type_code":"ELEC","groups_with_access_code":"TEMPORARILY UNAVAILABLE (Public)","id":148425,"maximum_vehicle_class":null,"open_date":"2015-03-20","owner_type_code":null,"restricted_access":null,"status_code":"T","funding_sources":null,"facility_type":null,"station_name":"APA 750 First St, NE","station_phone":"888-998-2546","updated_at":"2025-04-23T00:15:22Z","geocode_status":"GPS","city":"Washington","country":"US","intersection_directions":null,"plus4":null,"state":"DC","street_address":"750 First St, NE","zip":"20002","bd_blends":null,"cng_dispenser_num":null,"cng_fill_type_code":null,"cng_has_rng":null,"cng_psi":null,"cng_renewable_source":null,"cng_total_compression":null,"cng_total_storage":null,"cng_vehicle_class":null,"e85_blender_pump":null,"e85_other_ethanol_blends":null,"ev_connector_types":["J1772"],"ev_dc_fast_num":null,"ev_level1_evse_num":null,"ev_level2_evse_num":1,"ev_network":"Blink Network","ev_network_web":"https://blinkcharging.com","ev_other_evse":null,"ev_pricing":"$0.00-$5.00/Hr Variable Parking Fee","ev_renewable_source":null,"ev_workplace_charging":false,"hy_is_retail":null,"hy_pressures":null,"hy_standards":null,"hy_status_link":null,"lng_has_rng":null,"lng_renewable_source":null,"lng_vehicle_class":null,"lpg_nozzle_types":null,"lpg_primary":null,"ng_fill_type_code":null,"ng_psi":null,"ng_vehicle_class":null,"rd_blended_with_biodiesel":null,"rd_blends":null,"rd_blends_fr":null,"rd_max_biodiesel_level":null,"nps_unit_name":null,"access_days_time_fr":null,"intersection_directions_fr":null,"bd_blends_fr":null,"groups_with_access_code_fr":"TEMPORAIREMENT SUSPENDU (Public)","ev_pricing_fr":null,"ev_network_ids":{"station":["d0e864cf-fb2a-3dbf-1307-c00000001008"],"posts":["d9ac0aa1-4972-3e61-1307-300000194301"]}}},{"type":"Feature","geometry":{"type":"Point","coordinates":[-77.02395767,38.89475995]},"properties":{"access_code":"public","access_days_time":"24 hours daily","access_detail_code":null,"cards_accepted":null,"date_last_confirmed":"2025-04-23","expected_date":null,"fuel_type_code":"ELEC","groups_with_access_code":"Public","id":148426,"maximum_vehicle_class":null,"open_date":"2011-12-20","owner_type_code":null,"restricted_access":null,"status_code":"E","funding_sources":null,"facility_type":null,"station_name":"Lexington/Market Sq Parking Garage","station_phone":"888-998-2546","updated_at":"2025-04-23T00:10:39Z","geocode_status":"GPS","city":"Washington","country":"US","intersection_directions":null,"plus4":null,"state":"DC","street_address":"401 9th St NW & D St NW","zip":"20004","bd_blends":null,"cng_dispenser_num":null,"cng_fill_type_code":null,"cng_has_rng":null,"cng_psi":null,"cng_renewable_source":null,"cng_total_compression":null,"cng_total_storage":null,"cng_vehicle_class":null,"e85_blender_pump":null,"e85_other_ethanol_blends":null,"ev_connector_types":["J1772"],"ev_dc_fast_num":null,"ev_level1_evse_num":null,"ev_level2_evse_num":2,"ev_network":"Blink Network","ev_network_web":"https://blinkcharging.com","ev_other_evse":null,"ev_pricing":"$1.00-$5.00/Hr Variable Parking Fee","ev_renewable_source":null,"ev_workplace_charging":false,"hy_is_retail":null,"hy_pressures":null,"hy_standards":null,"hy_status_link":null,"lng_has_rng":null,"lng_renewable_source":null,"lng_vehicle_class":null,"lpg_nozzle_types":null,"lpg_primary":null,"ng_fill_type_code":null,"ng_psi":null,"ng_vehicle_class":null,"rd_blended_with_biodiesel":null,"rd_blends":null,"rd_blends_fr":null,"rd_max_biodiesel_level":null,"nps_unit_name":null,"access_days_time_fr":null,"intersection_directions_fr":null,"bd_blends_fr":null,"groups_with_access_code_fr":"Public","ev_pricing_fr":null,"ev_network_ids":{"station":["d0e864cf-fb2a-3dbf-1307-c00000000113"],"posts":["d9ac0aa1-4972-3e61-1307-300000004611","d9ac0aa1-4972-3e61-1307-300000007821"]}}},{"type":"Feature","geometry":{"type":"Point","coordinates":[-77.013021,38.893317]},"properties":{"access_code":"public","access_days_time":"24 hours daily","access_detail_code":null,"cards_accepted":null,"date_last_confirmed":"2025-04-23","expected_date":null,"fuel_type_code":"ELEC","groups_with_access_code":"Public","id":148427,"maximum_vehicle_class":null,"open_date":"2012-01-02","owner_type_code":null,"restricted_access":null,"status_code":"E","funding_sources":null,"facility_type":null,"station_name":"122 C Street","station_phone":"888-998-2546","updated_at":"2025-04-23T00:11:47Z","geocode_status":"GPS","city":"Washington","country":"US","intersection_directions":null,"plus4":null,"state":"DC","street_address":"122 C Street NW","zip":"20001","bd_blends":null,"cng_dispenser_num":null,"cng_fill_type_code":null,"cng_has_rng":null,"cng_psi":null,"cng_renewable_source":null,"cng_total_compression":null,"cng_total_storage":null,"cng_vehicle_class":null,"e85_blender_pump":null,"e85_other_ethanol_blends":null,"ev_connector_types":["J1772"],"ev_dc_fast_num":null,"ev_level1_evse_num":null,"ev_level2_evse_num":1,"ev_network":"Blink Network","ev_network_web":"https://blinkcharging.com","ev_other_evse":null,"ev_pricing":"$1.50/Hr Parking Fee","ev_renewable_source":null,"ev_workplace_charging":false,"hy_is_retail":null,"hy_pressures":null,"hy_standards":null,"hy_status_link":null,"lng_has_rng":null,"lng_renewable_source":null,"lng_vehicle_class":null,"lpg_nozzle_types":null,"lpg_primary":null,"ng_fill_type_code":null,"ng_psi":null,"ng_vehicle_class":null,"rd_blended_with_biodiesel":null,"rd_blends":null,"rd_blends_fr":null,"rd_max_biodiesel_level":null,"nps_unit_name":null,"access_days_time_fr":null,"intersection_directions_fr":null,"bd_blends_fr":null,"groups_with_access_code_fr":"Public","ev_pricing_fr":null,"ev_network_ids":{"station":["d0e864cf-fb2a-3dbf-1307-c00000000359"],"posts":["404dc05f-80c5-4208-918a-7fcf46768af8"]}}},{"type":"Feature","geometry":{"type":"Point","coordinates":[-77.0131214,38.8926815]},"properties":{"access_code":"public","access_days_time":"24 hours daily","access_detail_code":null,"cards_accepted":null,"date_last_confirmed":"2025-04-23","expected_date":"2024-07-02","fuel_type_code":"ELEC","groups_with_access_code":"TEMPORARILY UNAVAILABLE (Public)","id":148428,"maximum_vehicle_class":null,"open_date":"2011-11-29","owner_type_code":null,"restricted_access":null,"status_code":"T","funding_sources":null,"facility_type":null,"station_name":"Central Parking - 101 Constitution","station_phone":"888-998-2546","updated_at":"2025-04-23T00:14:32Z","geocode_status":"GPS","city":"Washington","country":"US","intersection_directions":null,"plus4":null,"state":"DC","street_address":"101 Constitution Avenue Northwest","zip":"20001","bd_blends":null,"cng_dispenser_num":null,"cng_fill_type_code":null,"cng_has_rng":null,"cng_psi":null,"cng_renewable_source":null,"cng_total_compression":null,"cng_total_storage":null,"cng_vehicle_class":null,"e85_blender_pump":null,"e85_other_ethanol_blends":null,"ev_connector_types":["J1772"],"ev_dc_fast_num":null,"ev_level1_evse_num":null,"ev_level2_evse_num":2,"ev_network":"Blink Network","ev_network_web":"https://blinkcharging.com","ev_other_evse":null,"ev_pricing":"FREE","ev_renewable_source":null,"ev_workplace_charging":false,"hy_is_retail":null,"hy_pressures":null,"hy_standards":null,"hy_status_link":null,"lng_has_rng":null,"lng_renewable_source":null,"lng_vehicle_class":null,"lpg_nozzle_types":null,"lpg_primary":null,"ng_fill_type_code":null,"ng_psi":null,"ng_vehicle_class":null,"rd_blended_with_biodiesel":null,"rd_blends":null,"rd_blends_fr":null,"rd_max_biodiesel_level":null,"nps_unit_name":null,"access_days_time_fr":null,"intersection_directions_fr":null,"bd_blends_fr":null,"groups_with_access_code_fr":"TEMPORAIREMENT SUSPENDU (Public)","ev_pricing_fr":null,"ev_network_ids":{"station":["d0e864cf-fb2a-3dbf-1307-c00000000968"],"posts":["d9ac0aa1-4972-3e61-1307-300000002931","d9ac0aa1-4972-3e61-1307-300000003031"]}}},{"type":"Feature","geometry":{"type":"Point","coordinates":[-77.0169844,38.8840361]},"properties":{"access_code":"public","access_days_time":"24 hours daily","access_detail_code":null,"cards_accepted":null,"date_last_confirmed":"2025-04-23","expected_date":null,"fuel_type_code":"ELEC","groups_with_access_code":"Public","id":148429,"maximum_vehicle_class":null,"open_date":"2017-01-19","owner_type_code":null,"restricted_access":null,"status_code":"E","funding_sources":null,"facility_type":null,"station_name":"375 - Patriots Plaza","station_phone":"888-998-2546","updated_at":"2025-04-23T00:02:35Z","geocode_status":"GPS","city":"Washington","country":"US","intersection_directions":null,"plus4":null,"state":"DC","street_address":"375 E Street Southwest","zip":"20024","bd_blends":null,"cng_dispenser_num":null,"cng_fill_type_code":null,"cng_has_rng":null,"cng_psi":null,"cng_renewable_source":null,"cng_total_compression":null,"cng_total_storage":null,"cng_vehicle_class":null,"e85_blender_pump":null,"e85_other_ethanol_blends":null,"ev_connector_types":["J1772"],"ev_dc_fast_num":null,"ev_level1_evse_num":null,"ev_level2_evse_num":2,"ev_network":"Blink Network","ev_network_web":"https://blinkcharging.com","ev_other_evse":null,"ev_pricing":"FREE","ev_renewable_source":null,"ev_workplace_charging":false,"hy_is_retail":null,"hy_pressures":null,"hy_standards":null,"hy_status_link":null,"lng_has_rng":null,"lng_renewable_source":null,"lng_vehicle_class":null,"lpg_nozzle_types":null,"lpg_primary":null,"ng_fill_type_code":null,"ng_psi":null,"ng_vehicle_class":null,"rd_blended_with_biodiesel":null,"rd_blends":null,"rd_blends_fr":null,"rd_max_biodiesel_level":null,"nps_unit_name":null,"access_days_time_fr":null,"intersection_directions_fr":null,"bd_blends_fr":null,"groups_with_access_code_fr":"Public","ev_pricing_fr":null,"ev_network_ids":{"station":["d0e864cf-fb2a-3dbf-1307-c00000002412"],"posts":["384a4a2c-376a-42ad-a043-2918a28d219c","d9ac0aa1-4972-3e61-1307-300000127621"]}}},{"type":"Feature","geometry":{"type":"Point","coordinates":[-77.0165323,38.8837304]},"properties":{"access_code":"public","access_days_time":"Mon 6:00am - 6:00pm; Tue 6:00am - 6:00pm; Wed 6:00am - 6:00pm; Thu 6:00am - 6:00pm; Fri 6:00am - 6:00pm; Sat 12:00am - 12:00am; Sun 12:00am - 12:00am","access_detail_code":null,"cards_accepted":null,"date_last_confirmed":"2025-04-23","expected_date":null,"fuel_type_code":"ELEC","groups_with_access_code":"Public","id":148430,"maximum_vehicle_class":null,"open_date":"2017-09-21","owner_type_code":null,"restricted_access":null,"status_code":"E","funding_sources":null,"facility_type":null,"station_name":"355 - Patriots Plaza","station_phone":"888-998-2546","updated_at":"2025-04-23T00:02:35Z","geocode_status":"GPS","city":"Washington","country":"US","intersection_directions":null,"plus4":null,"state":"DC","street_address":"355 E Street Southwest","zip":"20024","bd_blends":null,"cng_dispenser_num":null,"cng_fill_type_code":null,"cng_has_rng":null,"cng_psi":null,"cng_renewable_source":null,"cng_total_compression":null,"cng_total_storage":null,"cng_vehicle_class":null,"e85_blender_pump":null,"e85_other_ethanol_blends":null,"ev_connector_types":["J1772"],"ev_dc_fast_num":null,"ev_level1_evse_num":null,"ev_level2_evse_num":2,"ev_network":"Blink Network","ev_network_web":"https://blinkcharging.com","ev_other_evse":null,"ev_pricing":"FREE","ev_renewable_source":null,"ev_workplace_charging":false,"hy_is_retail":null,"hy_pressures":null,"hy_standards":null,"hy_status_link":null,"lng_has_rng":null,"lng_renewable_source":null,"lng_vehicle_class":null,"lpg_nozzle_types":null,"lpg_primary":null,"ng_fill_type_code":null,"ng_psi":null,"ng_vehicle_class":null,"rd_blended_with_biodiesel":null,"rd_blends":null,"rd_blends_fr":null,"rd_max_biodiesel_level":null,"nps_unit_name":null,"access_days_time_fr":null,"intersection_directions_fr":null,"bd_blends_fr":null,"groups_with_access_code_fr":"Public","ev_pricing_fr":null,"ev_network_ids":{"station":["d0e864cf-fb2a-3dbf-1307-c00000002411"],"posts":["d9ac0aa1-4972-3e61-1307-300000056281","d9ac0aa1-4972-3e61-1307-300000127601"]}}},{"type":"Feature","geometry":{"type":"Point","coordinates":[-77.0180331,38.8829816]},"properties":{"access_code":"public","access_days_time":"24 hours daily","access_detail_code":null,"cards_accepted":null,"date_last_confirmed":"2025-04-23","expected_date":"2024-07-02","fuel_type_code":"ELEC","groups_with_access_code":"TEMPORARILY UNAVAILABLE (Public)","id":148431,"maximum_vehicle_class":null,"open_date":"2015-09-09","owner_type_code":null,"restricted_access":null,"status_code":"T","funding_sources":null,"facility_type":null,"station_name":"Hyatt Washington DC North Mall","station_phone":"888-998-2546","updated_at":"2025-04-23T00:08:03Z","geocode_status":"GPS","city":"Washington","country":"US","intersection_directions":null,"plus4":null,"state":"DC","street_address":"400 E Street Southwest","zip":"20024","bd_blends":null,"cng_dispenser_num":null,"cng_fill_type_code":null,"cng_has_rng":null,"cng_psi":null,"cng_renewable_source":null,"cng_total_compression":null,"cng_total_storage":null,"cng_vehicle_class":null,"e85_blender_pump":null,"e85_other_ethanol_blends":null,"ev_connector_types":["J1772"],"ev_dc_fast_num":null,"ev_level1_evse_num":null,"ev_level2_evse_num":4,"ev_network":"Blink Network","ev_network_web":"https://blinkcharging.com","ev_other_evse":null,"ev_pricing":"FREE","ev_renewable_source":null,"ev_workplace_charging":false,"hy_is_retail":null,"hy_pressures":null,"hy_standards":null,"hy_status_link":null,"lng_has_rng":null,"lng_renewable_source":null,"lng_vehicle_class":null,"lpg_nozzle_types":null,"lpg_primary":null,"ng_fill_type_code":null,"ng_psi":null,"ng_vehicle_class":null,"rd_blended_with_biodiesel":null,"rd_blends":null,"rd_blends_fr":null,"rd_max_biodiesel_level":null,"nps_unit_name":null,"access_days_time_fr":null,"intersection_directions_fr":null,"bd_blends_fr":null,"groups_with_access_code_fr":"TEMPORAIREMENT SUSPENDU (Public)","ev_pricing_fr":null,"ev_network_ids":{"station":["d0e864cf-fb2a-3dbf-1307-c00000003550"],"posts":["d9ac0aa1-4972-3e61-1307-300000027331","d9ac0aa1-4972-3e61-1307-300000027341","d9ac0aa1-4972-3e61-1307-300000027351","d9ac0aa1-4972-3e61-1307-300000027361"]}}},{"type":"Feature","geometry":{"type":"Point","coordinates":[-77.051688,38.959925]},"properties":{"access_code":"private","access_days_time":"Fleet use only","access_detail_code":null,"cards_accepted":null,"date_last_confirmed":"2025-01-13","expected_date":null,"fuel_type_code":"ELEC","groups_with_access_code":"Private","id":149461,"maximum_vehicle_class":null,"open_date":"2019-09-01","owner_type_code":"FG","restricted_access":null,"status_code":"E","funding_sources":null,"facility_type":"NATL_PARK","station_name":"United States Park Police - District 3","station_phone":null,"updated_at":"2025-02-12T00:16:32Z","geocode_status":"200-9","city":"Washington","country":"US","intersection_directions":null,"plus4":null,"state":"DC","street_address":"5200 Glover Rd NW","zip":"20015","bd_blends":null,"cng_dispenser_num":null,"cng_fill_type_code":null,"cng_has_rng":null,"cng_psi":null,"cng_renewable_source":null,"cng_total_compression":null,"cng_total_storage":null,"cng_vehicle_class":null,"e85_blender_pump":null,"e85_other_ethanol_blends":null,"ev_connector_types":["J1772"],"ev_dc_fast_num":null,"ev_level1_evse_num":null,"ev_level2_evse_num":2,"ev_network":"Non-Networked","ev_network_web":null,"ev_other_evse":null,"ev_pricing":null,"ev_renewable_source":null,"ev_workplace_charging":false,"hy_is_retail":null,"hy_pressures":null,"hy_standards":null,"hy_status_link":null,"lng_has_rng":null,"lng_renewable_source":null,"lng_vehicle_class":null,"lpg_nozzle_types":null,"lpg_primary":null,"ng_fill_type_code":null,"ng_psi":null,"ng_vehicle_class":null,"rd_blended_with_biodiesel":null,"rd_blends":null,"rd_blends_fr":null,"rd_max_biodiesel_level":null,"nps_unit_name":"National Capital Parks","access_days_time_fr":null,"intersection_directions_fr":null,"bd_blends_fr":null,"groups_with_access_code_fr":"Privé","ev_pricing_fr":null,"federal_agency":{"id":16,"code":"DOI","name":"Department of the Interior"}}},{"type":"Feature","geometry":{"type":"Point","coordinates":[-76.9965994,38.8669127]},"properties":{"access_code":"private","access_days_time":"Fleet use only","access_detail_code":null,"cards_accepted":null,"date_last_confirmed":"2025-01-13","expected_date":null,"fuel_type_code":"ELEC","groups_with_access_code":"Private","id":149462,"maximum_vehicle_class":null,"open_date":"2019-09-01","owner_type_code":"FG","restricted_access":null,"status_code":"E","funding_sources":null,"facility_type":"NATL_PARK","station_name":"United States Park Police - District 5","station_phone":null,"updated_at":"2025-02-12T00:16:32Z","geocode_status":"GPS","city":"Washington","country":"US","intersection_directions":null,"plus4":null,"state":"DC","street_address":"901 Anacostia Dr SE","zip":"20019","bd_blends":null,"cng_dispenser_num":null,"cng_fill_type_code":null,"cng_has_rng":null,"cng_psi":null,"cng_renewable_source":null,"cng_total_compression":null,"cng_total_storage":null,"cng_vehicle_class":null,"e85_blender_pump":null,"e85_other_ethanol_blends":null,"ev_connector_types":["J1772"],"ev_dc_fast_num":null,"ev_level1_evse_num":null,"ev_level2_evse_num":2,"ev_network":"Non-Networked","ev_network_web":null,"ev_other_evse":null,"ev_pricing":null,"ev_renewable_source":null,"ev_workplace_charging":false,"hy_is_retail":null,"hy_pressures":null,"hy_standards":null,"hy_status_link":null,"lng_has_rng":null,"lng_renewable_source":null,"lng_vehicle_class":null,"lpg_nozzle_types":null,"lpg_primary":null,"ng_fill_type_code":null,"ng_psi":null,"ng_vehicle_class":null,"rd_blended_with_biodiesel":null,"rd_blends":null,"rd_blends_fr":null,"rd_max_biodiesel_level":null,"nps_unit_name":"National Capital Parks","access_days_time_fr":null,"intersection_directions_fr":null,"bd_blends_fr":null,"groups_with_access_code_fr":"Privé","ev_pricing_fr":null,"federal_agency":{"id":16,"code":"DOI","name":"Department of the Interior"}}},{"type":"Feature","geometry":{"type":"Point","coordinates":[-77.049989,38.935967]},"properties":{"access_code":"private","access_days_time":"Fleet use only","access_detail_code":null,"cards_accepted":null,"date_last_confirmed":"2025-01-13","expected_date":null,"fuel_type_code":"ELEC","groups_with_access_code":"Private","id":149464,"maximum_vehicle_class":null,"open_date":"2019-09-01","owner_type_code":"FG","restricted_access":null,"status_code":"E","funding_sources":null,"facility_type":"NATL_PARK","station_name":"Rock Creek National Park - Klingle Mansion","station_phone":null,"updated_at":"2025-02-12T00:16:32Z","geocode_status":"200-9","city":"Washington","country":"US","intersection_directions":null,"plus4":null,"state":"DC","street_address":"3545 Williamsburg Ln NW","zip":"20008","bd_blends":null,"cng_dispenser_num":null,"cng_fill_type_code":null,"cng_has_rng":null,"cng_psi":null,"cng_renewable_source":null,"cng_total_compression":null,"cng_total_storage":null,"cng_vehicle_class":null,"e85_blender_pump":null,"e85_other_ethanol_blends":null,"ev_connector_types":["J1772"],"ev_dc_fast_num":null,"ev_level1_evse_num":null,"ev_level2_evse_num":4,"ev_network":"Non-Networked","ev_network_web":null,"ev_other_evse":null,"ev_pricing":null,"ev_renewable_source":null,"ev_workplace_charging":false,"hy_is_retail":null,"hy_pressures":null,"hy_standards":null,"hy_status_link":null,"lng_has_rng":null,"lng_renewable_source":null,"lng_vehicle_class":null,"lpg_nozzle_types":null,"lpg_primary":null,"ng_fill_type_code":null,"ng_psi":null,"ng_vehicle_class":null,"rd_blended_with_biodiesel":null,"rd_blends":null,"rd_blends_fr":null,"rd_max_biodiesel_level":null,"nps_unit_name":"Rock Creek Park","access_days_time_fr":null,"intersection_directions_fr":null,"bd_blends_fr":null,"groups_with_access_code_fr":"Privé","ev_pricing_fr":null,"federal_agency":{"id":16,"code":"DOI","name":"Department of the Interior"}}},{"type":"Feature","geometry":{"type":"Point","coordinates":[-77.0493245,38.9017929]},"properties":{"access_code":"public","access_days_time":"24 hours daily","access_detail_code":null,"cards_accepted":null,"date_last_confirmed":"2025-04-23","expected_date":null,"fuel_type_code":"ELEC","groups_with_access_code":"Public","id":150290,"maximum_vehicle_class":null,"open_date":"2019-10-30","owner_type_code":null,"restricted_access":null,"status_code":"E","funding_sources":null,"facility_type":null,"station_name":"SQUARE 54","station_phone":"888-998-2546","updated_at":"2025-04-23T00:28:33Z","geocode_status":"GPS","city":"Washington","country":"US","intersection_directions":null,"plus4":null,"state":"DC","street_address":"2200 Pennsylvania Ave NW","zip":"20037","bd_blends":null,"cng_dispenser_num":null,"cng_fill_type_code":null,"cng_has_rng":null,"cng_psi":null,"cng_renewable_source":null,"cng_total_compression":null,"cng_total_storage":null,"cng_vehicle_class":null,"e85_blender_pump":null,"e85_other_ethanol_blends":null,"ev_connector_types":["J1772"],"ev_dc_fast_num":null,"ev_level1_evse_num":null,"ev_level2_evse_num":3,"ev_network":"Blink Network","ev_network_web":"https://blinkcharging.com","ev_other_evse":null,"ev_pricing":"$1.00-$5.00/Hr Variable Parking Fee, $0.22/kWh Energy Fee","ev_renewable_source":null,"ev_workplace_charging":false,"hy_is_retail":null,"hy_pressures":null,"hy_standards":null,"hy_status_link":null,"lng_has_rng":null,"lng_renewable_source":null,"lng_vehicle_class":null,"lpg_nozzle_types":null,"lpg_primary":null,"ng_fill_type_code":null,"ng_psi":null,"ng_vehicle_class":null,"rd_blended_with_biodiesel":null,"rd_blends":null,"rd_blends_fr":null,"rd_max_biodiesel_level":null,"nps_unit_name":null,"access_days_time_fr":null,"intersection_directions_fr":null,"bd_blends_fr":null,"groups_with_access_code_fr":"Public","ev_pricing_fr":null,"ev_network_ids":{"station":["d0e864cf-fb2a-3dbf-1307-c00000004031"],"posts":["d9ac0aa1-4972-3e61-1307-300000102671","d9ac0aa1-4972-3e61-1307-300000102681","d9ac0aa1-4972-3e61-1307-300000102691"]}}},{"type":"Feature","geometry":{"type":"Point","coordinates":[-77.043568,38.907199]},"properties":{"access_code":"public","access_days_time":"24 hours daily","access_detail_code":null,"cards_accepted":null,"date_last_confirmed":"2025-04-23","expected_date":"2024-10-11","fuel_type_code":"ELEC","groups_with_access_code":"TEMPORARILY UNAVAILABLE (Public)","id":150343,"maximum_vehicle_class":null,"open_date":"2019-12-19","owner_type_code":null,"restricted_access":null,"status_code":"T","funding_sources":null,"facility_type":null,"station_name":"WEST HALF 2 & 3 1900 N ST 6","station_phone":"888-758-4389","updated_at":"2025-04-23T01:14:10Z","geocode_status":"GPS","city":"Washington","country":"US","intersection_directions":"Garage Level G1","plus4":null,"state":"DC","street_address":"1900 N St NW","zip":"20036","bd_blends":null,"cng_dispenser_num":null,"cng_fill_type_code":null,"cng_has_rng":null,"cng_psi":null,"cng_renewable_source":null,"cng_total_compression":null,"cng_total_storage":null,"cng_vehicle_class":null,"e85_blender_pump":null,"e85_other_ethanol_blends":null,"ev_connector_types":["J1772"],"ev_dc_fast_num":null,"ev_level1_evse_num":null,"ev_level2_evse_num":1,"ev_network":"ChargePoint Network","ev_network_web":"https://www.chargepoint.com","ev_other_evse":null,"ev_pricing":null,"ev_renewable_source":null,"ev_workplace_charging":false,"hy_is_retail":null,"hy_pressures":null,"hy_standards":null,"hy_status_link":null,"lng_has_rng":null,"lng_renewable_source":null,"lng_vehicle_class":null,"lpg_nozzle_types":null,"lpg_primary":null,"ng_fill_type_code":null,"ng_psi":null,"ng_vehicle_class":null,"rd_blended_with_biodiesel":null,"rd_blends":null,"rd_blends_fr":null,"rd_max_biodiesel_level":null,"nps_unit_name":null,"access_days_time_fr":null,"intersection_directions_fr":null,"bd_blends_fr":null,"groups_with_access_code_fr":"TEMPORAIREMENT SUSPENDU (Public)","ev_pricing_fr":null,"ev_network_ids":{"station":["USCPIL2033901"],"posts":["2414531"]}}},{"type":"Feature","geometry":{"type":"Point","coordinates":[-77.0401315,38.9049056]},"properties":{"access_code":"public","access_days_time":"24 hours daily","access_detail_code":null,"cards_accepted":null,"date_last_confirmed":"2025-04-23","expected_date":null,"fuel_type_code":"ELEC","groups_with_access_code":"Public","id":150369,"maximum_vehicle_class":null,"open_date":"2019-11-13","owner_type_code":null,"restricted_access":null,"status_code":"E","funding_sources":null,"facility_type":null,"station_name":"Lenkin 1133A, Lenkin 1133B","station_phone":"888-998-2546","updated_at":"2025-04-23T00:29:39Z","geocode_status":"GPS","city":"Washington","country":"US","intersection_directions":null,"plus4":null,"state":"DC","street_address":"1133 Connecticut Avenue Northwest","zip":"20036","bd_blends":null,"cng_dispenser_num":null,"cng_fill_type_code":null,"cng_has_rng":null,"cng_psi":null,"cng_renewable_source":null,"cng_total_compression":null,"cng_total_storage":null,"cng_vehicle_class":null,"e85_blender_pump":null,"e85_other_ethanol_blends":null,"ev_connector_types":["J1772"],"ev_dc_fast_num":null,"ev_level1_evse_num":null,"ev_level2_evse_num":2,"ev_network":"Blink Network","ev_network_web":"https://blinkcharging.com","ev_other_evse":null,"ev_pricing":"$1.00/Hr Parking Fee","ev_renewable_source":null,"ev_workplace_charging":false,"hy_is_retail":null,"hy_pressures":null,"hy_standards":null,"hy_status_link":null,"lng_has_rng":null,"lng_renewable_source":null,"lng_vehicle_class":null,"lpg_nozzle_types":null,"lpg_primary":null,"ng_fill_type_code":null,"ng_psi":null,"ng_vehicle_class":null,"rd_blended_with_biodiesel":null,"rd_blends":null,"rd_blends_fr":null,"rd_max_biodiesel_level":null,"nps_unit_name":null,"access_days_time_fr":null,"intersection_directions_fr":null,"bd_blends_fr":null,"groups_with_access_code_fr":"Public","ev_pricing_fr":null,"ev_network_ids":{"station":["d0e864cf-fb2a-3dbf-1307-c00000004044"],"posts":["d9ac0aa1-4972-3e61-1307-300000104101","d9ac0aa1-4972-3e61-1307-300000104111"]}}},{"type":"Feature","geometry":{"type":"Point","coordinates":[-77.0267154,38.9021405]},"properties":{"access_code":"public","access_days_time":"24 hours daily","access_detail_code":null,"cards_accepted":null,"date_last_confirmed":"2025-04-23","expected_date":null,"fuel_type_code":"ELEC","groups_with_access_code":"Public","id":150370,"maximum_vehicle_class":null,"open_date":"2019-11-13","owner_type_code":null,"restricted_access":null,"status_code":"E","funding_sources":null,"facility_type":null,"station_name":"Lenkin 1050A, Lenkin 1050B","station_phone":"888-998-2546","updated_at":"2025-04-23T00:29:40Z","geocode_status":"GPS","city":"Washington","country":"US","intersection_directions":null,"plus4":null,"state":"DC","street_address":"1050 K Street Northwest","zip":"20001","bd_blends":null,"cng_dispenser_num":null,"cng_fill_type_code":null,"cng_has_rng":null,"cng_psi":null,"cng_renewable_source":null,"cng_total_compression":null,"cng_total_storage":null,"cng_vehicle_class":null,"e85_blender_pump":null,"e85_other_ethanol_blends":null,"ev_connector_types":["J1772"],"ev_dc_fast_num":null,"ev_level1_evse_num":null,"ev_level2_evse_num":2,"ev_network":"Blink Network","ev_network_web":"https://blinkcharging.com","ev_other_evse":null,"ev_pricing":"$1.00/Hr Parking Fee","ev_renewable_source":null,"ev_workplace_charging":false,"hy_is_retail":null,"hy_pressures":null,"hy_standards":null,"hy_status_link":null,"lng_has_rng":null,"lng_renewable_source":null,"lng_vehicle_class":null,"lpg_nozzle_types":null,"lpg_primary":null,"ng_fill_type_code":null,"ng_psi":null,"ng_vehicle_class":null,"rd_blended_with_biodiesel":null,"rd_blends":null,"rd_blends_fr":null,"rd_max_biodiesel_level":null,"nps_unit_name":null,"access_days_time_fr":null,"intersection_directions_fr":null,"bd_blends_fr":null,"groups_with_access_code_fr":"Public","ev_pricing_fr":null,"ev_network_ids":{"station":["d0e864cf-fb2a-3dbf-1307-c00000004045"],"posts":["d9ac0aa1-4972-3e61-1307-300000104121","d9ac0aa1-4972-3e61-1307-300000104131"]}}},{"type":"Feature","geometry":{"type":"Point","coordinates":[-77.061216,38.903912]},"properties":{"access_code":"public","access_days_time":null,"access_detail_code":null,"cards_accepted":null,"date_last_confirmed":"2024-07-01","expected_date":null,"fuel_type_code":"ELEC","groups_with_access_code":"Public","id":150490,"maximum_vehicle_class":null,"open_date":"2017-04-06","owner_type_code":"P","restricted_access":null,"status_code":"E","funding_sources":null,"facility_type":null,"station_name":"Rosewood Washington D.C. - Tesla Destination","station_phone":"877-798-3752","updated_at":"2025-02-12T00:16:32Z","geocode_status":"200-9","city":"Washington","country":"US","intersection_directions":null,"plus4":null,"state":"DC","street_address":"1050 31st Street NW","zip":"20007","bd_blends":null,"cng_dispenser_num":null,"cng_fill_type_code":null,"cng_has_rng":null,"cng_psi":null,"cng_renewable_source":null,"cng_total_compression":null,"cng_total_storage":null,"cng_vehicle_class":null,"e85_blender_pump":null,"e85_other_ethanol_blends":null,"ev_connector_types":["TESLA"],"ev_dc_fast_num":null,"ev_level1_evse_num":null,"ev_level2_evse_num":2,"ev_network":"Tesla Destination","ev_network_web":"https://www.tesla.com/destination-charging","ev_other_evse":null,"ev_pricing":"Free","ev_renewable_source":null,"ev_workplace_charging":false,"hy_is_retail":null,"hy_pressures":null,"hy_standards":null,"hy_status_link":null,"lng_has_rng":null,"lng_renewable_source":null,"lng_vehicle_class":null,"lpg_nozzle_types":null,"lpg_primary":null,"ng_fill_type_code":null,"ng_psi":null,"ng_vehicle_class":null,"rd_blended_with_biodiesel":null,"rd_blends":null,"rd_blends_fr":null,"rd_max_biodiesel_level":null,"nps_unit_name":null,"access_days_time_fr":null,"intersection_directions_fr":null,"bd_blends_fr":null,"groups_with_access_code_fr":"Public","ev_pricing_fr":null}},{"type":"Feature","geometry":{"type":"Point","coordinates":[-77.061463,38.904031]},"properties":{"access_code":"public","access_days_time":null,"access_detail_code":null,"cards_accepted":null,"date_last_confirmed":"2024-07-01","expected_date":null,"fuel_type_code":"ELEC","groups_with_access_code":"Public","id":150512,"maximum_vehicle_class":null,"open_date":"2016-01-19","owner_type_code":"P","restricted_access":null,"status_code":"E","funding_sources":null,"facility_type":null,"station_name":"Capella Washington, D.C. - Tesla Destination","station_phone":"877-798-3752","updated_at":"2025-02-12T00:16:32Z","geocode_status":"200-9","city":"Washington","country":"US","intersection_directions":null,"plus4":null,"state":"DC","street_address":"1050 31st St NW","zip":"20007","bd_blends":null,"cng_dispenser_num":null,"cng_fill_type_code":null,"cng_has_rng":null,"cng_psi":null,"cng_renewable_source":null,"cng_total_compression":null,"cng_total_storage":null,"cng_vehicle_class":null,"e85_blender_pump":null,"e85_other_ethanol_blends":null,"ev_connector_types":["J1772","TESLA"],"ev_dc_fast_num":null,"ev_level1_evse_num":null,"ev_level2_evse_num":3,"ev_network":"Tesla Destination","ev_network_web":"https://www.tesla.com/destination-charging","ev_other_evse":null,"ev_pricing":"Free","ev_renewable_source":null,"ev_workplace_charging":false,"hy_is_retail":null,"hy_pressures":null,"hy_standards":null,"hy_status_link":null,"lng_has_rng":null,"lng_renewable_source":null,"lng_vehicle_class":null,"lpg_nozzle_types":null,"lpg_primary":null,"ng_fill_type_code":null,"ng_psi":null,"ng_vehicle_class":null,"rd_blended_with_biodiesel":null,"rd_blends":null,"rd_blends_fr":null,"rd_max_biodiesel_level":null,"nps_unit_name":null,"access_days_time_fr":null,"intersection_directions_fr":null,"bd_blends_fr":null,"groups_with_access_code_fr":"Public","ev_pricing_fr":null}},{"type":"Feature","geometry":{"type":"Point","coordinates":[-76.983038,38.915614]},"properties":{"access_code":"public","access_days_time":null,"access_detail_code":null,"cards_accepted":null,"date_last_confirmed":"2024-07-01","expected_date":null,"fuel_type_code":"ELEC","groups_with_access_code":"Public","id":150544,"maximum_vehicle_class":null,"open_date":"2019-08-08","owner_type_code":"P","restricted_access":null,"status_code":"E","funding_sources":null,"facility_type":null,"station_name":"1501 New York Ave NE - Tesla Destination","station_phone":"877-798-3752","updated_at":"2025-02-12T00:16:32Z","geocode_status":"200-9","city":"Washington","country":"US","intersection_directions":null,"plus4":null,"state":"DC","street_address":"1501 New York Ave NE","zip":"20002","bd_blends":null,"cng_dispenser_num":null,"cng_fill_type_code":null,"cng_has_rng":null,"cng_psi":null,"cng_renewable_source":null,"cng_total_compression":null,"cng_total_storage":null,"cng_vehicle_class":null,"e85_blender_pump":null,"e85_other_ethanol_blends":null,"ev_connector_types":["J1772","TESLA"],"ev_dc_fast_num":null,"ev_level1_evse_num":null,"ev_level2_evse_num":3,"ev_network":"Tesla Destination","ev_network_web":"https://www.tesla.com/destination-charging","ev_other_evse":null,"ev_pricing":"Free","ev_renewable_source":null,"ev_workplace_charging":false,"hy_is_retail":null,"hy_pressures":null,"hy_standards":null,"hy_status_link":null,"lng_has_rng":null,"lng_renewable_source":null,"lng_vehicle_class":null,"lpg_nozzle_types":null,"lpg_primary":null,"ng_fill_type_code":null,"ng_psi":null,"ng_vehicle_class":null,"rd_blended_with_biodiesel":null,"rd_blends":null,"rd_blends_fr":null,"rd_max_biodiesel_level":null,"nps_unit_name":null,"access_days_time_fr":null,"intersection_directions_fr":null,"bd_blends_fr":null,"groups_with_access_code_fr":"Public","ev_pricing_fr":null}},{"type":"Feature","geometry":{"type":"Point","coordinates":[-77.035048,38.90493]},"properties":{"access_code":"public","access_days_time":null,"access_detail_code":null,"cards_accepted":null,"date_last_confirmed":"2024-07-01","expected_date":null,"fuel_type_code":"ELEC","groups_with_access_code":"Public","id":150607,"maximum_vehicle_class":null,"open_date":"2019-04-09","owner_type_code":"P","restricted_access":null,"status_code":"E","funding_sources":null,"facility_type":null,"station_name":"Columbia Center - Tesla Destination","station_phone":"877-798-3752","updated_at":"2025-02-12T00:16:32Z","geocode_status":"200-9","city":"Washington","country":"US","intersection_directions":null,"plus4":null,"state":"DC","street_address":"1152 15th St NW","zip":"20005","bd_blends":null,"cng_dispenser_num":null,"cng_fill_type_code":null,"cng_has_rng":null,"cng_psi":null,"cng_renewable_source":null,"cng_total_compression":null,"cng_total_storage":null,"cng_vehicle_class":null,"e85_blender_pump":null,"e85_other_ethanol_blends":null,"ev_connector_types":["TESLA"],"ev_dc_fast_num":null,"ev_level1_evse_num":null,"ev_level2_evse_num":1,"ev_network":"Tesla Destination","ev_network_web":"https://www.tesla.com/destination-charging","ev_other_evse":null,"ev_pricing":"Free","ev_renewable_source":null,"ev_workplace_charging":false,"hy_is_retail":null,"hy_pressures":null,"hy_standards":null,"hy_status_link":null,"lng_has_rng":null,"lng_renewable_source":null,"lng_vehicle_class":null,"lpg_nozzle_types":null,"lpg_primary":null,"ng_fill_type_code":null,"ng_psi":null,"ng_vehicle_class":null,"rd_blended_with_biodiesel":null,"rd_blends":null,"rd_blends_fr":null,"rd_max_biodiesel_level":null,"nps_unit_name":null,"access_days_time_fr":null,"intersection_directions_fr":null,"bd_blends_fr":null,"groups_with_access_code_fr":"Public","ev_pricing_fr":null}},{"type":"Feature","geometry":{"type":"Point","coordinates":[-77.043045,38.902991]},"properties":{"access_code":"public","access_days_time":null,"access_detail_code":null,"cards_accepted":null,"date_last_confirmed":"2024-07-01","expected_date":null,"fuel_type_code":"ELEC","groups_with_access_code":"Public","id":150608,"maximum_vehicle_class":null,"open_date":"2019-04-01","owner_type_code":"P","restricted_access":null,"status_code":"E","funding_sources":null,"facility_type":null,"station_name":"1875 K Street - Tesla Destination","station_phone":"877-798-3752","updated_at":"2025-02-12T00:16:32Z","geocode_status":"200-8","city":"Washington","country":"US","intersection_directions":null,"plus4":null,"state":"DC","street_address":"1875 K St NW","zip":"20036","bd_blends":null,"cng_dispenser_num":null,"cng_fill_type_code":null,"cng_has_rng":null,"cng_psi":null,"cng_renewable_source":null,"cng_total_compression":null,"cng_total_storage":null,"cng_vehicle_class":null,"e85_blender_pump":null,"e85_other_ethanol_blends":null,"ev_connector_types":["TESLA"],"ev_dc_fast_num":null,"ev_level1_evse_num":null,"ev_level2_evse_num":2,"ev_network":"Tesla Destination","ev_network_web":"https://www.tesla.com/destination-charging","ev_other_evse":null,"ev_pricing":"Free","ev_renewable_source":null,"ev_workplace_charging":false,"hy_is_retail":null,"hy_pressures":null,"hy_standards":null,"hy_status_link":null,"lng_has_rng":null,"lng_renewable_source":null,"lng_vehicle_class":null,"lpg_nozzle_types":null,"lpg_primary":null,"ng_fill_type_code":null,"ng_psi":null,"ng_vehicle_class":null,"rd_blended_with_biodiesel":null,"rd_blends":null,"rd_blends_fr":null,"rd_max_biodiesel_level":null,"nps_unit_name":null,"access_days_time_fr":null,"intersection_directions_fr":null,"bd_blends_fr":null,"groups_with_access_code_fr":"Public","ev_pricing_fr":null}},{"type":"Feature","geometry":{"type":"Point","coordinates":[-77.040275,38.896069]},"properties":{"access_code":"public","access_days_time":null,"access_detail_code":null,"cards_accepted":null,"date_last_confirmed":"2024-07-01","expected_date":null,"fuel_type_code":"ELEC","groups_with_access_code":"Public","id":150609,"maximum_vehicle_class":null,"open_date":"2019-04-04","owner_type_code":"P","restricted_access":null,"status_code":"E","funding_sources":null,"facility_type":null,"station_name":"1700 New York Avenue - Tesla Destination","station_phone":"877-798-3752","updated_at":"2025-02-12T00:16:32Z","geocode_status":"200-9","city":"Washington","country":"US","intersection_directions":null,"plus4":null,"state":"DC","street_address":"1700 New York Ave","zip":"20006","bd_blends":null,"cng_dispenser_num":null,"cng_fill_type_code":null,"cng_has_rng":null,"cng_psi":null,"cng_renewable_source":null,"cng_total_compression":null,"cng_total_storage":null,"cng_vehicle_class":null,"e85_blender_pump":null,"e85_other_ethanol_blends":null,"ev_connector_types":["J1772","TESLA"],"ev_dc_fast_num":null,"ev_level1_evse_num":null,"ev_level2_evse_num":2,"ev_network":"Tesla Destination","ev_network_web":"https://www.tesla.com/destination-charging","ev_other_evse":null,"ev_pricing":"Free","ev_renewable_source":null,"ev_workplace_charging":false,"hy_is_retail":null,"hy_pressures":null,"hy_standards":null,"hy_status_link":null,"lng_has_rng":null,"lng_renewable_source":null,"lng_vehicle_class":null,"lpg_nozzle_types":null,"lpg_primary":null,"ng_fill_type_code":null,"ng_psi":null,"ng_vehicle_class":null,"rd_blended_with_biodiesel":null,"rd_blends":null,"rd_blends_fr":null,"rd_max_biodiesel_level":null,"nps_unit_name":null,"access_days_time_fr":null,"intersection_directions_fr":null,"bd_blends_fr":null,"groups_with_access_code_fr":"Public","ev_pricing_fr":null}},{"type":"Feature","geometry":{"type":"Point","coordinates":[-77.02124,38.896423]},"properties":{"access_code":"public","access_days_time":"24 hours daily","access_detail_code":null,"cards_accepted":null,"date_last_confirmed":"2025-04-23","expected_date":null,"fuel_type_code":"ELEC","groups_with_access_code":"Public","id":150799,"maximum_vehicle_class":null,"open_date":"2019-12-25","owner_type_code":null,"restricted_access":null,"status_code":"E","funding_sources":null,"facility_type":null,"station_name":"INTERPARK PENN QTR1","station_phone":"888-758-4389","updated_at":"2025-04-23T01:14:29Z","geocode_status":"GPS","city":"Washington","country":"US","intersection_directions":null,"plus4":null,"state":"DC","street_address":"616 E St NW","zip":"20004","bd_blends":null,"cng_dispenser_num":null,"cng_fill_type_code":null,"cng_has_rng":null,"cng_psi":null,"cng_renewable_source":null,"cng_total_compression":null,"cng_total_storage":null,"cng_vehicle_class":null,"e85_blender_pump":null,"e85_other_ethanol_blends":null,"ev_connector_types":["J1772"],"ev_dc_fast_num":null,"ev_level1_evse_num":null,"ev_level2_evse_num":2,"ev_network":"ChargePoint Network","ev_network_web":"https://www.chargepoint.com","ev_other_evse":null,"ev_pricing":null,"ev_renewable_source":null,"ev_workplace_charging":false,"hy_is_retail":null,"hy_pressures":null,"hy_standards":null,"hy_status_link":null,"lng_has_rng":null,"lng_renewable_source":null,"lng_vehicle_class":null,"lpg_nozzle_types":null,"lpg_primary":null,"ng_fill_type_code":null,"ng_psi":null,"ng_vehicle_class":null,"rd_blended_with_biodiesel":null,"rd_blends":null,"rd_blends_fr":null,"rd_max_biodiesel_level":null,"nps_unit_name":null,"access_days_time_fr":null,"intersection_directions_fr":null,"bd_blends_fr":null,"groups_with_access_code_fr":"Public","ev_pricing_fr":null,"ev_network_ids":{"station":["USCPIL2044721"],"posts":["2429051","2429061"]}}},{"type":"Feature","geometry":{"type":"Point","coordinates":[-77.067444,38.916057]},"properties":{"access_code":"public","access_days_time":"Mon 6:00am - 11:59pm; Tue 6:00am - 11:59pm; Wed 6:00am - 11:59pm; Thu 6:00am - 11:59pm; Fri 6:00am - 11:59pm; Sat 6:00am - 11:59pm; Sun 6:00am - 11:59pm","access_detail_code":null,"cards_accepted":null,"date_last_confirmed":"2025-04-23","expected_date":null,"fuel_type_code":"ELEC","groups_with_access_code":"Public","id":151272,"maximum_vehicle_class":null,"open_date":"2019-03-14","owner_type_code":null,"restricted_access":false,"status_code":"E","funding_sources":null,"facility_type":null,"station_name":"Safeway Wisconsin Ave NW","station_phone":"855-900-7584","updated_at":"2025-04-23T02:55:29Z","geocode_status":"GPS","city":"Washington","country":"US","intersection_directions":null,"plus4":null,"state":"DC","street_address":"1855 Wisconsin Ave Nw","zip":"20007","bd_blends":null,"cng_dispenser_num":null,"cng_fill_type_code":null,"cng_has_rng":null,"cng_psi":null,"cng_renewable_source":null,"cng_total_compression":null,"cng_total_storage":null,"cng_vehicle_class":null,"e85_blender_pump":null,"e85_other_ethanol_blends":null,"ev_connector_types":["J1772"],"ev_dc_fast_num":null,"ev_level1_evse_num":null,"ev_level2_evse_num":2,"ev_network":"SHELL_RECHARGE","ev_network_web":"https://www.shell.us/motorist/electric-vehicle-charging.html","ev_other_evse":null,"ev_pricing":null,"ev_renewable_source":null,"ev_workplace_charging":false,"hy_is_retail":null,"hy_pressures":null,"hy_standards":null,"hy_status_link":null,"lng_has_rng":null,"lng_renewable_source":null,"lng_vehicle_class":null,"lpg_nozzle_types":null,"lpg_primary":null,"ng_fill_type_code":null,"ng_psi":null,"ng_vehicle_class":null,"rd_blended_with_biodiesel":null,"rd_blends":null,"rd_blends_fr":null,"rd_max_biodiesel_level":null,"nps_unit_name":null,"access_days_time_fr":null,"intersection_directions_fr":null,"bd_blends_fr":null,"groups_with_access_code_fr":"Public","ev_pricing_fr":null,"ev_network_ids":{"station":["5741"],"posts":["29Y4-01","29Y4-02"]}}},{"type":"Feature","geometry":{"type":"Point","coordinates":[-77.023468,38.899515]},"properties":{"access_code":"public","access_days_time":"24 hours daily","access_detail_code":null,"cards_accepted":null,"date_last_confirmed":"2025-04-23","expected_date":null,"fuel_type_code":"ELEC","groups_with_access_code":"Public","id":152377,"maximum_vehicle_class":null,"open_date":"2019-02-06","owner_type_code":null,"restricted_access":null,"status_code":"E","funding_sources":null,"facility_type":null,"station_name":"531714 - 799 9th Street","station_phone":"888-998-2546","updated_at":"2025-04-23T00:13:00Z","geocode_status":"GPS","city":"Washington","country":"US","intersection_directions":null,"plus4":null,"state":"DC","street_address":"799 9th Street NW, Suite 102","zip":"20001","bd_blends":null,"cng_dispenser_num":null,"cng_fill_type_code":null,"cng_has_rng":null,"cng_psi":null,"cng_renewable_source":null,"cng_total_compression":null,"cng_total_storage":null,"cng_vehicle_class":null,"e85_blender_pump":null,"e85_other_ethanol_blends":null,"ev_connector_types":["J1772"],"ev_dc_fast_num":null,"ev_level1_evse_num":null,"ev_level2_evse_num":6,"ev_network":"Blink Network","ev_network_web":"https://blinkcharging.com","ev_other_evse":null,"ev_pricing":"$0.00-$10.00/Hr Variable Parking Fee","ev_renewable_source":null,"ev_workplace_charging":false,"hy_is_retail":null,"hy_pressures":null,"hy_standards":null,"hy_status_link":null,"lng_has_rng":null,"lng_renewable_source":null,"lng_vehicle_class":null,"lpg_nozzle_types":null,"lpg_primary":null,"ng_fill_type_code":null,"ng_psi":null,"ng_vehicle_class":null,"rd_blended_with_biodiesel":null,"rd_blends":null,"rd_blends_fr":null,"rd_max_biodiesel_level":null,"nps_unit_name":null,"access_days_time_fr":null,"intersection_directions_fr":null,"bd_blends_fr":null,"groups_with_access_code_fr":"Public","ev_pricing_fr":null,"ev_network_ids":{"station":["d0e864cf-fb2a-3dbf-1307-c00000000446"],"posts":["d9ac0aa1-4972-3e61-1307-300000084511","d9ac0aa1-4972-3e61-1307-300000084531","d9ac0aa1-4972-3e61-1307-300000084541","d9ac0aa1-4972-3e61-1307-300000084551","d9ac0aa1-4972-3e61-1307-300000087721","d9ac0aa1-4972-3e61-1307-300000087791"]}}},{"type":"Feature","geometry":{"type":"Point","coordinates":[-77.0264518,38.8967861]},"properties":{"access_code":"public","access_days_time":"24 hours daily","access_detail_code":null,"cards_accepted":null,"date_last_confirmed":"2025-04-23","expected_date":null,"fuel_type_code":"ELEC","groups_with_access_code":"Public","id":152997,"maximum_vehicle_class":null,"open_date":"2019-11-11","owner_type_code":null,"restricted_access":null,"status_code":"E","funding_sources":null,"facility_type":null,"station_name":"Lincoln Square - 555 11th Street NW","station_phone":"888-998-2546","updated_at":"2025-04-23T00:28:38Z","geocode_status":"GPS","city":"Washington","country":"US","intersection_directions":null,"plus4":null,"state":"DC","street_address":"555 11th Street Northwest","zip":"20004","bd_blends":null,"cng_dispenser_num":null,"cng_fill_type_code":null,"cng_has_rng":null,"cng_psi":null,"cng_renewable_source":null,"cng_total_compression":null,"cng_total_storage":null,"cng_vehicle_class":null,"e85_blender_pump":null,"e85_other_ethanol_blends":null,"ev_connector_types":["J1772"],"ev_dc_fast_num":null,"ev_level1_evse_num":null,"ev_level2_evse_num":4,"ev_network":"Blink Network","ev_network_web":"https://blinkcharging.com","ev_other_evse":null,"ev_pricing":"FREE","ev_renewable_source":null,"ev_workplace_charging":false,"hy_is_retail":null,"hy_pressures":null,"hy_standards":null,"hy_status_link":null,"lng_has_rng":null,"lng_renewable_source":null,"lng_vehicle_class":null,"lpg_nozzle_types":null,"lpg_primary":null,"ng_fill_type_code":null,"ng_psi":null,"ng_vehicle_class":null,"rd_blended_with_biodiesel":null,"rd_blends":null,"rd_blends_fr":null,"rd_max_biodiesel_level":null,"nps_unit_name":null,"access_days_time_fr":null,"intersection_directions_fr":null,"bd_blends_fr":null,"groups_with_access_code_fr":"Public","ev_pricing_fr":null,"ev_network_ids":{"station":["d0e864cf-fb2a-3dbf-1307-c00000004141"],"posts":["d9ac0aa1-4972-3e61-1307-300000103731","d9ac0aa1-4972-3e61-1307-300000103741","d9ac0aa1-4972-3e61-1307-300000103771","d9ac0aa1-4972-3e61-1307-300000103791"]}}},{"type":"Feature","geometry":{"type":"Point","coordinates":[-77.012085,38.90033]},"properties":{"access_code":"public","access_days_time":"24 hours daily","access_detail_code":null,"cards_accepted":null,"date_last_confirmed":"2025-04-23","expected_date":null,"fuel_type_code":"ELEC","groups_with_access_code":"Public","id":154006,"maximum_vehicle_class":null,"open_date":"2020-02-27","owner_type_code":null,"restricted_access":null,"status_code":"E","funding_sources":null,"facility_type":null,"station_name":"77 H CHARGING CHARGING 1","station_phone":"888-758-4389","updated_at":"2025-04-23T01:16:22Z","geocode_status":"GPS","city":"Washington","country":"US","intersection_directions":null,"plus4":null,"state":"DC","street_address":"99 H St NW","zip":"20001","bd_blends":null,"cng_dispenser_num":null,"cng_fill_type_code":null,"cng_has_rng":null,"cng_psi":null,"cng_renewable_source":null,"cng_total_compression":null,"cng_total_storage":null,"cng_vehicle_class":null,"e85_blender_pump":null,"e85_other_ethanol_blends":null,"ev_connector_types":["J1772"],"ev_dc_fast_num":null,"ev_level1_evse_num":null,"ev_level2_evse_num":2,"ev_network":"ChargePoint Network","ev_network_web":"https://www.chargepoint.com","ev_other_evse":null,"ev_pricing":null,"ev_renewable_source":null,"ev_workplace_charging":false,"hy_is_retail":null,"hy_pressures":null,"hy_standards":null,"hy_status_link":null,"lng_has_rng":null,"lng_renewable_source":null,"lng_vehicle_class":null,"lpg_nozzle_types":null,"lpg_primary":null,"ng_fill_type_code":null,"ng_psi":null,"ng_vehicle_class":null,"rd_blended_with_biodiesel":null,"rd_blends":null,"rd_blends_fr":null,"rd_max_biodiesel_level":null,"nps_unit_name":null,"access_days_time_fr":null,"intersection_directions_fr":null,"bd_blends_fr":null,"groups_with_access_code_fr":"Public","ev_pricing_fr":null,"ev_network_ids":{"station":["USCPIL2102951"],"posts":["2507621","2507631"]}}},{"type":"Feature","geometry":{"type":"Point","coordinates":[-76.999782,38.908906]},"properties":{"access_code":"public","access_days_time":"24 hours daily","access_detail_code":null,"cards_accepted":null,"date_last_confirmed":"2025-04-23","expected_date":"2025-04-08","fuel_type_code":"ELEC","groups_with_access_code":"TEMPORARILY UNAVAILABLE (Public)","id":154008,"maximum_vehicle_class":null,"open_date":"2020-02-27","owner_type_code":null,"restricted_access":null,"status_code":"T","funding_sources":null,"facility_type":null,"station_name":"THE BATLEY UMDISTRICT EV3","station_phone":"888-758-4389","updated_at":"2025-04-23T00:54:49Z","geocode_status":"GPS","city":"Washington","country":"US","intersection_directions":"1270-80 4th St NE Parking Garage - vehicle entry rear of building - under La Cosecha, Batley","plus4":null,"state":"DC","street_address":"1270 4th St NE","zip":"20002","bd_blends":null,"cng_dispenser_num":null,"cng_fill_type_code":null,"cng_has_rng":null,"cng_psi":null,"cng_renewable_source":null,"cng_total_compression":null,"cng_total_storage":null,"cng_vehicle_class":null,"e85_blender_pump":null,"e85_other_ethanol_blends":null,"ev_connector_types":["J1772"],"ev_dc_fast_num":null,"ev_level1_evse_num":null,"ev_level2_evse_num":2,"ev_network":"ChargePoint Network","ev_network_web":"https://www.chargepoint.com","ev_other_evse":null,"ev_pricing":null,"ev_renewable_source":null,"ev_workplace_charging":false,"hy_is_retail":null,"hy_pressures":null,"hy_standards":null,"hy_status_link":null,"lng_has_rng":null,"lng_renewable_source":null,"lng_vehicle_class":null,"lpg_nozzle_types":null,"lpg_primary":null,"ng_fill_type_code":null,"ng_psi":null,"ng_vehicle_class":null,"rd_blended_with_biodiesel":null,"rd_blends":null,"rd_blends_fr":null,"rd_max_biodiesel_level":null,"nps_unit_name":null,"access_days_time_fr":null,"intersection_directions_fr":null,"bd_blends_fr":null,"groups_with_access_code_fr":"TEMPORAIREMENT SUSPENDU (Public)","ev_pricing_fr":null,"ev_network_ids":{"station":["USCPIL187131"],"posts":["9054431","9054441"]}}},{"type":"Feature","geometry":{"type":"Point","coordinates":[-77.067573,38.915985]},"properties":{"access_code":"public","access_days_time":"24 hours daily. Please check Tesla's online station map to see if an adapter is required at this location.","access_detail_code":null,"cards_accepted":null,"date_last_confirmed":"2024-07-01","expected_date":null,"fuel_type_code":"ELEC","groups_with_access_code":"Public","id":154661,"maximum_vehicle_class":null,"open_date":"2020-03-13","owner_type_code":"P","restricted_access":null,"status_code":"E","funding_sources":null,"facility_type":"GROCERY","station_name":"Georgetown Safeway - Tesla Supercharger","station_phone":"877-798-3752","updated_at":"2025-02-12T00:16:32Z","geocode_status":"GPS","city":"Washington","country":"US","intersection_directions":null,"plus4":null,"state":"DC","street_address":"1855 Wisconsin Ave NW","zip":"20007","bd_blends":null,"cng_dispenser_num":null,"cng_fill_type_code":null,"cng_has_rng":null,"cng_psi":null,"cng_renewable_source":null,"cng_total_compression":null,"cng_total_storage":null,"cng_vehicle_class":null,"e85_blender_pump":null,"e85_other_ethanol_blends":null,"ev_connector_types":["TESLA"],"ev_dc_fast_num":8,"ev_level1_evse_num":null,"ev_level2_evse_num":null,"ev_network":"Tesla","ev_network_web":"https://www.tesla.com/supercharger","ev_other_evse":null,"ev_pricing":null,"ev_renewable_source":null,"ev_workplace_charging":false,"hy_is_retail":null,"hy_pressures":null,"hy_standards":null,"hy_status_link":null,"lng_has_rng":null,"lng_renewable_source":null,"lng_vehicle_class":null,"lpg_nozzle_types":null,"lpg_primary":null,"ng_fill_type_code":null,"ng_psi":null,"ng_vehicle_class":null,"rd_blended_with_biodiesel":null,"rd_blends":null,"rd_blends_fr":null,"rd_max_biodiesel_level":null,"nps_unit_name":null,"access_days_time_fr":null,"intersection_directions_fr":null,"bd_blends_fr":null,"groups_with_access_code_fr":"Public","ev_pricing_fr":null}},{"type":"Feature","geometry":{"type":"Point","coordinates":[-77.029685,38.896748]},"properties":{"access_code":"public","access_days_time":"24 hours daily","access_detail_code":null,"cards_accepted":null,"date_last_confirmed":"2025-04-23","expected_date":null,"fuel_type_code":"ELEC","groups_with_access_code":"Public","id":155091,"maximum_vehicle_class":null,"open_date":"2019-04-30","owner_type_code":null,"restricted_access":null,"status_code":"E","funding_sources":null,"facility_type":null,"station_name":"QuikPark Inc.","station_phone":"866-816-7584","updated_at":"2025-04-23T03:12:18Z","geocode_status":"GPS","city":"Washington","country":"US","intersection_directions":null,"plus4":null,"state":"DC","street_address":"560 13th St NW","zip":"20045","bd_blends":null,"cng_dispenser_num":null,"cng_fill_type_code":null,"cng_has_rng":null,"cng_psi":null,"cng_renewable_source":null,"cng_total_compression":null,"cng_total_storage":null,"cng_vehicle_class":null,"e85_blender_pump":null,"e85_other_ethanol_blends":null,"ev_connector_types":["J1772"],"ev_dc_fast_num":null,"ev_level1_evse_num":null,"ev_level2_evse_num":5,"ev_network":"EV Connect","ev_network_web":"https://www.evconnect.com","ev_other_evse":null,"ev_pricing":null,"ev_renewable_source":null,"ev_workplace_charging":false,"hy_is_retail":null,"hy_pressures":null,"hy_standards":null,"hy_status_link":null,"lng_has_rng":null,"lng_renewable_source":null,"lng_vehicle_class":null,"lpg_nozzle_types":null,"lpg_primary":null,"ng_fill_type_code":null,"ng_psi":null,"ng_vehicle_class":null,"rd_blended_with_biodiesel":null,"rd_blends":null,"rd_blends_fr":null,"rd_max_biodiesel_level":null,"nps_unit_name":null,"access_days_time_fr":null,"intersection_directions_fr":null,"bd_blends_fr":null,"groups_with_access_code_fr":"Public","ev_pricing_fr":null,"ev_network_ids":{"station":["57a5c52c-5145-4f45-b3a3-5cc6c4dea68b"],"posts":["63340368769d34776391ee76","63340368769d34776391ee77","63340368769d34776391ee78","63340368769d34776391f293","63340369769d34776391f3cd"]}}},{"type":"Feature","geometry":{"type":"Point","coordinates":[-77.020937,38.903804]},"properties":{"access_code":"public","access_days_time":"24 hours daily","access_detail_code":null,"cards_accepted":null,"date_last_confirmed":"2025-04-23","expected_date":"2022-09-09","fuel_type_code":"ELEC","groups_with_access_code":"TEMPORARILY UNAVAILABLE (Public)","id":155343,"maximum_vehicle_class":null,"open_date":"2020-04-14","owner_type_code":null,"restricted_access":null,"status_code":"T","funding_sources":null,"facility_type":null,"station_name":"BROOKCHARGE LB1A 25,27","station_phone":"888-758-4389","updated_at":"2025-04-23T01:01:02Z","geocode_status":"GPS","city":"Washington","country":"US","intersection_directions":"Near Elevator","plus4":null,"state":"DC","street_address":"655 New York Ave.","zip":"20001","bd_blends":null,"cng_dispenser_num":null,"cng_fill_type_code":null,"cng_has_rng":null,"cng_psi":null,"cng_renewable_source":null,"cng_total_compression":null,"cng_total_storage":null,"cng_vehicle_class":null,"e85_blender_pump":null,"e85_other_ethanol_blends":null,"ev_connector_types":["J1772"],"ev_dc_fast_num":null,"ev_level1_evse_num":null,"ev_level2_evse_num":1,"ev_network":"ChargePoint Network","ev_network_web":"https://www.chargepoint.com","ev_other_evse":null,"ev_pricing":null,"ev_renewable_source":null,"ev_workplace_charging":false,"hy_is_retail":null,"hy_pressures":null,"hy_standards":null,"hy_status_link":null,"lng_has_rng":null,"lng_renewable_source":null,"lng_vehicle_class":null,"lpg_nozzle_types":null,"lpg_primary":null,"ng_fill_type_code":null,"ng_psi":null,"ng_vehicle_class":null,"rd_blended_with_biodiesel":null,"rd_blends":null,"rd_blends_fr":null,"rd_max_biodiesel_level":null,"nps_unit_name":null,"access_days_time_fr":null,"intersection_directions_fr":null,"bd_blends_fr":null,"groups_with_access_code_fr":"TEMPORAIREMENT SUSPENDU (Public)","ev_pricing_fr":null,"ev_network_ids":{"station":["USCPIL500451"],"posts":["679701"]}}},{"type":"Feature","geometry":{"type":"Point","coordinates":[-77.007631,38.875646]},"properties":{"access_code":"public","access_days_time":"24 hours daily","access_detail_code":null,"cards_accepted":null,"date_last_confirmed":"2025-04-23","expected_date":"2024-11-16","fuel_type_code":"ELEC","groups_with_access_code":"TEMPORARILY UNAVAILABLE (Public)","id":163546,"maximum_vehicle_class":null,"open_date":"2020-06-23","owner_type_code":null,"restricted_access":null,"status_code":"T","funding_sources":null,"facility_type":null,"station_name":"WEST HALF 2 & 3 WEST HALF EV 1","station_phone":"888-758-4389","updated_at":"2025-04-23T01:10:19Z","geocode_status":"GPS","city":"Washington","country":"US","intersection_directions":"P2 spaces P2-43 + P2-44","plus4":null,"state":"DC","street_address":"1201 Half St SE","zip":"20003","bd_blends":null,"cng_dispenser_num":null,"cng_fill_type_code":null,"cng_has_rng":null,"cng_psi":null,"cng_renewable_source":null,"cng_total_compression":null,"cng_total_storage":null,"cng_vehicle_class":null,"e85_blender_pump":null,"e85_other_ethanol_blends":null,"ev_connector_types":["J1772"],"ev_dc_fast_num":null,"ev_level1_evse_num":null,"ev_level2_evse_num":2,"ev_network":"ChargePoint Network","ev_network_web":"https://www.chargepoint.com","ev_other_evse":null,"ev_pricing":null,"ev_renewable_source":null,"ev_workplace_charging":false,"hy_is_retail":null,"hy_pressures":null,"hy_standards":null,"hy_status_link":null,"lng_has_rng":null,"lng_renewable_source":null,"lng_vehicle_class":null,"lpg_nozzle_types":null,"lpg_primary":null,"ng_fill_type_code":null,"ng_psi":null,"ng_vehicle_class":null,"rd_blended_with_biodiesel":null,"rd_blends":null,"rd_blends_fr":null,"rd_max_biodiesel_level":null,"nps_unit_name":null,"access_days_time_fr":null,"intersection_directions_fr":null,"bd_blends_fr":null,"groups_with_access_code_fr":"TEMPORAIREMENT SUSPENDU (Public)","ev_pricing_fr":null,"ev_network_ids":{"station":["USCPIL1879231"],"posts":["8927941","8927951"]}}},{"type":"Feature","geometry":{"type":"Point","coordinates":[-77.02679,38.96148]},"properties":{"access_code":"public","access_days_time":"24 hours daily","access_detail_code":null,"cards_accepted":null,"date_last_confirmed":"2025-04-23","expected_date":null,"fuel_type_code":"ELEC","groups_with_access_code":"Public","id":163628,"maximum_vehicle_class":null,"open_date":"2020-06-25","owner_type_code":null,"restricted_access":null,"status_code":"E","funding_sources":null,"facility_type":null,"station_name":"Walmart 5968 - Georgia Ave, DC","station_phone":"833-632-2778","updated_at":"2025-04-23T03:02:59Z","geocode_status":"GPS","city":"Washington","country":"US","intersection_directions":null,"plus4":null,"state":"DC","street_address":"5929 Georgia Ave NW","zip":"20011","bd_blends":null,"cng_dispenser_num":null,"cng_fill_type_code":null,"cng_has_rng":null,"cng_psi":null,"cng_renewable_source":null,"cng_total_compression":null,"cng_total_storage":null,"cng_vehicle_class":null,"e85_blender_pump":null,"e85_other_ethanol_blends":null,"ev_connector_types":["J1772","J1772COMBO"],"ev_dc_fast_num":3,"ev_level1_evse_num":null,"ev_level2_evse_num":1,"ev_network":"Electrify America","ev_network_web":"https://www.electrifyamerica.com","ev_other_evse":null,"ev_pricing":null,"ev_renewable_source":null,"ev_workplace_charging":false,"hy_is_retail":null,"hy_pressures":null,"hy_standards":null,"hy_status_link":null,"lng_has_rng":null,"lng_renewable_source":null,"lng_vehicle_class":null,"lpg_nozzle_types":null,"lpg_primary":null,"ng_fill_type_code":null,"ng_psi":null,"ng_vehicle_class":null,"rd_blended_with_biodiesel":null,"rd_blends":null,"rd_blends_fr":null,"rd_max_biodiesel_level":null,"nps_unit_name":null,"access_days_time_fr":null,"intersection_directions_fr":null,"bd_blends_fr":null,"groups_with_access_code_fr":"Public","ev_pricing_fr":null,"ev_network_ids":{"station":["200225"],"posts":["200225-01","200225-02","200225-03","200225-50"]}}},{"type":"Feature","geometry":{"type":"Point","coordinates":[-77.096092,38.945791]},"properties":{"access_code":"public","access_days_time":"Mon 6:00am - 11:59pm; Tue 6:00am - 11:59pm; Wed 6:00am - 11:59pm; Thu 6:00am - 11:59pm; Fri 6:00am - 11:59pm; Sat 6:00am - 11:59pm; Sun 6:00am - 11:59pm","access_detail_code":null,"cards_accepted":null,"date_last_confirmed":"2025-04-23","expected_date":null,"fuel_type_code":"ELEC","groups_with_access_code":"Public","id":164012,"maximum_vehicle_class":null,"open_date":"2020-07-02","owner_type_code":null,"restricted_access":false,"status_code":"E","funding_sources":null,"facility_type":null,"station_name":"Spring Valley Shopping Center","station_phone":"855-900-7584","updated_at":"2025-04-23T02:56:37Z","geocode_status":"GPS","city":"Washington","country":"US","intersection_directions":null,"plus4":null,"state":"DC","street_address":"4851 Massachusetts Ave","zip":"20016","bd_blends":null,"cng_dispenser_num":null,"cng_fill_type_code":null,"cng_has_rng":null,"cng_psi":null,"cng_renewable_source":null,"cng_total_compression":null,"cng_total_storage":null,"cng_vehicle_class":null,"e85_blender_pump":null,"e85_other_ethanol_blends":null,"ev_connector_types":["J1772"],"ev_dc_fast_num":null,"ev_level1_evse_num":null,"ev_level2_evse_num":2,"ev_network":"SHELL_RECHARGE","ev_network_web":"https://www.shell.us/motorist/electric-vehicle-charging.html","ev_other_evse":null,"ev_pricing":null,"ev_renewable_source":null,"ev_workplace_charging":false,"hy_is_retail":null,"hy_pressures":null,"hy_standards":null,"hy_status_link":null,"lng_has_rng":null,"lng_renewable_source":null,"lng_vehicle_class":null,"lpg_nozzle_types":null,"lpg_primary":null,"ng_fill_type_code":null,"ng_psi":null,"ng_vehicle_class":null,"rd_blended_with_biodiesel":null,"rd_blends":null,"rd_blends_fr":null,"rd_max_biodiesel_level":null,"nps_unit_name":null,"access_days_time_fr":null,"intersection_directions_fr":null,"bd_blends_fr":null,"groups_with_access_code_fr":"Public","ev_pricing_fr":null,"ev_network_ids":{"station":["6183"],"posts":["2S2S-01","2S2S-02"]}}},{"type":"Feature","geometry":{"type":"Point","coordinates":[-77.024665,38.919526]},"properties":{"access_code":"public","access_days_time":"24 hours daily","access_detail_code":null,"cards_accepted":null,"date_last_confirmed":"2025-04-23","expected_date":null,"fuel_type_code":"ELEC","groups_with_access_code":"Public","id":164139,"maximum_vehicle_class":null,"open_date":"2020-07-11","owner_type_code":null,"restricted_access":null,"status_code":"E","funding_sources":null,"facility_type":null,"station_name":"Whole Foods - DC","station_phone":"888-998-2546","updated_at":"2025-04-23T00:12:27Z","geocode_status":"GPS","city":"Washington","country":"US","intersection_directions":null,"plus4":null,"state":"DC","street_address":"965 Florida Ave NW","zip":"20001","bd_blends":null,"cng_dispenser_num":null,"cng_fill_type_code":null,"cng_has_rng":null,"cng_psi":null,"cng_renewable_source":null,"cng_total_compression":null,"cng_total_storage":null,"cng_vehicle_class":null,"e85_blender_pump":null,"e85_other_ethanol_blends":null,"ev_connector_types":["J1772"],"ev_dc_fast_num":null,"ev_level1_evse_num":null,"ev_level2_evse_num":2,"ev_network":"Blink Network","ev_network_web":"https://blinkcharging.com","ev_other_evse":null,"ev_pricing":"Free","ev_renewable_source":null,"ev_workplace_charging":false,"hy_is_retail":null,"hy_pressures":null,"hy_standards":null,"hy_status_link":null,"lng_has_rng":null,"lng_renewable_source":null,"lng_vehicle_class":null,"lpg_nozzle_types":null,"lpg_primary":null,"ng_fill_type_code":null,"ng_psi":null,"ng_vehicle_class":null,"rd_blended_with_biodiesel":null,"rd_blends":null,"rd_blends_fr":null,"rd_max_biodiesel_level":null,"nps_unit_name":null,"access_days_time_fr":null,"intersection_directions_fr":null,"bd_blends_fr":null,"groups_with_access_code_fr":"Public","ev_pricing_fr":null,"ev_network_ids":{"station":["465ba1dd-d734-8158-93cc-330000503738"],"posts":["23dc3831-3f3d-48e9-0409-239fd15e46cc","9d57482b-175c-1448-a660-05bd402fe0f3"]}}},{"type":"Feature","geometry":{"type":"Point","coordinates":[-77.059528,38.903686]},"properties":{"access_code":"public","access_days_time":"24 hours daily","access_detail_code":null,"cards_accepted":null,"date_last_confirmed":"2025-04-23","expected_date":null,"fuel_type_code":"ELEC","groups_with_access_code":"Public","id":164718,"maximum_vehicle_class":null,"open_date":"2020-08-01","owner_type_code":null,"restricted_access":null,"status_code":"E","funding_sources":null,"facility_type":null,"station_name":"JBG - The Foundry","station_phone":"888-998-2546","updated_at":"2025-04-23T00:08:37Z","geocode_status":"GPS","city":"Washington","country":"US","intersection_directions":null,"plus4":null,"state":"DC","street_address":"1055 Thomas Jefferson St NW","zip":"20007","bd_blends":null,"cng_dispenser_num":null,"cng_fill_type_code":null,"cng_has_rng":null,"cng_psi":null,"cng_renewable_source":null,"cng_total_compression":null,"cng_total_storage":null,"cng_vehicle_class":null,"e85_blender_pump":null,"e85_other_ethanol_blends":null,"ev_connector_types":["J1772"],"ev_dc_fast_num":null,"ev_level1_evse_num":null,"ev_level2_evse_num":1,"ev_network":"Blink Network","ev_network_web":"https://blinkcharging.com","ev_other_evse":null,"ev_pricing":"Free","ev_renewable_source":null,"ev_workplace_charging":false,"hy_is_retail":null,"hy_pressures":null,"hy_standards":null,"hy_status_link":null,"lng_has_rng":null,"lng_renewable_source":null,"lng_vehicle_class":null,"lpg_nozzle_types":null,"lpg_primary":null,"ng_fill_type_code":null,"ng_psi":null,"ng_vehicle_class":null,"rd_blended_with_biodiesel":null,"rd_blends":null,"rd_blends_fr":null,"rd_max_biodiesel_level":null,"nps_unit_name":null,"access_days_time_fr":null,"intersection_directions_fr":null,"bd_blends_fr":null,"groups_with_access_code_fr":"Public","ev_pricing_fr":null,"ev_network_ids":{"station":["465ba1dd-d734-8158-93cc-330000318906"],"posts":["76d3f33b-416e-42e0-94d4-203eee6d5541"]}}},{"type":"Feature","geometry":{"type":"Point","coordinates":[-77.007855,38.876829]},"properties":{"access_code":"public","access_days_time":"24 hours daily","access_detail_code":null,"cards_accepted":null,"date_last_confirmed":"2025-04-23","expected_date":"2025-04-18","fuel_type_code":"ELEC","groups_with_access_code":"TEMPORARILY UNAVAILABLE (Public)","id":164765,"maximum_vehicle_class":null,"open_date":"2020-08-01","owner_type_code":null,"restricted_access":null,"status_code":"T","funding_sources":null,"facility_type":null,"station_name":"20 M St. Parking","station_phone":"888-998-2546","updated_at":"2025-04-23T00:22:35Z","geocode_status":"GPS","city":"Washington","country":"US","intersection_directions":null,"plus4":null,"state":"DC","street_address":"20 M St. SE","zip":"20003","bd_blends":null,"cng_dispenser_num":null,"cng_fill_type_code":null,"cng_has_rng":null,"cng_psi":null,"cng_renewable_source":null,"cng_total_compression":null,"cng_total_storage":null,"cng_vehicle_class":null,"e85_blender_pump":null,"e85_other_ethanol_blends":null,"ev_connector_types":["J1772"],"ev_dc_fast_num":null,"ev_level1_evse_num":null,"ev_level2_evse_num":1,"ev_network":"Blink Network","ev_network_web":"https://blinkcharging.com","ev_other_evse":null,"ev_pricing":"Free","ev_renewable_source":null,"ev_workplace_charging":false,"hy_is_retail":null,"hy_pressures":null,"hy_standards":null,"hy_status_link":null,"lng_has_rng":null,"lng_renewable_source":null,"lng_vehicle_class":null,"lpg_nozzle_types":null,"lpg_primary":null,"ng_fill_type_code":null,"ng_psi":null,"ng_vehicle_class":null,"rd_blended_with_biodiesel":null,"rd_blends":null,"rd_blends_fr":null,"rd_max_biodiesel_level":null,"nps_unit_name":null,"access_days_time_fr":null,"intersection_directions_fr":null,"bd_blends_fr":null,"groups_with_access_code_fr":"TEMPORAIREMENT SUSPENDU (Public)","ev_pricing_fr":null,"ev_network_ids":{"station":["465ba1dd-d734-8158-93cc-330000455841"],"posts":["c74e01c9-196a-4108-2402-ab48ea41145e"]}}},{"type":"Feature","geometry":{"type":"Point","coordinates":[-77.0234,38.883395]},"properties":{"access_code":"public","access_days_time":"24 hours daily","access_detail_code":null,"cards_accepted":null,"date_last_confirmed":"2025-04-23","expected_date":null,"fuel_type_code":"ELEC","groups_with_access_code":"Public","id":164777,"maximum_vehicle_class":null,"open_date":"2020-08-01","owner_type_code":null,"restricted_access":null,"status_code":"E","funding_sources":null,"facility_type":null,"station_name":"500 LEnfant Plaza","station_phone":"888-998-2546","updated_at":"2025-04-23T00:25:14Z","geocode_status":"GPS","city":"Washington","country":"US","intersection_directions":null,"plus4":null,"state":"DC","street_address":"500 L'Enfant Plaza SW","zip":"20024","bd_blends":null,"cng_dispenser_num":null,"cng_fill_type_code":null,"cng_has_rng":null,"cng_psi":null,"cng_renewable_source":null,"cng_total_compression":null,"cng_total_storage":null,"cng_vehicle_class":null,"e85_blender_pump":null,"e85_other_ethanol_blends":null,"ev_connector_types":["J1772"],"ev_dc_fast_num":null,"ev_level1_evse_num":null,"ev_level2_evse_num":4,"ev_network":"Blink Network","ev_network_web":"https://blinkcharging.com","ev_other_evse":null,"ev_pricing":"Free","ev_renewable_source":null,"ev_workplace_charging":false,"hy_is_retail":null,"hy_pressures":null,"hy_standards":null,"hy_status_link":null,"lng_has_rng":null,"lng_renewable_source":null,"lng_vehicle_class":null,"lpg_nozzle_types":null,"lpg_primary":null,"ng_fill_type_code":null,"ng_psi":null,"ng_vehicle_class":null,"rd_blended_with_biodiesel":null,"rd_blends":null,"rd_blends_fr":null,"rd_max_biodiesel_level":null,"nps_unit_name":null,"access_days_time_fr":null,"intersection_directions_fr":null,"bd_blends_fr":null,"groups_with_access_code_fr":"Public","ev_pricing_fr":null,"ev_network_ids":{"station":["465ba1dd-d734-8158-93cc-330000424383"],"posts":["5092e06a-2032-1725-903f-be2a370008ea","73708143-37ac-4053-aefd-2c6ecf9c2362","b35b9657-d2db-55bb-fc68-2df569685877","bc53131d-0d57-085e-13ed-1dcc91f24e3d"]}}},{"type":"Feature","geometry":{"type":"Point","coordinates":[-77.04772,38.90394]},"properties":{"access_code":"public","access_days_time":"24 hours daily","access_detail_code":null,"cards_accepted":null,"date_last_confirmed":"2025-04-23","expected_date":null,"fuel_type_code":"ELEC","groups_with_access_code":"Public","id":166968,"maximum_vehicle_class":null,"open_date":"2020-09-22","owner_type_code":null,"restricted_access":null,"status_code":"E","funding_sources":null,"facility_type":null,"station_name":"JBG 2101 L Street - B1","station_phone":"888-998-2546","updated_at":"2025-04-23T00:01:58Z","geocode_status":"GPS","city":"Washington","country":"US","intersection_directions":null,"plus4":null,"state":"DC","street_address":"2101 L Street","zip":"20037","bd_blends":null,"cng_dispenser_num":null,"cng_fill_type_code":null,"cng_has_rng":null,"cng_psi":null,"cng_renewable_source":null,"cng_total_compression":null,"cng_total_storage":null,"cng_vehicle_class":null,"e85_blender_pump":null,"e85_other_ethanol_blends":null,"ev_connector_types":["J1772"],"ev_dc_fast_num":null,"ev_level1_evse_num":null,"ev_level2_evse_num":1,"ev_network":"Blink Network","ev_network_web":"https://blinkcharging.com","ev_other_evse":null,"ev_pricing":"Free","ev_renewable_source":null,"ev_workplace_charging":false,"hy_is_retail":null,"hy_pressures":null,"hy_standards":null,"hy_status_link":null,"lng_has_rng":null,"lng_renewable_source":null,"lng_vehicle_class":null,"lpg_nozzle_types":null,"lpg_primary":null,"ng_fill_type_code":null,"ng_psi":null,"ng_vehicle_class":null,"rd_blended_with_biodiesel":null,"rd_blends":null,"rd_blends_fr":null,"rd_max_biodiesel_level":null,"nps_unit_name":null,"access_days_time_fr":null,"intersection_directions_fr":null,"bd_blends_fr":null,"groups_with_access_code_fr":"Public","ev_pricing_fr":null,"ev_network_ids":{"station":["465ba1dd-d734-8158-93cc-330000521760"],"posts":["99ca92a6-bb0e-96af-a34d-49cf0c5de927"]}}},{"type":"Feature","geometry":{"type":"Point","coordinates":[-77.009695,38.866563]},"properties":{"access_code":"public","access_days_time":"24 hours daily","access_detail_code":null,"cards_accepted":null,"date_last_confirmed":"2025-04-23","expected_date":null,"fuel_type_code":"ELEC","groups_with_access_code":"Public","id":167157,"maximum_vehicle_class":null,"open_date":"2020-09-29","owner_type_code":null,"restricted_access":null,"status_code":"E","funding_sources":null,"facility_type":null,"station_name":"WATERMARK DC STATION 3","station_phone":"888-758-4389","updated_at":"2025-04-23T01:20:51Z","geocode_status":"GPS","city":"Washington","country":"US","intersection_directions":"Parking Garage WaterMark building split space 1 handicapped access","plus4":null,"state":"DC","street_address":"1900 Half St SW","zip":"20593","bd_blends":null,"cng_dispenser_num":null,"cng_fill_type_code":null,"cng_has_rng":null,"cng_psi":null,"cng_renewable_source":null,"cng_total_compression":null,"cng_total_storage":null,"cng_vehicle_class":null,"e85_blender_pump":null,"e85_other_ethanol_blends":null,"ev_connector_types":["J1772"],"ev_dc_fast_num":null,"ev_level1_evse_num":null,"ev_level2_evse_num":2,"ev_network":"ChargePoint Network","ev_network_web":"https://www.chargepoint.com","ev_other_evse":null,"ev_pricing":null,"ev_renewable_source":null,"ev_workplace_charging":false,"hy_is_retail":null,"hy_pressures":null,"hy_standards":null,"hy_status_link":null,"lng_has_rng":null,"lng_renewable_source":null,"lng_vehicle_class":null,"lpg_nozzle_types":null,"lpg_primary":null,"ng_fill_type_code":null,"ng_psi":null,"ng_vehicle_class":null,"rd_blended_with_biodiesel":null,"rd_blends":null,"rd_blends_fr":null,"rd_max_biodiesel_level":null,"nps_unit_name":null,"access_days_time_fr":null,"intersection_directions_fr":null,"bd_blends_fr":null,"groups_with_access_code_fr":"Public","ev_pricing_fr":null,"ev_network_ids":{"station":["USCPIL5383031"],"posts":["8974441","8974451"]}}},{"type":"Feature","geometry":{"type":"Point","coordinates":[-77.0244732,38.9005843]},"properties":{"access_code":"public","access_days_time":"24 hours daily","access_detail_code":null,"cards_accepted":null,"date_last_confirmed":"2025-04-23","expected_date":null,"fuel_type_code":"ELEC","groups_with_access_code":"Public","id":167874,"maximum_vehicle_class":null,"open_date":"2017-10-06","owner_type_code":null,"restricted_access":null,"status_code":"E","funding_sources":null,"facility_type":null,"station_name":"City Center Hines","station_phone":"888-998-2546","updated_at":"2025-04-23T00:29:40Z","geocode_status":"GPS","city":"Washington","country":"US","intersection_directions":null,"plus4":null,"state":"DC","street_address":"870 9th Street Northwest","zip":"20001","bd_blends":null,"cng_dispenser_num":null,"cng_fill_type_code":null,"cng_has_rng":null,"cng_psi":null,"cng_renewable_source":null,"cng_total_compression":null,"cng_total_storage":null,"cng_vehicle_class":null,"e85_blender_pump":null,"e85_other_ethanol_blends":null,"ev_connector_types":["J1772"],"ev_dc_fast_num":null,"ev_level1_evse_num":null,"ev_level2_evse_num":20,"ev_network":"Blink Network","ev_network_web":"https://blinkcharging.com","ev_other_evse":null,"ev_pricing":"$0.00-$5.00/Hr Variable Parking Fee","ev_renewable_source":null,"ev_workplace_charging":false,"hy_is_retail":null,"hy_pressures":null,"hy_standards":null,"hy_status_link":null,"lng_has_rng":null,"lng_renewable_source":null,"lng_vehicle_class":null,"lpg_nozzle_types":null,"lpg_primary":null,"ng_fill_type_code":null,"ng_psi":null,"ng_vehicle_class":null,"rd_blended_with_biodiesel":null,"rd_blends":null,"rd_blends_fr":null,"rd_max_biodiesel_level":null,"nps_unit_name":null,"access_days_time_fr":null,"intersection_directions_fr":null,"bd_blends_fr":null,"groups_with_access_code_fr":"Public","ev_pricing_fr":null,"ev_network_ids":{"station":["d0e864cf-fb2a-3dbf-1307-c00000004047"],"posts":["d9ac0aa1-4972-3e61-1307-300000103071","d9ac0aa1-4972-3e61-1307-300000103121","d9ac0aa1-4972-3e61-1307-300000103181","d9ac0aa1-4972-3e61-1307-300000103191","d9ac0aa1-4972-3e61-1307-300000103201","d9ac0aa1-4972-3e61-1307-300000103211","d9ac0aa1-4972-3e61-1307-300000103231","d9ac0aa1-4972-3e61-1307-300000103241","d9ac0aa1-4972-3e61-1307-300000103251","d9ac0aa1-4972-3e61-1307-300000103261","d9ac0aa1-4972-3e61-1307-300000103271","d9ac0aa1-4972-3e61-1307-300000103281","d9ac0aa1-4972-3e61-1307-300000103301","d9ac0aa1-4972-3e61-1307-300000103311","d9ac0aa1-4972-3e61-1307-300000103321","d9ac0aa1-4972-3e61-1307-300000103331","d9ac0aa1-4972-3e61-1307-300000103351","d9ac0aa1-4972-3e61-1307-300000103361","d9ac0aa1-4972-3e61-1307-300000103381","d9ac0aa1-4972-3e61-1307-300000103431"]}}},{"type":"Feature","geometry":{"type":"Point","coordinates":[-77.031974,38.930895]},"properties":{"access_code":"public","access_days_time":"Mon 6:00am - 11:59pm; Tue 6:00am - 11:59pm; Wed 6:00am - 11:59pm; Thu 6:00am - 11:59pm; Fri 6:00am - 11:59pm; Sat 6:00am - 11:59pm; Sun 6:00am - 11:59pm","access_detail_code":null,"cards_accepted":null,"date_last_confirmed":"2025-04-23","expected_date":null,"fuel_type_code":"ELEC","groups_with_access_code":"Public","id":167946,"maximum_vehicle_class":null,"open_date":"2020-10-19","owner_type_code":null,"restricted_access":false,"status_code":"E","funding_sources":null,"facility_type":null,"station_name":"Tivoli Square","station_phone":"855-900-7584","updated_at":"2025-04-23T02:54:19Z","geocode_status":"GPS","city":"Washington","country":"US","intersection_directions":null,"plus4":null,"state":"DC","street_address":"1345 Park Rd NW, Tivoli Square,","zip":"20010","bd_blends":null,"cng_dispenser_num":null,"cng_fill_type_code":null,"cng_has_rng":null,"cng_psi":null,"cng_renewable_source":null,"cng_total_compression":null,"cng_total_storage":null,"cng_vehicle_class":null,"e85_blender_pump":null,"e85_other_ethanol_blends":null,"ev_connector_types":["J1772"],"ev_dc_fast_num":null,"ev_level1_evse_num":null,"ev_level2_evse_num":2,"ev_network":"SHELL_RECHARGE","ev_network_web":"https://www.shell.us/motorist/electric-vehicle-charging.html","ev_other_evse":null,"ev_pricing":null,"ev_renewable_source":null,"ev_workplace_charging":false,"hy_is_retail":null,"hy_pressures":null,"hy_standards":null,"hy_status_link":null,"lng_has_rng":null,"lng_renewable_source":null,"lng_vehicle_class":null,"lpg_nozzle_types":null,"lpg_primary":null,"ng_fill_type_code":null,"ng_psi":null,"ng_vehicle_class":null,"rd_blended_with_biodiesel":null,"rd_blends":null,"rd_blends_fr":null,"rd_max_biodiesel_level":null,"nps_unit_name":null,"access_days_time_fr":null,"intersection_directions_fr":null,"bd_blends_fr":null,"groups_with_access_code_fr":"Public","ev_pricing_fr":null,"ev_network_ids":{"station":["5273"],"posts":["2NYX-01","2NYX-02"]}}},{"type":"Feature","geometry":{"type":"Point","coordinates":[-77.00554,38.877943]},"properties":{"access_code":"public","access_days_time":"24 hours daily","access_detail_code":null,"cards_accepted":null,"date_last_confirmed":"2025-04-23","expected_date":null,"fuel_type_code":"ELEC","groups_with_access_code":"Public","id":168255,"maximum_vehicle_class":null,"open_date":"2020-11-11","owner_type_code":null,"restricted_access":null,"status_code":"E","funding_sources":null,"facility_type":null,"station_name":"M FIRST STATION #1","station_phone":"888-758-4389","updated_at":"2025-04-23T01:20:09Z","geocode_status":"GPS","city":"Washington","country":"US","intersection_directions":null,"plus4":null,"state":"DC","street_address":"1000 First St SE","zip":"20003","bd_blends":null,"cng_dispenser_num":null,"cng_fill_type_code":null,"cng_has_rng":null,"cng_psi":null,"cng_renewable_source":null,"cng_total_compression":null,"cng_total_storage":null,"cng_vehicle_class":null,"e85_blender_pump":null,"e85_other_ethanol_blends":null,"ev_connector_types":["J1772"],"ev_dc_fast_num":null,"ev_level1_evse_num":null,"ev_level2_evse_num":2,"ev_network":"ChargePoint Network","ev_network_web":"https://www.chargepoint.com","ev_other_evse":null,"ev_pricing":null,"ev_renewable_source":null,"ev_workplace_charging":false,"hy_is_retail":null,"hy_pressures":null,"hy_standards":null,"hy_status_link":null,"lng_has_rng":null,"lng_renewable_source":null,"lng_vehicle_class":null,"lpg_nozzle_types":null,"lpg_primary":null,"ng_fill_type_code":null,"ng_psi":null,"ng_vehicle_class":null,"rd_blended_with_biodiesel":null,"rd_blends":null,"rd_blends_fr":null,"rd_max_biodiesel_level":null,"nps_unit_name":null,"access_days_time_fr":null,"intersection_directions_fr":null,"bd_blends_fr":null,"groups_with_access_code_fr":"Public","ev_pricing_fr":null,"ev_network_ids":{"station":["USCPIL5360321"],"posts":["23630351","23630361"]}}},{"type":"Feature","geometry":{"type":"Point","coordinates":[-77.027616,38.897369]},"properties":{"access_code":"private","access_days_time":null,"access_detail_code":null,"cards_accepted":null,"date_last_confirmed":"2024-07-01","expected_date":null,"fuel_type_code":"ELEC","groups_with_access_code":"Private","id":168542,"maximum_vehicle_class":null,"open_date":"2020-11-03","owner_type_code":"P","restricted_access":null,"status_code":"E","funding_sources":null,"facility_type":null,"station_name":"1155 F Street - Tesla Destination","station_phone":"877-798-3752","updated_at":"2025-02-12T00:16:32Z","geocode_status":"200-9","city":"Washington","country":"US","intersection_directions":null,"plus4":null,"state":"DC","street_address":"1155 F Street NW","zip":"20004","bd_blends":null,"cng_dispenser_num":null,"cng_fill_type_code":null,"cng_has_rng":null,"cng_psi":null,"cng_renewable_source":null,"cng_total_compression":null,"cng_total_storage":null,"cng_vehicle_class":null,"e85_blender_pump":null,"e85_other_ethanol_blends":null,"ev_connector_types":["TESLA"],"ev_dc_fast_num":null,"ev_level1_evse_num":null,"ev_level2_evse_num":3,"ev_network":"Tesla Destination","ev_network_web":"https://www.tesla.com/destination-charging","ev_other_evse":null,"ev_pricing":"Free","ev_renewable_source":null,"ev_workplace_charging":false,"hy_is_retail":null,"hy_pressures":null,"hy_standards":null,"hy_status_link":null,"lng_has_rng":null,"lng_renewable_source":null,"lng_vehicle_class":null,"lpg_nozzle_types":null,"lpg_primary":null,"ng_fill_type_code":null,"ng_psi":null,"ng_vehicle_class":null,"rd_blended_with_biodiesel":null,"rd_blends":null,"rd_blends_fr":null,"rd_max_biodiesel_level":null,"nps_unit_name":null,"access_days_time_fr":null,"intersection_directions_fr":null,"bd_blends_fr":null,"groups_with_access_code_fr":"Privé","ev_pricing_fr":null}},{"type":"Feature","geometry":{"type":"Point","coordinates":[-77.04548,38.903646]},"properties":{"access_code":"private","access_days_time":null,"access_detail_code":null,"cards_accepted":null,"date_last_confirmed":"2024-07-01","expected_date":null,"fuel_type_code":"ELEC","groups_with_access_code":"Private","id":168566,"maximum_vehicle_class":null,"open_date":"2020-11-03","owner_type_code":"P","restricted_access":null,"status_code":"E","funding_sources":null,"facility_type":null,"station_name":"Alexander Court - Tesla Destination","station_phone":"877-798-3752","updated_at":"2025-02-12T00:16:32Z","geocode_status":"200-9","city":"Washington","country":"US","intersection_directions":null,"plus4":null,"state":"DC","street_address":"2001 K St NW","zip":"20006","bd_blends":null,"cng_dispenser_num":null,"cng_fill_type_code":null,"cng_has_rng":null,"cng_psi":null,"cng_renewable_source":null,"cng_total_compression":null,"cng_total_storage":null,"cng_vehicle_class":null,"e85_blender_pump":null,"e85_other_ethanol_blends":null,"ev_connector_types":["TESLA"],"ev_dc_fast_num":null,"ev_level1_evse_num":null,"ev_level2_evse_num":4,"ev_network":"Tesla Destination","ev_network_web":"https://www.tesla.com/destination-charging","ev_other_evse":null,"ev_pricing":"Free","ev_renewable_source":null,"ev_workplace_charging":false,"hy_is_retail":null,"hy_pressures":null,"hy_standards":null,"hy_status_link":null,"lng_has_rng":null,"lng_renewable_source":null,"lng_vehicle_class":null,"lpg_nozzle_types":null,"lpg_primary":null,"ng_fill_type_code":null,"ng_psi":null,"ng_vehicle_class":null,"rd_blended_with_biodiesel":null,"rd_blends":null,"rd_blends_fr":null,"rd_max_biodiesel_level":null,"nps_unit_name":null,"access_days_time_fr":null,"intersection_directions_fr":null,"bd_blends_fr":null,"groups_with_access_code_fr":"Privé","ev_pricing_fr":null}},{"type":"Feature","geometry":{"type":"Point","coordinates":[-77.044321,38.899966]},"properties":{"access_code":"private","access_days_time":null,"access_detail_code":null,"cards_accepted":null,"date_last_confirmed":"2024-07-01","expected_date":null,"fuel_type_code":"ELEC","groups_with_access_code":"Private","id":168882,"maximum_vehicle_class":null,"open_date":"2020-11-03","owner_type_code":"P","restricted_access":null,"status_code":"E","funding_sources":null,"facility_type":null,"station_name":"International Monetary Fund - Tesla Destination","station_phone":"877-798-3752","updated_at":"2025-02-12T00:16:32Z","geocode_status":"200-9","city":"Washington","country":"US","intersection_directions":null,"plus4":null,"state":"DC","street_address":"1900 Pennsylvania Ave NW","zip":"20431","bd_blends":null,"cng_dispenser_num":null,"cng_fill_type_code":null,"cng_has_rng":null,"cng_psi":null,"cng_renewable_source":null,"cng_total_compression":null,"cng_total_storage":null,"cng_vehicle_class":null,"e85_blender_pump":null,"e85_other_ethanol_blends":null,"ev_connector_types":["TESLA"],"ev_dc_fast_num":null,"ev_level1_evse_num":null,"ev_level2_evse_num":4,"ev_network":"Tesla Destination","ev_network_web":"https://www.tesla.com/destination-charging","ev_other_evse":null,"ev_pricing":"Free","ev_renewable_source":null,"ev_workplace_charging":false,"hy_is_retail":null,"hy_pressures":null,"hy_standards":null,"hy_status_link":null,"lng_has_rng":null,"lng_renewable_source":null,"lng_vehicle_class":null,"lpg_nozzle_types":null,"lpg_primary":null,"ng_fill_type_code":null,"ng_psi":null,"ng_vehicle_class":null,"rd_blended_with_biodiesel":null,"rd_blends":null,"rd_blends_fr":null,"rd_max_biodiesel_level":null,"nps_unit_name":null,"access_days_time_fr":null,"intersection_directions_fr":null,"bd_blends_fr":null,"groups_with_access_code_fr":"Privé","ev_pricing_fr":null}},{"type":"Feature","geometry":{"type":"Point","coordinates":[-77.050069,38.904875]},"properties":{"access_code":"public","access_days_time":null,"access_detail_code":null,"cards_accepted":null,"date_last_confirmed":"2024-07-01","expected_date":null,"fuel_type_code":"ELEC","groups_with_access_code":"Public","id":169189,"maximum_vehicle_class":null,"open_date":"2015-07-01","owner_type_code":"P","restricted_access":null,"status_code":"E","funding_sources":null,"facility_type":null,"station_name":"The Residences at the Ritz-Carlton, Washington D.C. - Tesla Destination","station_phone":"877-798-3752","updated_at":"2025-02-12T00:16:32Z","geocode_status":"200-9","city":"Washington","country":"US","intersection_directions":null,"plus4":null,"state":"DC","street_address":"1111 23rd St","zip":"20037","bd_blends":null,"cng_dispenser_num":null,"cng_fill_type_code":null,"cng_has_rng":null,"cng_psi":null,"cng_renewable_source":null,"cng_total_compression":null,"cng_total_storage":null,"cng_vehicle_class":null,"e85_blender_pump":null,"e85_other_ethanol_blends":null,"ev_connector_types":["TESLA"],"ev_dc_fast_num":null,"ev_level1_evse_num":null,"ev_level2_evse_num":1,"ev_network":"Tesla Destination","ev_network_web":"https://www.tesla.com/destination-charging","ev_other_evse":null,"ev_pricing":"Free","ev_renewable_source":null,"ev_workplace_charging":false,"hy_is_retail":null,"hy_pressures":null,"hy_standards":null,"hy_status_link":null,"lng_has_rng":null,"lng_renewable_source":null,"lng_vehicle_class":null,"lpg_nozzle_types":null,"lpg_primary":null,"ng_fill_type_code":null,"ng_psi":null,"ng_vehicle_class":null,"rd_blended_with_biodiesel":null,"rd_blends":null,"rd_blends_fr":null,"rd_max_biodiesel_level":null,"nps_unit_name":null,"access_days_time_fr":null,"intersection_directions_fr":null,"bd_blends_fr":null,"groups_with_access_code_fr":"Public","ev_pricing_fr":null}},{"type":"Feature","geometry":{"type":"Point","coordinates":[-77.061943,38.903413]},"properties":{"access_code":"public","access_days_time":null,"access_detail_code":null,"cards_accepted":null,"date_last_confirmed":"2024-07-01","expected_date":null,"fuel_type_code":"ELEC","groups_with_access_code":"Public","id":169198,"maximum_vehicle_class":null,"open_date":"2017-06-19","owner_type_code":"P","restricted_access":null,"status_code":"E","funding_sources":null,"facility_type":null,"station_name":"The Ritz-Carlton, Georgetown - Tesla Destination","station_phone":"877-798-3752","updated_at":"2025-02-12T00:16:32Z","geocode_status":"200-9","city":"Washington","country":"US","intersection_directions":null,"plus4":null,"state":"DC","street_address":"3100 South Street NW","zip":"20007","bd_blends":null,"cng_dispenser_num":null,"cng_fill_type_code":null,"cng_has_rng":null,"cng_psi":null,"cng_renewable_source":null,"cng_total_compression":null,"cng_total_storage":null,"cng_vehicle_class":null,"e85_blender_pump":null,"e85_other_ethanol_blends":null,"ev_connector_types":["TESLA"],"ev_dc_fast_num":null,"ev_level1_evse_num":null,"ev_level2_evse_num":2,"ev_network":"Tesla Destination","ev_network_web":"https://www.tesla.com/destination-charging","ev_other_evse":null,"ev_pricing":"Free","ev_renewable_source":null,"ev_workplace_charging":false,"hy_is_retail":null,"hy_pressures":null,"hy_standards":null,"hy_status_link":null,"lng_has_rng":null,"lng_renewable_source":null,"lng_vehicle_class":null,"lpg_nozzle_types":null,"lpg_primary":null,"ng_fill_type_code":null,"ng_psi":null,"ng_vehicle_class":null,"rd_blended_with_biodiesel":null,"rd_blends":null,"rd_blends_fr":null,"rd_max_biodiesel_level":null,"nps_unit_name":null,"access_days_time_fr":null,"intersection_directions_fr":null,"bd_blends_fr":null,"groups_with_access_code_fr":"Public","ev_pricing_fr":null}},{"type":"Feature","geometry":{"type":"Point","coordinates":[-77.055597,38.899593]},"properties":{"access_code":"private","access_days_time":null,"access_detail_code":null,"cards_accepted":null,"date_last_confirmed":"2024-07-01","expected_date":null,"fuel_type_code":"ELEC","groups_with_access_code":"Private","id":169256,"maximum_vehicle_class":null,"open_date":"2020-11-03","owner_type_code":"P","restricted_access":null,"status_code":"E","funding_sources":null,"facility_type":null,"station_name":"Watergate Office Building - Tesla Destination","station_phone":"877-798-3752","updated_at":"2025-02-12T00:16:32Z","geocode_status":"200-9","city":"Washington","country":"US","intersection_directions":null,"plus4":null,"state":"DC","street_address":"2600 Virginia Avenue NW","zip":"20037","bd_blends":null,"cng_dispenser_num":null,"cng_fill_type_code":null,"cng_has_rng":null,"cng_psi":null,"cng_renewable_source":null,"cng_total_compression":null,"cng_total_storage":null,"cng_vehicle_class":null,"e85_blender_pump":null,"e85_other_ethanol_blends":null,"ev_connector_types":["TESLA"],"ev_dc_fast_num":null,"ev_level1_evse_num":null,"ev_level2_evse_num":8,"ev_network":"Tesla Destination","ev_network_web":"https://www.tesla.com/destination-charging","ev_other_evse":null,"ev_pricing":"Free","ev_renewable_source":null,"ev_workplace_charging":false,"hy_is_retail":null,"hy_pressures":null,"hy_standards":null,"hy_status_link":null,"lng_has_rng":null,"lng_renewable_source":null,"lng_vehicle_class":null,"lpg_nozzle_types":null,"lpg_primary":null,"ng_fill_type_code":null,"ng_psi":null,"ng_vehicle_class":null,"rd_blended_with_biodiesel":null,"rd_blends":null,"rd_blends_fr":null,"rd_max_biodiesel_level":null,"nps_unit_name":null,"access_days_time_fr":null,"intersection_directions_fr":null,"bd_blends_fr":null,"groups_with_access_code_fr":"Privé","ev_pricing_fr":null}},{"type":"Feature","geometry":{"type":"Point","coordinates":[-76.953047,38.922189]},"properties":{"access_code":"public","access_days_time":"24 hours daily. Please check Tesla's online station map to see if an adapter is required at this location.","access_detail_code":null,"cards_accepted":null,"date_last_confirmed":"2024-07-01","expected_date":null,"fuel_type_code":"ELEC","groups_with_access_code":"Public","id":169964,"maximum_vehicle_class":"LD","open_date":"2012-11-30","owner_type_code":"P","restricted_access":null,"status_code":"E","funding_sources":null,"facility_type":"SHOPPING_MALL","station_name":"Dakota Crossing - Tesla Supercharger","station_phone":"877-798-3752","updated_at":"2025-02-12T00:16:32Z","geocode_status":"GPS","city":"Washington","country":"US","intersection_directions":null,"plus4":null,"state":"DC","street_address":"2438 Market Street NE","zip":"20018","bd_blends":null,"cng_dispenser_num":null,"cng_fill_type_code":null,"cng_has_rng":null,"cng_psi":null,"cng_renewable_source":null,"cng_total_compression":null,"cng_total_storage":null,"cng_vehicle_class":null,"e85_blender_pump":null,"e85_other_ethanol_blends":null,"ev_connector_types":["TESLA"],"ev_dc_fast_num":12,"ev_level1_evse_num":null,"ev_level2_evse_num":null,"ev_network":"Tesla","ev_network_web":"https://www.tesla.com/supercharger","ev_other_evse":null,"ev_pricing":null,"ev_renewable_source":null,"ev_workplace_charging":false,"hy_is_retail":null,"hy_pressures":null,"hy_standards":null,"hy_status_link":null,"lng_has_rng":null,"lng_renewable_source":null,"lng_vehicle_class":null,"lpg_nozzle_types":null,"lpg_primary":null,"ng_fill_type_code":null,"ng_psi":null,"ng_vehicle_class":null,"rd_blended_with_biodiesel":null,"rd_blends":null,"rd_blends_fr":null,"rd_max_biodiesel_level":null,"nps_unit_name":null,"access_days_time_fr":null,"intersection_directions_fr":null,"bd_blends_fr":null,"groups_with_access_code_fr":"Public","ev_pricing_fr":null}},{"type":"Feature","geometry":{"type":"Point","coordinates":[-76.981366,38.84524]},"properties":{"access_code":"public","access_days_time":"Mon 6:00am - 11:59pm; Tue 6:00am - 11:59pm; Wed 6:00am - 11:59pm; Thu 6:00am - 11:59pm; Fri 6:00am - 11:59pm; Sat 6:00am - 11:59pm; Sun 6:00am - 11:59pm","access_detail_code":null,"cards_accepted":null,"date_last_confirmed":"2025-04-23","expected_date":null,"fuel_type_code":"ELEC","groups_with_access_code":"Public","id":170084,"maximum_vehicle_class":null,"open_date":"2020-12-07","owner_type_code":null,"restricted_access":false,"status_code":"E","funding_sources":null,"facility_type":null,"station_name":"The Shops at Park Village","station_phone":"855-900-7584","updated_at":"2025-04-23T02:54:18Z","geocode_status":"GPS","city":"Washington","country":"US","intersection_directions":null,"plus4":null,"state":"DC","street_address":"1535 Alabama Ave, SE","zip":"20032","bd_blends":null,"cng_dispenser_num":null,"cng_fill_type_code":null,"cng_has_rng":null,"cng_psi":null,"cng_renewable_source":null,"cng_total_compression":null,"cng_total_storage":null,"cng_vehicle_class":null,"e85_blender_pump":null,"e85_other_ethanol_blends":null,"ev_connector_types":["J1772"],"ev_dc_fast_num":null,"ev_level1_evse_num":null,"ev_level2_evse_num":2,"ev_network":"SHELL_RECHARGE","ev_network_web":"https://www.shell.us/motorist/electric-vehicle-charging.html","ev_other_evse":null,"ev_pricing":null,"ev_renewable_source":null,"ev_workplace_charging":false,"hy_is_retail":null,"hy_pressures":null,"hy_standards":null,"hy_status_link":null,"lng_has_rng":null,"lng_renewable_source":null,"lng_vehicle_class":null,"lpg_nozzle_types":null,"lpg_primary":null,"ng_fill_type_code":null,"ng_psi":null,"ng_vehicle_class":null,"rd_blended_with_biodiesel":null,"rd_blends":null,"rd_blends_fr":null,"rd_max_biodiesel_level":null,"nps_unit_name":null,"access_days_time_fr":null,"intersection_directions_fr":null,"bd_blends_fr":null,"groups_with_access_code_fr":"Public","ev_pricing_fr":null,"ev_network_ids":{"station":["5266"],"posts":["2IO1-01","2IO1-02"]}}},{"type":"Feature","geometry":{"type":"Point","coordinates":[-77.001776,38.900508]},"properties":{"access_code":"public","access_days_time":"Mon 6:00am - 11:59pm; Tue 6:00am - 11:59pm; Wed 6:00am - 11:59pm; Thu 6:00am - 11:59pm; Fri 6:00am - 11:59pm; Sat 6:00am - 11:59pm; Sun 6:00am - 11:59pm","access_detail_code":null,"cards_accepted":null,"date_last_confirmed":"2025-04-23","expected_date":null,"fuel_type_code":"ELEC","groups_with_access_code":"Public","id":171486,"maximum_vehicle_class":null,"open_date":"2021-01-18","owner_type_code":null,"restricted_access":false,"status_code":"E","funding_sources":null,"facility_type":null,"station_name":"Giant Food - H St","station_phone":"855-900-7584","updated_at":"2025-04-23T02:54:17Z","geocode_status":"GPS","city":"Washington","country":"US","intersection_directions":null,"plus4":null,"state":"DC","street_address":"300 H Street NE","zip":"20002","bd_blends":null,"cng_dispenser_num":null,"cng_fill_type_code":null,"cng_has_rng":null,"cng_psi":null,"cng_renewable_source":null,"cng_total_compression":null,"cng_total_storage":null,"cng_vehicle_class":null,"e85_blender_pump":null,"e85_other_ethanol_blends":null,"ev_connector_types":["J1772"],"ev_dc_fast_num":null,"ev_level1_evse_num":null,"ev_level2_evse_num":2,"ev_network":"SHELL_RECHARGE","ev_network_web":"https://www.shell.us/motorist/electric-vehicle-charging.html","ev_other_evse":null,"ev_pricing":null,"ev_renewable_source":null,"ev_workplace_charging":false,"hy_is_retail":null,"hy_pressures":null,"hy_standards":null,"hy_status_link":null,"lng_has_rng":null,"lng_renewable_source":null,"lng_vehicle_class":null,"lpg_nozzle_types":null,"lpg_primary":null,"ng_fill_type_code":null,"ng_psi":null,"ng_vehicle_class":null,"rd_blended_with_biodiesel":null,"rd_blends":null,"rd_blends_fr":null,"rd_max_biodiesel_level":null,"nps_unit_name":null,"access_days_time_fr":null,"intersection_directions_fr":null,"bd_blends_fr":null,"groups_with_access_code_fr":"Public","ev_pricing_fr":null,"ev_network_ids":{"station":["5258"],"posts":["2AP1-01","2AP1-02"]}}},{"type":"Feature","geometry":{"type":"Point","coordinates":[-77.059446,38.901724]},"properties":{"access_code":"public","access_days_time":"24 hours daily","access_detail_code":null,"cards_accepted":null,"date_last_confirmed":"2025-04-23","expected_date":null,"fuel_type_code":"ELEC","groups_with_access_code":"Public","id":171630,"maximum_vehicle_class":null,"open_date":"2021-01-27","owner_type_code":null,"restricted_access":null,"status_code":"E","funding_sources":null,"facility_type":null,"station_name":"WASH HARBOUR STATION 2","station_phone":"888-758-4389","updated_at":"2025-04-23T01:04:06Z","geocode_status":"GPS","city":"Washington","country":"US","intersection_directions":"Bottom of garage ramp","plus4":null,"state":"DC","street_address":"3000 K St NW","zip":"20007","bd_blends":null,"cng_dispenser_num":null,"cng_fill_type_code":null,"cng_has_rng":null,"cng_psi":null,"cng_renewable_source":null,"cng_total_compression":null,"cng_total_storage":null,"cng_vehicle_class":null,"e85_blender_pump":null,"e85_other_ethanol_blends":null,"ev_connector_types":["J1772"],"ev_dc_fast_num":null,"ev_level1_evse_num":null,"ev_level2_evse_num":2,"ev_network":"ChargePoint Network","ev_network_web":"https://www.chargepoint.com","ev_other_evse":null,"ev_pricing":null,"ev_renewable_source":null,"ev_workplace_charging":false,"hy_is_retail":null,"hy_pressures":null,"hy_standards":null,"hy_status_link":null,"lng_has_rng":null,"lng_renewable_source":null,"lng_vehicle_class":null,"lpg_nozzle_types":null,"lpg_primary":null,"ng_fill_type_code":null,"ng_psi":null,"ng_vehicle_class":null,"rd_blended_with_biodiesel":null,"rd_blends":null,"rd_blends_fr":null,"rd_max_biodiesel_level":null,"nps_unit_name":"National Capital Parks","access_days_time_fr":null,"intersection_directions_fr":null,"bd_blends_fr":null,"groups_with_access_code_fr":"Public","ev_pricing_fr":null,"ev_network_ids":{"station":["USCPIL716371"],"posts":["23181171","23181181"]}}},{"type":"Feature","geometry":{"type":"Point","coordinates":[-77.007125,38.871181]},"properties":{"access_code":"public","access_days_time":"24 hours daily","access_detail_code":null,"cards_accepted":null,"date_last_confirmed":"2025-04-23","expected_date":null,"fuel_type_code":"ELEC","groups_with_access_code":"Public","id":171849,"maximum_vehicle_class":null,"open_date":"2021-01-27","owner_type_code":null,"restricted_access":null,"status_code":"E","funding_sources":null,"facility_type":null,"station_name":"RIVERFRONT DOCK 79 G1 01","station_phone":"888-758-4389","updated_at":"2025-04-23T00:50:23Z","geocode_status":"GPS","city":"Washington","country":"US","intersection_directions":"Resident Parking Area, Level G1 spaces 097-098","plus4":null,"state":"DC","street_address":"79 Potomac Ave SE","zip":"20003","bd_blends":null,"cng_dispenser_num":null,"cng_fill_type_code":null,"cng_has_rng":null,"cng_psi":null,"cng_renewable_source":null,"cng_total_compression":null,"cng_total_storage":null,"cng_vehicle_class":null,"e85_blender_pump":null,"e85_other_ethanol_blends":null,"ev_connector_types":["J1772"],"ev_dc_fast_num":null,"ev_level1_evse_num":null,"ev_level2_evse_num":2,"ev_network":"ChargePoint Network","ev_network_web":"https://www.chargepoint.com","ev_other_evse":null,"ev_pricing":null,"ev_renewable_source":null,"ev_workplace_charging":false,"hy_is_retail":null,"hy_pressures":null,"hy_standards":null,"hy_status_link":null,"lng_has_rng":null,"lng_renewable_source":null,"lng_vehicle_class":null,"lpg_nozzle_types":null,"lpg_primary":null,"ng_fill_type_code":null,"ng_psi":null,"ng_vehicle_class":null,"rd_blended_with_biodiesel":null,"rd_blends":null,"rd_blends_fr":null,"rd_max_biodiesel_level":null,"nps_unit_name":null,"access_days_time_fr":null,"intersection_directions_fr":null,"bd_blends_fr":null,"groups_with_access_code_fr":"Public","ev_pricing_fr":null,"ev_network_ids":{"station":["USCPIL150879"],"posts":["9023201","9023211"]}}},{"type":"Feature","geometry":{"type":"Point","coordinates":[-77.006955,38.87116]},"properties":{"access_code":"public","access_days_time":"24 hours daily","access_detail_code":null,"cards_accepted":null,"date_last_confirmed":"2025-04-23","expected_date":null,"fuel_type_code":"ELEC","groups_with_access_code":"Public","id":171850,"maximum_vehicle_class":null,"open_date":"2021-01-27","owner_type_code":null,"restricted_access":null,"status_code":"E","funding_sources":null,"facility_type":null,"station_name":"RIVERFRONT DOCK 79 G2 02","station_phone":"888-758-4389","updated_at":"2025-04-23T00:48:47Z","geocode_status":"GPS","city":"Washington","country":"US","intersection_directions":"Resident Parking Area, Level G2","plus4":null,"state":"DC","street_address":"79 Potomac Ave SE","zip":"20003","bd_blends":null,"cng_dispenser_num":null,"cng_fill_type_code":null,"cng_has_rng":null,"cng_psi":null,"cng_renewable_source":null,"cng_total_compression":null,"cng_total_storage":null,"cng_vehicle_class":null,"e85_blender_pump":null,"e85_other_ethanol_blends":null,"ev_connector_types":["J1772"],"ev_dc_fast_num":null,"ev_level1_evse_num":null,"ev_level2_evse_num":2,"ev_network":"ChargePoint Network","ev_network_web":"https://www.chargepoint.com","ev_other_evse":null,"ev_pricing":null,"ev_renewable_source":null,"ev_workplace_charging":false,"hy_is_retail":null,"hy_pressures":null,"hy_standards":null,"hy_status_link":null,"lng_has_rng":null,"lng_renewable_source":null,"lng_vehicle_class":null,"lpg_nozzle_types":null,"lpg_primary":null,"ng_fill_type_code":null,"ng_psi":null,"ng_vehicle_class":null,"rd_blended_with_biodiesel":null,"rd_blends":null,"rd_blends_fr":null,"rd_max_biodiesel_level":null,"nps_unit_name":null,"access_days_time_fr":null,"intersection_directions_fr":null,"bd_blends_fr":null,"groups_with_access_code_fr":"Public","ev_pricing_fr":null,"ev_network_ids":{"station":["USCPIL131681"],"posts":["173395","173397"]}}},{"type":"Feature","geometry":{"type":"Point","coordinates":[-77.007075,38.871203]},"properties":{"access_code":"public","access_days_time":"24 hours daily","access_detail_code":null,"cards_accepted":null,"date_last_confirmed":"2025-04-23","expected_date":null,"fuel_type_code":"ELEC","groups_with_access_code":"Public","id":171851,"maximum_vehicle_class":null,"open_date":"2021-01-27","owner_type_code":null,"restricted_access":null,"status_code":"E","funding_sources":null,"facility_type":null,"station_name":"RIVERFRONT DOCK 79 G1 02","station_phone":"888-758-4389","updated_at":"2025-04-23T00:48:45Z","geocode_status":"GPS","city":"Washington","country":"US","intersection_directions":"Resident Parking Area, Level G1 Spaces 095-096","plus4":null,"state":"DC","street_address":"79 Potomac Ave SE","zip":"20003","bd_blends":null,"cng_dispenser_num":null,"cng_fill_type_code":null,"cng_has_rng":null,"cng_psi":null,"cng_renewable_source":null,"cng_total_compression":null,"cng_total_storage":null,"cng_vehicle_class":null,"e85_blender_pump":null,"e85_other_ethanol_blends":null,"ev_connector_types":["J1772"],"ev_dc_fast_num":null,"ev_level1_evse_num":null,"ev_level2_evse_num":2,"ev_network":"ChargePoint Network","ev_network_web":"https://www.chargepoint.com","ev_other_evse":null,"ev_pricing":null,"ev_renewable_source":null,"ev_workplace_charging":false,"hy_is_retail":null,"hy_pressures":null,"hy_standards":null,"hy_status_link":null,"lng_has_rng":null,"lng_renewable_source":null,"lng_vehicle_class":null,"lpg_nozzle_types":null,"lpg_primary":null,"ng_fill_type_code":null,"ng_psi":null,"ng_vehicle_class":null,"rd_blended_with_biodiesel":null,"rd_blends":null,"rd_blends_fr":null,"rd_max_biodiesel_level":null,"nps_unit_name":null,"access_days_time_fr":null,"intersection_directions_fr":null,"bd_blends_fr":null,"groups_with_access_code_fr":"Public","ev_pricing_fr":null,"ev_network_ids":{"station":["USCPIL131629"],"posts":["173291","173293"]}}},{"type":"Feature","geometry":{"type":"Point","coordinates":[-77.048355,38.906676]},"properties":{"access_code":"public","access_days_time":"24 hours daily","access_detail_code":null,"cards_accepted":null,"date_last_confirmed":"2025-04-23","expected_date":null,"fuel_type_code":"ELEC","groups_with_access_code":"Public","id":173137,"maximum_vehicle_class":null,"open_date":"2021-01-27","owner_type_code":null,"restricted_access":null,"status_code":"E","funding_sources":null,"facility_type":null,"station_name":"1255 22ND ST STATION 1","station_phone":"888-758-4389","updated_at":"2025-04-23T00:57:19Z","geocode_status":"GPS","city":"Washington","country":"US","intersection_directions":null,"plus4":null,"state":"DC","street_address":"1255 22nd St NW","zip":"20037","bd_blends":null,"cng_dispenser_num":null,"cng_fill_type_code":null,"cng_has_rng":null,"cng_psi":null,"cng_renewable_source":null,"cng_total_compression":null,"cng_total_storage":null,"cng_vehicle_class":null,"e85_blender_pump":null,"e85_other_ethanol_blends":null,"ev_connector_types":["J1772"],"ev_dc_fast_num":null,"ev_level1_evse_num":null,"ev_level2_evse_num":2,"ev_network":"ChargePoint Network","ev_network_web":"https://www.chargepoint.com","ev_other_evse":null,"ev_pricing":null,"ev_renewable_source":null,"ev_workplace_charging":false,"hy_is_retail":null,"hy_pressures":null,"hy_standards":null,"hy_status_link":null,"lng_has_rng":null,"lng_renewable_source":null,"lng_vehicle_class":null,"lpg_nozzle_types":null,"lpg_primary":null,"ng_fill_type_code":null,"ng_psi":null,"ng_vehicle_class":null,"rd_blended_with_biodiesel":null,"rd_blends":null,"rd_blends_fr":null,"rd_max_biodiesel_level":null,"nps_unit_name":null,"access_days_time_fr":null,"intersection_directions_fr":null,"bd_blends_fr":null,"groups_with_access_code_fr":"Public","ev_pricing_fr":null,"ev_network_ids":{"station":["USCPIL218161"],"posts":["23079001","23079011"]}}},{"type":"Feature","geometry":{"type":"Point","coordinates":[-77.04837,38.906685]},"properties":{"access_code":"public","access_days_time":"24 hours daily","access_detail_code":null,"cards_accepted":null,"date_last_confirmed":"2025-04-23","expected_date":"2025-03-29","fuel_type_code":"ELEC","groups_with_access_code":"TEMPORARILY UNAVAILABLE (Public)","id":173138,"maximum_vehicle_class":null,"open_date":"2021-01-27","owner_type_code":null,"restricted_access":null,"status_code":"T","funding_sources":null,"facility_type":null,"station_name":"1255 22ND ST STATION 4","station_phone":"888-758-4389","updated_at":"2025-04-23T00:55:25Z","geocode_status":"GPS","city":"Washington","country":"US","intersection_directions":null,"plus4":null,"state":"DC","street_address":"1255 22nd St NW","zip":"20037","bd_blends":null,"cng_dispenser_num":null,"cng_fill_type_code":null,"cng_has_rng":null,"cng_psi":null,"cng_renewable_source":null,"cng_total_compression":null,"cng_total_storage":null,"cng_vehicle_class":null,"e85_blender_pump":null,"e85_other_ethanol_blends":null,"ev_connector_types":["J1772"],"ev_dc_fast_num":null,"ev_level1_evse_num":null,"ev_level2_evse_num":1,"ev_network":"ChargePoint Network","ev_network_web":"https://www.chargepoint.com","ev_other_evse":null,"ev_pricing":null,"ev_renewable_source":null,"ev_workplace_charging":false,"hy_is_retail":null,"hy_pressures":null,"hy_standards":null,"hy_status_link":null,"lng_has_rng":null,"lng_renewable_source":null,"lng_vehicle_class":null,"lpg_nozzle_types":null,"lpg_primary":null,"ng_fill_type_code":null,"ng_psi":null,"ng_vehicle_class":null,"rd_blended_with_biodiesel":null,"rd_blends":null,"rd_blends_fr":null,"rd_max_biodiesel_level":null,"nps_unit_name":null,"access_days_time_fr":null,"intersection_directions_fr":null,"bd_blends_fr":null,"groups_with_access_code_fr":"TEMPORAIREMENT SUSPENDU (Public)","ev_pricing_fr":null,"ev_network_ids":{"station":["USCPIL192323"],"posts":["23079131"]}}},{"type":"Feature","geometry":{"type":"Point","coordinates":[-77.044173,38.903002]},"properties":{"access_code":"public","access_days_time":"24 hours daily","access_detail_code":null,"cards_accepted":null,"date_last_confirmed":"2025-04-23","expected_date":"2024-08-31","fuel_type_code":"ELEC","groups_with_access_code":"TEMPORARILY UNAVAILABLE (Public)","id":173405,"maximum_vehicle_class":null,"open_date":"2021-01-27","owner_type_code":null,"restricted_access":null,"status_code":"T","funding_sources":null,"facility_type":null,"station_name":"TOWER COMPANIES 1909K STATION 1","station_phone":"888-758-4389","updated_at":"2025-04-23T01:02:35Z","geocode_status":"GPS","city":"Washington","country":"US","intersection_directions":"P1 Level Parking Garage - PLEASE NOTE ADDITIONAL PARKING FEES APPLY","plus4":null,"state":"DC","street_address":"1909 K St NWUS-29","zip":"20006","bd_blends":null,"cng_dispenser_num":null,"cng_fill_type_code":null,"cng_has_rng":null,"cng_psi":null,"cng_renewable_source":null,"cng_total_compression":null,"cng_total_storage":null,"cng_vehicle_class":null,"e85_blender_pump":null,"e85_other_ethanol_blends":null,"ev_connector_types":["J1772"],"ev_dc_fast_num":null,"ev_level1_evse_num":null,"ev_level2_evse_num":2,"ev_network":"ChargePoint Network","ev_network_web":"https://www.chargepoint.com","ev_other_evse":null,"ev_pricing":null,"ev_renewable_source":null,"ev_workplace_charging":false,"hy_is_retail":null,"hy_pressures":null,"hy_standards":null,"hy_status_link":null,"lng_has_rng":null,"lng_renewable_source":null,"lng_vehicle_class":null,"lpg_nozzle_types":null,"lpg_primary":null,"ng_fill_type_code":null,"ng_psi":null,"ng_vehicle_class":null,"rd_blended_with_biodiesel":null,"rd_blends":null,"rd_blends_fr":null,"rd_max_biodiesel_level":null,"nps_unit_name":null,"access_days_time_fr":null,"intersection_directions_fr":null,"bd_blends_fr":null,"groups_with_access_code_fr":"TEMPORAIREMENT SUSPENDU (Public)","ev_pricing_fr":null,"ev_network_ids":{"station":["USCPIL615681"],"posts":["832631","832641"]}}},{"type":"Feature","geometry":{"type":"Point","coordinates":[-77.034951,38.903968]},"properties":{"access_code":"public","access_days_time":"24 hours daily","access_detail_code":null,"cards_accepted":null,"date_last_confirmed":"2025-04-23","expected_date":null,"fuel_type_code":"ELEC","groups_with_access_code":"Public","id":173481,"maximum_vehicle_class":null,"open_date":"2021-01-27","owner_type_code":null,"restricted_access":null,"status_code":"E","funding_sources":null,"facility_type":null,"station_name":"CARR PROPERTIES P1 62EE","station_phone":"888-758-4389","updated_at":"2025-04-23T00:54:11Z","geocode_status":"GPS","city":"Washington","country":"US","intersection_directions":null,"plus4":null,"state":"DC","street_address":"1100 15th St NW","zip":"20005","bd_blends":null,"cng_dispenser_num":null,"cng_fill_type_code":null,"cng_has_rng":null,"cng_psi":null,"cng_renewable_source":null,"cng_total_compression":null,"cng_total_storage":null,"cng_vehicle_class":null,"e85_blender_pump":null,"e85_other_ethanol_blends":null,"ev_connector_types":["J1772"],"ev_dc_fast_num":null,"ev_level1_evse_num":null,"ev_level2_evse_num":2,"ev_network":"ChargePoint Network","ev_network_web":"https://www.chargepoint.com","ev_other_evse":null,"ev_pricing":null,"ev_renewable_source":null,"ev_workplace_charging":false,"hy_is_retail":null,"hy_pressures":null,"hy_standards":null,"hy_status_link":null,"lng_has_rng":null,"lng_renewable_source":null,"lng_vehicle_class":null,"lpg_nozzle_types":null,"lpg_primary":null,"ng_fill_type_code":null,"ng_psi":null,"ng_vehicle_class":null,"rd_blended_with_biodiesel":null,"rd_blends":null,"rd_blends_fr":null,"rd_max_biodiesel_level":null,"nps_unit_name":null,"access_days_time_fr":null,"intersection_directions_fr":null,"bd_blends_fr":null,"groups_with_access_code_fr":"Public","ev_pricing_fr":null,"ev_network_ids":{"station":["USCPIL182527"],"posts":["245933","245935"]}}},{"type":"Feature","geometry":{"type":"Point","coordinates":[-77.034963,38.903976]},"properties":{"access_code":"public","access_days_time":"24 hours daily","access_detail_code":null,"cards_accepted":null,"date_last_confirmed":"2025-04-23","expected_date":null,"fuel_type_code":"ELEC","groups_with_access_code":"Public","id":173482,"maximum_vehicle_class":null,"open_date":"2021-01-27","owner_type_code":null,"restricted_access":null,"status_code":"E","funding_sources":null,"facility_type":null,"station_name":"CARR PROPERTIES P1 62F1","station_phone":"888-758-4389","updated_at":"2025-04-23T00:54:11Z","geocode_status":"GPS","city":"Washington","country":"US","intersection_directions":null,"plus4":null,"state":"DC","street_address":"1100 15th St NW","zip":"20005","bd_blends":null,"cng_dispenser_num":null,"cng_fill_type_code":null,"cng_has_rng":null,"cng_psi":null,"cng_renewable_source":null,"cng_total_compression":null,"cng_total_storage":null,"cng_vehicle_class":null,"e85_blender_pump":null,"e85_other_ethanol_blends":null,"ev_connector_types":["J1772"],"ev_dc_fast_num":null,"ev_level1_evse_num":null,"ev_level2_evse_num":2,"ev_network":"ChargePoint Network","ev_network_web":"https://www.chargepoint.com","ev_other_evse":null,"ev_pricing":null,"ev_renewable_source":null,"ev_workplace_charging":false,"hy_is_retail":null,"hy_pressures":null,"hy_standards":null,"hy_status_link":null,"lng_has_rng":null,"lng_renewable_source":null,"lng_vehicle_class":null,"lpg_nozzle_types":null,"lpg_primary":null,"ng_fill_type_code":null,"ng_psi":null,"ng_vehicle_class":null,"rd_blended_with_biodiesel":null,"rd_blends":null,"rd_blends_fr":null,"rd_max_biodiesel_level":null,"nps_unit_name":null,"access_days_time_fr":null,"intersection_directions_fr":null,"bd_blends_fr":null,"groups_with_access_code_fr":"Public","ev_pricing_fr":null,"ev_network_ids":{"station":["USCPIL182519"],"posts":["245925","245927"]}}},{"type":"Feature","geometry":{"type":"Point","coordinates":[-77.034963,38.903969]},"properties":{"access_code":"public","access_days_time":"24 hours daily","access_detail_code":null,"cards_accepted":null,"date_last_confirmed":"2025-04-23","expected_date":null,"fuel_type_code":"ELEC","groups_with_access_code":"Public","id":173483,"maximum_vehicle_class":null,"open_date":"2021-01-27","owner_type_code":null,"restricted_access":null,"status_code":"E","funding_sources":null,"facility_type":null,"station_name":"CARR PROPERTIES P2 6256","station_phone":"888-758-4389","updated_at":"2025-04-23T00:54:11Z","geocode_status":"GPS","city":"Washington","country":"US","intersection_directions":null,"plus4":null,"state":"DC","street_address":"1100 15th St NW","zip":"20005","bd_blends":null,"cng_dispenser_num":null,"cng_fill_type_code":null,"cng_has_rng":null,"cng_psi":null,"cng_renewable_source":null,"cng_total_compression":null,"cng_total_storage":null,"cng_vehicle_class":null,"e85_blender_pump":null,"e85_other_ethanol_blends":null,"ev_connector_types":["J1772"],"ev_dc_fast_num":null,"ev_level1_evse_num":null,"ev_level2_evse_num":2,"ev_network":"ChargePoint Network","ev_network_web":"https://www.chargepoint.com","ev_other_evse":null,"ev_pricing":null,"ev_renewable_source":null,"ev_workplace_charging":false,"hy_is_retail":null,"hy_pressures":null,"hy_standards":null,"hy_status_link":null,"lng_has_rng":null,"lng_renewable_source":null,"lng_vehicle_class":null,"lpg_nozzle_types":null,"lpg_primary":null,"ng_fill_type_code":null,"ng_psi":null,"ng_vehicle_class":null,"rd_blended_with_biodiesel":null,"rd_blends":null,"rd_blends_fr":null,"rd_max_biodiesel_level":null,"nps_unit_name":null,"access_days_time_fr":null,"intersection_directions_fr":null,"bd_blends_fr":null,"groups_with_access_code_fr":"Public","ev_pricing_fr":null,"ev_network_ids":{"station":["USCPIL182515"],"posts":["245917","245919"]}}},{"type":"Feature","geometry":{"type":"Point","coordinates":[-77.034964,38.90393]},"properties":{"access_code":"public","access_days_time":"24 hours daily","access_detail_code":null,"cards_accepted":null,"date_last_confirmed":"2025-04-23","expected_date":null,"fuel_type_code":"ELEC","groups_with_access_code":"Public","id":173484,"maximum_vehicle_class":null,"open_date":"2021-01-27","owner_type_code":null,"restricted_access":null,"status_code":"E","funding_sources":null,"facility_type":null,"station_name":"CARR PROPERTIES P3 62E1","station_phone":"888-758-4389","updated_at":"2025-04-23T00:54:10Z","geocode_status":"GPS","city":"Washington","country":"US","intersection_directions":null,"plus4":null,"state":"DC","street_address":"1100 15th St NW","zip":"20005","bd_blends":null,"cng_dispenser_num":null,"cng_fill_type_code":null,"cng_has_rng":null,"cng_psi":null,"cng_renewable_source":null,"cng_total_compression":null,"cng_total_storage":null,"cng_vehicle_class":null,"e85_blender_pump":null,"e85_other_ethanol_blends":null,"ev_connector_types":["J1772"],"ev_dc_fast_num":null,"ev_level1_evse_num":null,"ev_level2_evse_num":2,"ev_network":"ChargePoint Network","ev_network_web":"https://www.chargepoint.com","ev_other_evse":null,"ev_pricing":null,"ev_renewable_source":null,"ev_workplace_charging":false,"hy_is_retail":null,"hy_pressures":null,"hy_standards":null,"hy_status_link":null,"lng_has_rng":null,"lng_renewable_source":null,"lng_vehicle_class":null,"lpg_nozzle_types":null,"lpg_primary":null,"ng_fill_type_code":null,"ng_psi":null,"ng_vehicle_class":null,"rd_blended_with_biodiesel":null,"rd_blends":null,"rd_blends_fr":null,"rd_max_biodiesel_level":null,"nps_unit_name":null,"access_days_time_fr":null,"intersection_directions_fr":null,"bd_blends_fr":null,"groups_with_access_code_fr":"Public","ev_pricing_fr":null,"ev_network_ids":{"station":["USCPIL182511"],"posts":["245909","245911"]}}},{"type":"Feature","geometry":{"type":"Point","coordinates":[-77.034947,38.903977]},"properties":{"access_code":"public","access_days_time":"24 hours daily","access_detail_code":null,"cards_accepted":null,"date_last_confirmed":"2025-04-23","expected_date":null,"fuel_type_code":"ELEC","groups_with_access_code":"Public","id":173485,"maximum_vehicle_class":null,"open_date":"2021-01-27","owner_type_code":null,"restricted_access":null,"status_code":"E","funding_sources":null,"facility_type":null,"station_name":"CARR PROPERTIES P2 5A9F","station_phone":"888-758-4389","updated_at":"2025-04-23T00:53:19Z","geocode_status":"GPS","city":"Washington","country":"US","intersection_directions":null,"plus4":null,"state":"DC","street_address":"1100 15th St NW","zip":"20005","bd_blends":null,"cng_dispenser_num":null,"cng_fill_type_code":null,"cng_has_rng":null,"cng_psi":null,"cng_renewable_source":null,"cng_total_compression":null,"cng_total_storage":null,"cng_vehicle_class":null,"e85_blender_pump":null,"e85_other_ethanol_blends":null,"ev_connector_types":["J1772"],"ev_dc_fast_num":null,"ev_level1_evse_num":null,"ev_level2_evse_num":1,"ev_network":"ChargePoint Network","ev_network_web":"https://www.chargepoint.com","ev_other_evse":null,"ev_pricing":null,"ev_renewable_source":null,"ev_workplace_charging":false,"hy_is_retail":null,"hy_pressures":null,"hy_standards":null,"hy_status_link":null,"lng_has_rng":null,"lng_renewable_source":null,"lng_vehicle_class":null,"lpg_nozzle_types":null,"lpg_primary":null,"ng_fill_type_code":null,"ng_psi":null,"ng_vehicle_class":null,"rd_blended_with_biodiesel":null,"rd_blends":null,"rd_blends_fr":null,"rd_max_biodiesel_level":null,"nps_unit_name":null,"access_days_time_fr":null,"intersection_directions_fr":null,"bd_blends_fr":null,"groups_with_access_code_fr":"Public","ev_pricing_fr":null,"ev_network_ids":{"station":["USCPIL174639"],"posts":["234469"]}}},{"type":"Feature","geometry":{"type":"Point","coordinates":[-77.034977,38.903941]},"properties":{"access_code":"public","access_days_time":"24 hours daily","access_detail_code":null,"cards_accepted":null,"date_last_confirmed":"2025-04-23","expected_date":"2025-04-11","fuel_type_code":"ELEC","groups_with_access_code":"TEMPORARILY UNAVAILABLE (Public)","id":173486,"maximum_vehicle_class":null,"open_date":"2021-01-27","owner_type_code":null,"restricted_access":null,"status_code":"T","funding_sources":null,"facility_type":null,"station_name":"CARR PROPERTIES P3 5A5C","station_phone":"888-758-4389","updated_at":"2025-04-23T00:53:19Z","geocode_status":"GPS","city":"Washington","country":"US","intersection_directions":null,"plus4":null,"state":"DC","street_address":"1100 15th St NW","zip":"20005","bd_blends":null,"cng_dispenser_num":null,"cng_fill_type_code":null,"cng_has_rng":null,"cng_psi":null,"cng_renewable_source":null,"cng_total_compression":null,"cng_total_storage":null,"cng_vehicle_class":null,"e85_blender_pump":null,"e85_other_ethanol_blends":null,"ev_connector_types":["J1772"],"ev_dc_fast_num":null,"ev_level1_evse_num":null,"ev_level2_evse_num":1,"ev_network":"ChargePoint Network","ev_network_web":"https://www.chargepoint.com","ev_other_evse":null,"ev_pricing":null,"ev_renewable_source":null,"ev_workplace_charging":false,"hy_is_retail":null,"hy_pressures":null,"hy_standards":null,"hy_status_link":null,"lng_has_rng":null,"lng_renewable_source":null,"lng_vehicle_class":null,"lpg_nozzle_types":null,"lpg_primary":null,"ng_fill_type_code":null,"ng_psi":null,"ng_vehicle_class":null,"rd_blended_with_biodiesel":null,"rd_blends":null,"rd_blends_fr":null,"rd_max_biodiesel_level":null,"nps_unit_name":null,"access_days_time_fr":null,"intersection_directions_fr":null,"bd_blends_fr":null,"groups_with_access_code_fr":"TEMPORAIREMENT SUSPENDU (Public)","ev_pricing_fr":null,"ev_network_ids":{"station":["USCPIL174633"],"posts":["234459"]}}},{"type":"Feature","geometry":{"type":"Point","coordinates":[-77.034959,38.903926]},"properties":{"access_code":"public","access_days_time":"24 hours daily","access_detail_code":null,"cards_accepted":null,"date_last_confirmed":"2025-04-23","expected_date":null,"fuel_type_code":"ELEC","groups_with_access_code":"Public","id":173487,"maximum_vehicle_class":null,"open_date":"2021-01-27","owner_type_code":null,"restricted_access":null,"status_code":"E","funding_sources":null,"facility_type":null,"station_name":"CARR PROPERTIES P3 553A","station_phone":"888-758-4389","updated_at":"2025-04-23T00:53:19Z","geocode_status":"GPS","city":"Washington","country":"US","intersection_directions":null,"plus4":null,"state":"DC","street_address":"1100 15th St NW","zip":"20005","bd_blends":null,"cng_dispenser_num":null,"cng_fill_type_code":null,"cng_has_rng":null,"cng_psi":null,"cng_renewable_source":null,"cng_total_compression":null,"cng_total_storage":null,"cng_vehicle_class":null,"e85_blender_pump":null,"e85_other_ethanol_blends":null,"ev_connector_types":["J1772"],"ev_dc_fast_num":null,"ev_level1_evse_num":null,"ev_level2_evse_num":1,"ev_network":"ChargePoint Network","ev_network_web":"https://www.chargepoint.com","ev_other_evse":null,"ev_pricing":null,"ev_renewable_source":null,"ev_workplace_charging":false,"hy_is_retail":null,"hy_pressures":null,"hy_standards":null,"hy_status_link":null,"lng_has_rng":null,"lng_renewable_source":null,"lng_vehicle_class":null,"lpg_nozzle_types":null,"lpg_primary":null,"ng_fill_type_code":null,"ng_psi":null,"ng_vehicle_class":null,"rd_blended_with_biodiesel":null,"rd_blends":null,"rd_blends_fr":null,"rd_max_biodiesel_level":null,"nps_unit_name":null,"access_days_time_fr":null,"intersection_directions_fr":null,"bd_blends_fr":null,"groups_with_access_code_fr":"Public","ev_pricing_fr":null,"ev_network_ids":{"station":["USCPIL174629"],"posts":["234453"]}}},{"type":"Feature","geometry":{"type":"Point","coordinates":[-77.034926,38.903987]},"properties":{"access_code":"public","access_days_time":"24 hours daily","access_detail_code":null,"cards_accepted":null,"date_last_confirmed":"2025-04-23","expected_date":null,"fuel_type_code":"ELEC","groups_with_access_code":"Public","id":173488,"maximum_vehicle_class":null,"open_date":"2021-01-27","owner_type_code":null,"restricted_access":null,"status_code":"E","funding_sources":null,"facility_type":null,"station_name":"CARR PROPERTIES P2 5774","station_phone":"888-758-4389","updated_at":"2025-04-23T00:53:19Z","geocode_status":"GPS","city":"Washington","country":"US","intersection_directions":null,"plus4":null,"state":"DC","street_address":"1100 15th St NW","zip":"20005","bd_blends":null,"cng_dispenser_num":null,"cng_fill_type_code":null,"cng_has_rng":null,"cng_psi":null,"cng_renewable_source":null,"cng_total_compression":null,"cng_total_storage":null,"cng_vehicle_class":null,"e85_blender_pump":null,"e85_other_ethanol_blends":null,"ev_connector_types":["J1772"],"ev_dc_fast_num":null,"ev_level1_evse_num":null,"ev_level2_evse_num":1,"ev_network":"ChargePoint Network","ev_network_web":"https://www.chargepoint.com","ev_other_evse":null,"ev_pricing":null,"ev_renewable_source":null,"ev_workplace_charging":false,"hy_is_retail":null,"hy_pressures":null,"hy_standards":null,"hy_status_link":null,"lng_has_rng":null,"lng_renewable_source":null,"lng_vehicle_class":null,"lpg_nozzle_types":null,"lpg_primary":null,"ng_fill_type_code":null,"ng_psi":null,"ng_vehicle_class":null,"rd_blended_with_biodiesel":null,"rd_blends":null,"rd_blends_fr":null,"rd_max_biodiesel_level":null,"nps_unit_name":null,"access_days_time_fr":null,"intersection_directions_fr":null,"bd_blends_fr":null,"groups_with_access_code_fr":"Public","ev_pricing_fr":null,"ev_network_ids":{"station":["USCPIL174623"],"posts":["25954691"]}}},{"type":"Feature","geometry":{"type":"Point","coordinates":[-77.034989,38.90397]},"properties":{"access_code":"public","access_days_time":"24 hours daily","access_detail_code":null,"cards_accepted":null,"date_last_confirmed":"2025-04-23","expected_date":null,"fuel_type_code":"ELEC","groups_with_access_code":"Public","id":173489,"maximum_vehicle_class":null,"open_date":"2021-01-27","owner_type_code":null,"restricted_access":null,"status_code":"E","funding_sources":null,"facility_type":null,"station_name":"CARR PROPERTIES P1 652A","station_phone":"888-758-4389","updated_at":"2025-04-23T00:54:32Z","geocode_status":"GPS","city":"Washington","country":"US","intersection_directions":null,"plus4":null,"state":"DC","street_address":"1100 15th St NW","zip":"20005","bd_blends":null,"cng_dispenser_num":null,"cng_fill_type_code":null,"cng_has_rng":null,"cng_psi":null,"cng_renewable_source":null,"cng_total_compression":null,"cng_total_storage":null,"cng_vehicle_class":null,"e85_blender_pump":null,"e85_other_ethanol_blends":null,"ev_connector_types":["J1772"],"ev_dc_fast_num":null,"ev_level1_evse_num":null,"ev_level2_evse_num":2,"ev_network":"ChargePoint Network","ev_network_web":"https://www.chargepoint.com","ev_other_evse":null,"ev_pricing":null,"ev_renewable_source":null,"ev_workplace_charging":false,"hy_is_retail":null,"hy_pressures":null,"hy_standards":null,"hy_status_link":null,"lng_has_rng":null,"lng_renewable_source":null,"lng_vehicle_class":null,"lpg_nozzle_types":null,"lpg_primary":null,"ng_fill_type_code":null,"ng_psi":null,"ng_vehicle_class":null,"rd_blended_with_biodiesel":null,"rd_blends":null,"rd_blends_fr":null,"rd_max_biodiesel_level":null,"nps_unit_name":null,"access_days_time_fr":null,"intersection_directions_fr":null,"bd_blends_fr":null,"groups_with_access_code_fr":"Public","ev_pricing_fr":null,"ev_network_ids":{"station":["USCPIL183939"],"posts":["25951101","25951111"]}}},{"type":"Feature","geometry":{"type":"Point","coordinates":[-77.034952,38.903974]},"properties":{"access_code":"public","access_days_time":"24 hours daily","access_detail_code":null,"cards_accepted":null,"date_last_confirmed":"2025-04-23","expected_date":null,"fuel_type_code":"ELEC","groups_with_access_code":"Public","id":173490,"maximum_vehicle_class":null,"open_date":"2021-01-27","owner_type_code":null,"restricted_access":null,"status_code":"E","funding_sources":null,"facility_type":null,"station_name":"CARR PROPERTIES P3 652B","station_phone":"888-758-4389","updated_at":"2025-04-23T00:54:32Z","geocode_status":"GPS","city":"Washington","country":"US","intersection_directions":null,"plus4":null,"state":"DC","street_address":"1100 15th St NW","zip":"20005","bd_blends":null,"cng_dispenser_num":null,"cng_fill_type_code":null,"cng_has_rng":null,"cng_psi":null,"cng_renewable_source":null,"cng_total_compression":null,"cng_total_storage":null,"cng_vehicle_class":null,"e85_blender_pump":null,"e85_other_ethanol_blends":null,"ev_connector_types":["J1772"],"ev_dc_fast_num":null,"ev_level1_evse_num":null,"ev_level2_evse_num":2,"ev_network":"ChargePoint Network","ev_network_web":"https://www.chargepoint.com","ev_other_evse":null,"ev_pricing":null,"ev_renewable_source":null,"ev_workplace_charging":false,"hy_is_retail":null,"hy_pressures":null,"hy_standards":null,"hy_status_link":null,"lng_has_rng":null,"lng_renewable_source":null,"lng_vehicle_class":null,"lpg_nozzle_types":null,"lpg_primary":null,"ng_fill_type_code":null,"ng_psi":null,"ng_vehicle_class":null,"rd_blended_with_biodiesel":null,"rd_blends":null,"rd_blends_fr":null,"rd_max_biodiesel_level":null,"nps_unit_name":null,"access_days_time_fr":null,"intersection_directions_fr":null,"bd_blends_fr":null,"groups_with_access_code_fr":"Public","ev_pricing_fr":null,"ev_network_ids":{"station":["USCPIL183937"],"posts":["2487761","2487771"]}}},{"type":"Feature","geometry":{"type":"Point","coordinates":[-77.043714,38.907185]},"properties":{"access_code":"public","access_days_time":"24 hours daily","access_detail_code":null,"cards_accepted":null,"date_last_confirmed":"2025-04-23","expected_date":"2024-10-11","fuel_type_code":"ELEC","groups_with_access_code":"TEMPORARILY UNAVAILABLE (Public)","id":174851,"maximum_vehicle_class":null,"open_date":"2021-01-27","owner_type_code":null,"restricted_access":null,"status_code":"T","funding_sources":null,"facility_type":null,"station_name":"WEST HALF 2 & 3 1900 N ST 2","station_phone":"888-758-4389","updated_at":"2025-04-23T01:14:10Z","geocode_status":"GPS","city":"Washington","country":"US","intersection_directions":"Garage Level G1","plus4":null,"state":"DC","street_address":"1900 N St NW","zip":"20036","bd_blends":null,"cng_dispenser_num":null,"cng_fill_type_code":null,"cng_has_rng":null,"cng_psi":null,"cng_renewable_source":null,"cng_total_compression":null,"cng_total_storage":null,"cng_vehicle_class":null,"e85_blender_pump":null,"e85_other_ethanol_blends":null,"ev_connector_types":["J1772"],"ev_dc_fast_num":null,"ev_level1_evse_num":null,"ev_level2_evse_num":2,"ev_network":"ChargePoint Network","ev_network_web":"https://www.chargepoint.com","ev_other_evse":null,"ev_pricing":null,"ev_renewable_source":null,"ev_workplace_charging":false,"hy_is_retail":null,"hy_pressures":null,"hy_standards":null,"hy_status_link":null,"lng_has_rng":null,"lng_renewable_source":null,"lng_vehicle_class":null,"lpg_nozzle_types":null,"lpg_primary":null,"ng_fill_type_code":null,"ng_psi":null,"ng_vehicle_class":null,"rd_blended_with_biodiesel":null,"rd_blends":null,"rd_blends_fr":null,"rd_max_biodiesel_level":null,"nps_unit_name":null,"access_days_time_fr":null,"intersection_directions_fr":null,"bd_blends_fr":null,"groups_with_access_code_fr":"TEMPORAIREMENT SUSPENDU (Public)","ev_pricing_fr":null,"ev_network_ids":{"station":["USCPIL2033891"],"posts":["9199111","9199121"]}}},{"type":"Feature","geometry":{"type":"Point","coordinates":[-77.043603,38.907196]},"properties":{"access_code":"public","access_days_time":"24 hours daily","access_detail_code":null,"cards_accepted":null,"date_last_confirmed":"2025-04-23","expected_date":"2024-10-12","fuel_type_code":"ELEC","groups_with_access_code":"TEMPORARILY UNAVAILABLE (Public)","id":174852,"maximum_vehicle_class":null,"open_date":"2021-01-27","owner_type_code":null,"restricted_access":null,"status_code":"T","funding_sources":null,"facility_type":null,"station_name":"WEST HALF 2 & 3 1900 N ST 4","station_phone":"888-758-4389","updated_at":"2025-04-23T01:14:10Z","geocode_status":"GPS","city":"Washington","country":"US","intersection_directions":"Garage Level G1","plus4":null,"state":"DC","street_address":"1900 N St NW","zip":"20036","bd_blends":null,"cng_dispenser_num":null,"cng_fill_type_code":null,"cng_has_rng":null,"cng_psi":null,"cng_renewable_source":null,"cng_total_compression":null,"cng_total_storage":null,"cng_vehicle_class":null,"e85_blender_pump":null,"e85_other_ethanol_blends":null,"ev_connector_types":["J1772"],"ev_dc_fast_num":null,"ev_level1_evse_num":null,"ev_level2_evse_num":2,"ev_network":"ChargePoint Network","ev_network_web":"https://www.chargepoint.com","ev_other_evse":null,"ev_pricing":null,"ev_renewable_source":null,"ev_workplace_charging":false,"hy_is_retail":null,"hy_pressures":null,"hy_standards":null,"hy_status_link":null,"lng_has_rng":null,"lng_renewable_source":null,"lng_vehicle_class":null,"lpg_nozzle_types":null,"lpg_primary":null,"ng_fill_type_code":null,"ng_psi":null,"ng_vehicle_class":null,"rd_blended_with_biodiesel":null,"rd_blends":null,"rd_blends_fr":null,"rd_max_biodiesel_level":null,"nps_unit_name":null,"access_days_time_fr":null,"intersection_directions_fr":null,"bd_blends_fr":null,"groups_with_access_code_fr":"TEMPORAIREMENT SUSPENDU (Public)","ev_pricing_fr":null,"ev_network_ids":{"station":["USCPIL2033881"],"posts":["2414491","2414501"]}}},{"type":"Feature","geometry":{"type":"Point","coordinates":[-77.043798,38.907191]},"properties":{"access_code":"public","access_days_time":"24 hours daily","access_detail_code":null,"cards_accepted":null,"date_last_confirmed":"2025-04-23","expected_date":"2024-10-12","fuel_type_code":"ELEC","groups_with_access_code":"TEMPORARILY UNAVAILABLE (Public)","id":174853,"maximum_vehicle_class":null,"open_date":"2021-01-27","owner_type_code":null,"restricted_access":null,"status_code":"T","funding_sources":null,"facility_type":null,"station_name":"WEST HALF 2 & 3 1900 N ST 7","station_phone":"888-758-4389","updated_at":"2025-04-23T01:14:10Z","geocode_status":"GPS","city":"Washington","country":"US","intersection_directions":"Garage Level G1","plus4":null,"state":"DC","street_address":"1900 N St NW","zip":"20036","bd_blends":null,"cng_dispenser_num":null,"cng_fill_type_code":null,"cng_has_rng":null,"cng_psi":null,"cng_renewable_source":null,"cng_total_compression":null,"cng_total_storage":null,"cng_vehicle_class":null,"e85_blender_pump":null,"e85_other_ethanol_blends":null,"ev_connector_types":["J1772"],"ev_dc_fast_num":null,"ev_level1_evse_num":null,"ev_level2_evse_num":2,"ev_network":"ChargePoint Network","ev_network_web":"https://www.chargepoint.com","ev_other_evse":null,"ev_pricing":null,"ev_renewable_source":null,"ev_workplace_charging":false,"hy_is_retail":null,"hy_pressures":null,"hy_standards":null,"hy_status_link":null,"lng_has_rng":null,"lng_renewable_source":null,"lng_vehicle_class":null,"lpg_nozzle_types":null,"lpg_primary":null,"ng_fill_type_code":null,"ng_psi":null,"ng_vehicle_class":null,"rd_blended_with_biodiesel":null,"rd_blends":null,"rd_blends_fr":null,"rd_max_biodiesel_level":null,"nps_unit_name":null,"access_days_time_fr":null,"intersection_directions_fr":null,"bd_blends_fr":null,"groups_with_access_code_fr":"TEMPORAIREMENT SUSPENDU (Public)","ev_pricing_fr":null,"ev_network_ids":{"station":["USCPIL2033871"],"posts":["2414471","2414481"]}}},{"type":"Feature","geometry":{"type":"Point","coordinates":[-77.043647,38.907192]},"properties":{"access_code":"public","access_days_time":"24 hours daily","access_detail_code":null,"cards_accepted":null,"date_last_confirmed":"2025-04-23","expected_date":"2024-10-11","fuel_type_code":"ELEC","groups_with_access_code":"TEMPORARILY UNAVAILABLE (Public)","id":174854,"maximum_vehicle_class":null,"open_date":"2021-01-27","owner_type_code":null,"restricted_access":null,"status_code":"T","funding_sources":null,"facility_type":null,"station_name":"WEST HALF 2 & 3 1900 N ST 5","station_phone":"888-758-4389","updated_at":"2025-04-23T01:14:09Z","geocode_status":"GPS","city":"Washington","country":"US","intersection_directions":"Garage Level G1","plus4":null,"state":"DC","street_address":"1900 N St NW","zip":"20036","bd_blends":null,"cng_dispenser_num":null,"cng_fill_type_code":null,"cng_has_rng":null,"cng_psi":null,"cng_renewable_source":null,"cng_total_compression":null,"cng_total_storage":null,"cng_vehicle_class":null,"e85_blender_pump":null,"e85_other_ethanol_blends":null,"ev_connector_types":["J1772"],"ev_dc_fast_num":null,"ev_level1_evse_num":null,"ev_level2_evse_num":2,"ev_network":"ChargePoint Network","ev_network_web":"https://www.chargepoint.com","ev_other_evse":null,"ev_pricing":null,"ev_renewable_source":null,"ev_workplace_charging":false,"hy_is_retail":null,"hy_pressures":null,"hy_standards":null,"hy_status_link":null,"lng_has_rng":null,"lng_renewable_source":null,"lng_vehicle_class":null,"lpg_nozzle_types":null,"lpg_primary":null,"ng_fill_type_code":null,"ng_psi":null,"ng_vehicle_class":null,"rd_blended_with_biodiesel":null,"rd_blends":null,"rd_blends_fr":null,"rd_max_biodiesel_level":null,"nps_unit_name":null,"access_days_time_fr":null,"intersection_directions_fr":null,"bd_blends_fr":null,"groups_with_access_code_fr":"TEMPORAIREMENT SUSPENDU (Public)","ev_pricing_fr":null,"ev_network_ids":{"station":["USCPIL2033861"],"posts":["14092551","14092561"]}}},{"type":"Feature","geometry":{"type":"Point","coordinates":[-77.043678,38.907181]},"properties":{"access_code":"public","access_days_time":"24 hours daily","access_detail_code":null,"cards_accepted":null,"date_last_confirmed":"2025-04-23","expected_date":"2024-10-11","fuel_type_code":"ELEC","groups_with_access_code":"TEMPORARILY UNAVAILABLE (Public)","id":174855,"maximum_vehicle_class":null,"open_date":"2021-01-27","owner_type_code":null,"restricted_access":null,"status_code":"T","funding_sources":null,"facility_type":null,"station_name":"WEST HALF 2 & 3 1900 N ST 3","station_phone":"888-758-4389","updated_at":"2025-04-23T01:14:09Z","geocode_status":"GPS","city":"Washington","country":"US","intersection_directions":"Garage Level G1","plus4":null,"state":"DC","street_address":"1900 N St NW","zip":"20036","bd_blends":null,"cng_dispenser_num":null,"cng_fill_type_code":null,"cng_has_rng":null,"cng_psi":null,"cng_renewable_source":null,"cng_total_compression":null,"cng_total_storage":null,"cng_vehicle_class":null,"e85_blender_pump":null,"e85_other_ethanol_blends":null,"ev_connector_types":["J1772"],"ev_dc_fast_num":null,"ev_level1_evse_num":null,"ev_level2_evse_num":1,"ev_network":"ChargePoint Network","ev_network_web":"https://www.chargepoint.com","ev_other_evse":null,"ev_pricing":null,"ev_renewable_source":null,"ev_workplace_charging":false,"hy_is_retail":null,"hy_pressures":null,"hy_standards":null,"hy_status_link":null,"lng_has_rng":null,"lng_renewable_source":null,"lng_vehicle_class":null,"lpg_nozzle_types":null,"lpg_primary":null,"ng_fill_type_code":null,"ng_psi":null,"ng_vehicle_class":null,"rd_blended_with_biodiesel":null,"rd_blends":null,"rd_blends_fr":null,"rd_max_biodiesel_level":null,"nps_unit_name":null,"access_days_time_fr":null,"intersection_directions_fr":null,"bd_blends_fr":null,"groups_with_access_code_fr":"TEMPORAIREMENT SUSPENDU (Public)","ev_pricing_fr":null,"ev_network_ids":{"station":["USCPIL2033851"],"posts":["2414441"]}}},{"type":"Feature","geometry":{"type":"Point","coordinates":[-77.043765,38.907191]},"properties":{"access_code":"public","access_days_time":"24 hours daily","access_detail_code":null,"cards_accepted":null,"date_last_confirmed":"2025-04-23","expected_date":"2024-10-11","fuel_type_code":"ELEC","groups_with_access_code":"TEMPORARILY UNAVAILABLE (Public)","id":174856,"maximum_vehicle_class":null,"open_date":"2021-01-27","owner_type_code":null,"restricted_access":null,"status_code":"T","funding_sources":null,"facility_type":null,"station_name":"WEST HALF 2 & 3 1900 N ST 1","station_phone":"888-758-4389","updated_at":"2025-04-23T01:14:09Z","geocode_status":"GPS","city":"Washington","country":"US","intersection_directions":"Garage Level G1","plus4":null,"state":"DC","street_address":"1900 N St NW","zip":"20036","bd_blends":null,"cng_dispenser_num":null,"cng_fill_type_code":null,"cng_has_rng":null,"cng_psi":null,"cng_renewable_source":null,"cng_total_compression":null,"cng_total_storage":null,"cng_vehicle_class":null,"e85_blender_pump":null,"e85_other_ethanol_blends":null,"ev_connector_types":["J1772"],"ev_dc_fast_num":null,"ev_level1_evse_num":null,"ev_level2_evse_num":2,"ev_network":"ChargePoint Network","ev_network_web":"https://www.chargepoint.com","ev_other_evse":null,"ev_pricing":null,"ev_renewable_source":null,"ev_workplace_charging":false,"hy_is_retail":null,"hy_pressures":null,"hy_standards":null,"hy_status_link":null,"lng_has_rng":null,"lng_renewable_source":null,"lng_vehicle_class":null,"lpg_nozzle_types":null,"lpg_primary":null,"ng_fill_type_code":null,"ng_psi":null,"ng_vehicle_class":null,"rd_blended_with_biodiesel":null,"rd_blends":null,"rd_blends_fr":null,"rd_max_biodiesel_level":null,"nps_unit_name":null,"access_days_time_fr":null,"intersection_directions_fr":null,"bd_blends_fr":null,"groups_with_access_code_fr":"TEMPORAIREMENT SUSPENDU (Public)","ev_pricing_fr":null,"ev_network_ids":{"station":["USCPIL2033841"],"posts":["9288281","9288291"]}}},{"type":"Feature","geometry":{"type":"Point","coordinates":[-77.01193,38.900417]},"properties":{"access_code":"public","access_days_time":"24 hours daily","access_detail_code":null,"cards_accepted":null,"date_last_confirmed":"2025-04-23","expected_date":"2022-09-09","fuel_type_code":"ELEC","groups_with_access_code":"TEMPORARILY UNAVAILABLE (Public)","id":175223,"maximum_vehicle_class":null,"open_date":"2021-01-27","owner_type_code":null,"restricted_access":null,"status_code":"T","funding_sources":null,"facility_type":null,"station_name":"77 H CHARGING CHARGER 2","station_phone":"888-758-4389","updated_at":"2025-04-23T01:16:22Z","geocode_status":"GPS","city":"Washington","country":"US","intersection_directions":null,"plus4":null,"state":"DC","street_address":"99 H St NW","zip":"20001","bd_blends":null,"cng_dispenser_num":null,"cng_fill_type_code":null,"cng_has_rng":null,"cng_psi":null,"cng_renewable_source":null,"cng_total_compression":null,"cng_total_storage":null,"cng_vehicle_class":null,"e85_blender_pump":null,"e85_other_ethanol_blends":null,"ev_connector_types":["J1772"],"ev_dc_fast_num":null,"ev_level1_evse_num":null,"ev_level2_evse_num":2,"ev_network":"ChargePoint Network","ev_network_web":"https://www.chargepoint.com","ev_other_evse":null,"ev_pricing":null,"ev_renewable_source":null,"ev_workplace_charging":false,"hy_is_retail":null,"hy_pressures":null,"hy_standards":null,"hy_status_link":null,"lng_has_rng":null,"lng_renewable_source":null,"lng_vehicle_class":null,"lpg_nozzle_types":null,"lpg_primary":null,"ng_fill_type_code":null,"ng_psi":null,"ng_vehicle_class":null,"rd_blended_with_biodiesel":null,"rd_blends":null,"rd_blends_fr":null,"rd_max_biodiesel_level":null,"nps_unit_name":null,"access_days_time_fr":null,"intersection_directions_fr":null,"bd_blends_fr":null,"groups_with_access_code_fr":"TEMPORAIREMENT SUSPENDU (Public)","ev_pricing_fr":null,"ev_network_ids":{"station":["USCPIL2102921"],"posts":["2507571","2507581"]}}},{"type":"Feature","geometry":{"type":"Point","coordinates":[-76.999695,38.90874]},"properties":{"access_code":"public","access_days_time":"24 hours daily","access_detail_code":null,"cards_accepted":null,"date_last_confirmed":"2025-04-23","expected_date":null,"fuel_type_code":"ELEC","groups_with_access_code":"Public","id":175224,"maximum_vehicle_class":null,"open_date":"2021-01-27","owner_type_code":null,"restricted_access":null,"status_code":"E","funding_sources":null,"facility_type":null,"station_name":"THE BATLEY UMDISTRICT EV1","station_phone":"888-758-4389","updated_at":"2025-04-23T00:54:49Z","geocode_status":"GPS","city":"Washington","country":"US","intersection_directions":"1270-80 4th St NE Parking Garage - vehicle entry rear of building - under La Cosecha, Batley","plus4":null,"state":"DC","street_address":"1270 4th St NE","zip":"20002","bd_blends":null,"cng_dispenser_num":null,"cng_fill_type_code":null,"cng_has_rng":null,"cng_psi":null,"cng_renewable_source":null,"cng_total_compression":null,"cng_total_storage":null,"cng_vehicle_class":null,"e85_blender_pump":null,"e85_other_ethanol_blends":null,"ev_connector_types":["J1772"],"ev_dc_fast_num":null,"ev_level1_evse_num":null,"ev_level2_evse_num":2,"ev_network":"ChargePoint Network","ev_network_web":"https://www.chargepoint.com","ev_other_evse":null,"ev_pricing":null,"ev_renewable_source":null,"ev_workplace_charging":false,"hy_is_retail":null,"hy_pressures":null,"hy_standards":null,"hy_status_link":null,"lng_has_rng":null,"lng_renewable_source":null,"lng_vehicle_class":null,"lpg_nozzle_types":null,"lpg_primary":null,"ng_fill_type_code":null,"ng_psi":null,"ng_vehicle_class":null,"rd_blended_with_biodiesel":null,"rd_blends":null,"rd_blends_fr":null,"rd_max_biodiesel_level":null,"nps_unit_name":null,"access_days_time_fr":null,"intersection_directions_fr":null,"bd_blends_fr":null,"groups_with_access_code_fr":"Public","ev_pricing_fr":null,"ev_network_ids":{"station":["USCPIL187113"],"posts":["9054261","9054271"]}}},{"type":"Feature","geometry":{"type":"Point","coordinates":[-76.99973,38.908916]},"properties":{"access_code":"public","access_days_time":"24 hours daily","access_detail_code":null,"cards_accepted":null,"date_last_confirmed":"2025-04-23","expected_date":"2025-03-22","fuel_type_code":"ELEC","groups_with_access_code":"TEMPORARILY UNAVAILABLE (Public)","id":175225,"maximum_vehicle_class":null,"open_date":"2021-01-27","owner_type_code":null,"restricted_access":null,"status_code":"T","funding_sources":null,"facility_type":null,"station_name":"THE BATLEY UMDISTRICT EV2","station_phone":"888-758-4389","updated_at":"2025-04-23T00:54:49Z","geocode_status":"GPS","city":"Washington","country":"US","intersection_directions":"1270-80 4th St NE Parking Garage - vehicle entry rear of building - under La Cosecha, Batley","plus4":null,"state":"DC","street_address":"1270 4th St NE","zip":"20002","bd_blends":null,"cng_dispenser_num":null,"cng_fill_type_code":null,"cng_has_rng":null,"cng_psi":null,"cng_renewable_source":null,"cng_total_compression":null,"cng_total_storage":null,"cng_vehicle_class":null,"e85_blender_pump":null,"e85_other_ethanol_blends":null,"ev_connector_types":["J1772"],"ev_dc_fast_num":null,"ev_level1_evse_num":null,"ev_level2_evse_num":2,"ev_network":"ChargePoint Network","ev_network_web":"https://www.chargepoint.com","ev_other_evse":null,"ev_pricing":null,"ev_renewable_source":null,"ev_workplace_charging":false,"hy_is_retail":null,"hy_pressures":null,"hy_standards":null,"hy_status_link":null,"lng_has_rng":null,"lng_renewable_source":null,"lng_vehicle_class":null,"lpg_nozzle_types":null,"lpg_primary":null,"ng_fill_type_code":null,"ng_psi":null,"ng_vehicle_class":null,"rd_blended_with_biodiesel":null,"rd_blends":null,"rd_blends_fr":null,"rd_max_biodiesel_level":null,"nps_unit_name":null,"access_days_time_fr":null,"intersection_directions_fr":null,"bd_blends_fr":null,"groups_with_access_code_fr":"TEMPORAIREMENT SUSPENDU (Public)","ev_pricing_fr":null,"ev_network_ids":{"station":["USCPIL187107"],"posts":["9054311","9054321"]}}},{"type":"Feature","geometry":{"type":"Point","coordinates":[-77.02104,38.90383]},"properties":{"access_code":"public","access_days_time":"24 hours daily","access_detail_code":null,"cards_accepted":null,"date_last_confirmed":"2025-04-23","expected_date":"2022-09-09","fuel_type_code":"ELEC","groups_with_access_code":"TEMPORARILY UNAVAILABLE (Public)","id":175522,"maximum_vehicle_class":null,"open_date":"2021-01-27","owner_type_code":null,"restricted_access":null,"status_code":"T","funding_sources":null,"facility_type":null,"station_name":"BROOKCHARGE LB1A 31,33","station_phone":"888-758-4389","updated_at":"2025-04-23T01:01:02Z","geocode_status":"GPS","city":"Washington","country":"US","intersection_directions":"Right Side if Front Entrance","plus4":null,"state":"DC","street_address":"655 New York Ave.","zip":"20001","bd_blends":null,"cng_dispenser_num":null,"cng_fill_type_code":null,"cng_has_rng":null,"cng_psi":null,"cng_renewable_source":null,"cng_total_compression":null,"cng_total_storage":null,"cng_vehicle_class":null,"e85_blender_pump":null,"e85_other_ethanol_blends":null,"ev_connector_types":["J1772"],"ev_dc_fast_num":null,"ev_level1_evse_num":null,"ev_level2_evse_num":1,"ev_network":"ChargePoint Network","ev_network_web":"https://www.chargepoint.com","ev_other_evse":null,"ev_pricing":null,"ev_renewable_source":null,"ev_workplace_charging":false,"hy_is_retail":null,"hy_pressures":null,"hy_standards":null,"hy_status_link":null,"lng_has_rng":null,"lng_renewable_source":null,"lng_vehicle_class":null,"lpg_nozzle_types":null,"lpg_primary":null,"ng_fill_type_code":null,"ng_psi":null,"ng_vehicle_class":null,"rd_blended_with_biodiesel":null,"rd_blends":null,"rd_blends_fr":null,"rd_max_biodiesel_level":null,"nps_unit_name":null,"access_days_time_fr":null,"intersection_directions_fr":null,"bd_blends_fr":null,"groups_with_access_code_fr":"TEMPORAIREMENT SUSPENDU (Public)","ev_pricing_fr":null,"ev_network_ids":{"station":["USCPIL500361"],"posts":["679651"]}}},{"type":"Feature","geometry":{"type":"Point","coordinates":[-77.021039,38.903801]},"properties":{"access_code":"public","access_days_time":"24 hours daily","access_detail_code":null,"cards_accepted":null,"date_last_confirmed":"2025-04-23","expected_date":"2022-09-09","fuel_type_code":"ELEC","groups_with_access_code":"TEMPORARILY UNAVAILABLE (Public)","id":175523,"maximum_vehicle_class":null,"open_date":"2021-01-27","owner_type_code":null,"restricted_access":null,"status_code":"T","funding_sources":null,"facility_type":null,"station_name":"BROOKCHARGE LB1B 39,41","station_phone":"888-758-4389","updated_at":"2025-04-23T01:01:01Z","geocode_status":"GPS","city":"Washington","country":"US","intersection_directions":"Near Bikes Storage","plus4":null,"state":"DC","street_address":"655 New York Ave.","zip":"20001","bd_blends":null,"cng_dispenser_num":null,"cng_fill_type_code":null,"cng_has_rng":null,"cng_psi":null,"cng_renewable_source":null,"cng_total_compression":null,"cng_total_storage":null,"cng_vehicle_class":null,"e85_blender_pump":null,"e85_other_ethanol_blends":null,"ev_connector_types":["J1772"],"ev_dc_fast_num":null,"ev_level1_evse_num":null,"ev_level2_evse_num":1,"ev_network":"ChargePoint Network","ev_network_web":"https://www.chargepoint.com","ev_other_evse":null,"ev_pricing":null,"ev_renewable_source":null,"ev_workplace_charging":false,"hy_is_retail":null,"hy_pressures":null,"hy_standards":null,"hy_status_link":null,"lng_has_rng":null,"lng_renewable_source":null,"lng_vehicle_class":null,"lpg_nozzle_types":null,"lpg_primary":null,"ng_fill_type_code":null,"ng_psi":null,"ng_vehicle_class":null,"rd_blended_with_biodiesel":null,"rd_blends":null,"rd_blends_fr":null,"rd_max_biodiesel_level":null,"nps_unit_name":null,"access_days_time_fr":null,"intersection_directions_fr":null,"bd_blends_fr":null,"groups_with_access_code_fr":"TEMPORAIREMENT SUSPENDU (Public)","ev_pricing_fr":null,"ev_network_ids":{"station":["USCPIL499801"],"posts":["678951"]}}},{"type":"Feature","geometry":{"type":"Point","coordinates":[-77.021111,38.903935]},"properties":{"access_code":"public","access_days_time":"24 hours daily","access_detail_code":null,"cards_accepted":null,"date_last_confirmed":"2025-04-23","expected_date":"2022-09-09","fuel_type_code":"ELEC","groups_with_access_code":"TEMPORARILY UNAVAILABLE (Public)","id":175524,"maximum_vehicle_class":null,"open_date":"2021-01-27","owner_type_code":null,"restricted_access":null,"status_code":"T","funding_sources":null,"facility_type":null,"station_name":"BROOKCHARGE LB1A35,37,39,41","station_phone":"888-758-4389","updated_at":"2025-04-23T01:00:49Z","geocode_status":"GPS","city":"Washington","country":"US","intersection_directions":"Right Side of the Main Entry","plus4":null,"state":"DC","street_address":"655 New York Ave.","zip":"20001","bd_blends":null,"cng_dispenser_num":null,"cng_fill_type_code":null,"cng_has_rng":null,"cng_psi":null,"cng_renewable_source":null,"cng_total_compression":null,"cng_total_storage":null,"cng_vehicle_class":null,"e85_blender_pump":null,"e85_other_ethanol_blends":null,"ev_connector_types":["J1772"],"ev_dc_fast_num":null,"ev_level1_evse_num":null,"ev_level2_evse_num":2,"ev_network":"ChargePoint Network","ev_network_web":"https://www.chargepoint.com","ev_other_evse":null,"ev_pricing":null,"ev_renewable_source":null,"ev_workplace_charging":false,"hy_is_retail":null,"hy_pressures":null,"hy_standards":null,"hy_status_link":null,"lng_has_rng":null,"lng_renewable_source":null,"lng_vehicle_class":null,"lpg_nozzle_types":null,"lpg_primary":null,"ng_fill_type_code":null,"ng_psi":null,"ng_vehicle_class":null,"rd_blended_with_biodiesel":null,"rd_blends":null,"rd_blends_fr":null,"rd_max_biodiesel_level":null,"nps_unit_name":null,"access_days_time_fr":null,"intersection_directions_fr":null,"bd_blends_fr":null,"groups_with_access_code_fr":"TEMPORAIREMENT SUSPENDU (Public)","ev_pricing_fr":null,"ev_network_ids":{"station":["USCPIL478971"],"posts":["652461","652471"]}}},{"type":"Feature","geometry":{"type":"Point","coordinates":[-77.021025,38.90381]},"properties":{"access_code":"public","access_days_time":"24 hours daily","access_detail_code":null,"cards_accepted":null,"date_last_confirmed":"2025-04-23","expected_date":"2022-09-09","fuel_type_code":"ELEC","groups_with_access_code":"TEMPORARILY UNAVAILABLE (Public)","id":175526,"maximum_vehicle_class":null,"open_date":"2021-01-27","owner_type_code":null,"restricted_access":null,"status_code":"T","funding_sources":null,"facility_type":null,"station_name":"BROOKCHARGE LB1B23,25,27,29","station_phone":"888-758-4389","updated_at":"2025-04-23T01:00:49Z","geocode_status":"GPS","city":"Washington","country":"US","intersection_directions":null,"plus4":null,"state":"DC","street_address":"655 New York Ave.","zip":"20001","bd_blends":null,"cng_dispenser_num":null,"cng_fill_type_code":null,"cng_has_rng":null,"cng_psi":null,"cng_renewable_source":null,"cng_total_compression":null,"cng_total_storage":null,"cng_vehicle_class":null,"e85_blender_pump":null,"e85_other_ethanol_blends":null,"ev_connector_types":["J1772"],"ev_dc_fast_num":null,"ev_level1_evse_num":null,"ev_level2_evse_num":2,"ev_network":"ChargePoint Network","ev_network_web":"https://www.chargepoint.com","ev_other_evse":null,"ev_pricing":null,"ev_renewable_source":null,"ev_workplace_charging":false,"hy_is_retail":null,"hy_pressures":null,"hy_standards":null,"hy_status_link":null,"lng_has_rng":null,"lng_renewable_source":null,"lng_vehicle_class":null,"lpg_nozzle_types":null,"lpg_primary":null,"ng_fill_type_code":null,"ng_psi":null,"ng_vehicle_class":null,"rd_blended_with_biodiesel":null,"rd_blends":null,"rd_blends_fr":null,"rd_max_biodiesel_level":null,"nps_unit_name":null,"access_days_time_fr":null,"intersection_directions_fr":null,"bd_blends_fr":null,"groups_with_access_code_fr":"TEMPORAIREMENT SUSPENDU (Public)","ev_pricing_fr":null,"ev_network_ids":{"station":["USCPIL478831"],"posts":["652241","652251"]}}},{"type":"Feature","geometry":{"type":"Point","coordinates":[-77.009952,38.866546]},"properties":{"access_code":"public","access_days_time":"24 hours daily","access_detail_code":null,"cards_accepted":null,"date_last_confirmed":"2025-04-23","expected_date":null,"fuel_type_code":"ELEC","groups_with_access_code":"Public","id":181430,"maximum_vehicle_class":null,"open_date":"2021-01-27","owner_type_code":null,"restricted_access":null,"status_code":"E","funding_sources":null,"facility_type":null,"station_name":"WATERMARK DC STATION 2","station_phone":"888-758-4389","updated_at":"2025-04-23T01:20:50Z","geocode_status":"GPS","city":"Washington","country":"US","intersection_directions":"Parking Garage WaterMark building","plus4":null,"state":"DC","street_address":"1900 Half St SW","zip":"20593","bd_blends":null,"cng_dispenser_num":null,"cng_fill_type_code":null,"cng_has_rng":null,"cng_psi":null,"cng_renewable_source":null,"cng_total_compression":null,"cng_total_storage":null,"cng_vehicle_class":null,"e85_blender_pump":null,"e85_other_ethanol_blends":null,"ev_connector_types":["J1772"],"ev_dc_fast_num":null,"ev_level1_evse_num":null,"ev_level2_evse_num":2,"ev_network":"ChargePoint Network","ev_network_web":"https://www.chargepoint.com","ev_other_evse":null,"ev_pricing":null,"ev_renewable_source":null,"ev_workplace_charging":false,"hy_is_retail":null,"hy_pressures":null,"hy_standards":null,"hy_status_link":null,"lng_has_rng":null,"lng_renewable_source":null,"lng_vehicle_class":null,"lpg_nozzle_types":null,"lpg_primary":null,"ng_fill_type_code":null,"ng_psi":null,"ng_vehicle_class":null,"rd_blended_with_biodiesel":null,"rd_blends":null,"rd_blends_fr":null,"rd_max_biodiesel_level":null,"nps_unit_name":null,"access_days_time_fr":null,"intersection_directions_fr":null,"bd_blends_fr":null,"groups_with_access_code_fr":"Public","ev_pricing_fr":null,"ev_network_ids":{"station":["USCPIL5382681"],"posts":["8973921","8973931"]}}},{"type":"Feature","geometry":{"type":"Point","coordinates":[-77.009899,38.866563]},"properties":{"access_code":"public","access_days_time":"24 hours daily","access_detail_code":null,"cards_accepted":null,"date_last_confirmed":"2025-04-23","expected_date":null,"fuel_type_code":"ELEC","groups_with_access_code":"Public","id":181431,"maximum_vehicle_class":null,"open_date":"2021-01-27","owner_type_code":null,"restricted_access":null,"status_code":"E","funding_sources":null,"facility_type":null,"station_name":"WATERMARK DC STATION 6","station_phone":"888-758-4389","updated_at":"2025-04-23T01:20:49Z","geocode_status":"GPS","city":"Washington","country":"US","intersection_directions":"Parking garage WaterMark building","plus4":null,"state":"DC","street_address":"1900 Half St SW","zip":"20593","bd_blends":null,"cng_dispenser_num":null,"cng_fill_type_code":null,"cng_has_rng":null,"cng_psi":null,"cng_renewable_source":null,"cng_total_compression":null,"cng_total_storage":null,"cng_vehicle_class":null,"e85_blender_pump":null,"e85_other_ethanol_blends":null,"ev_connector_types":["J1772"],"ev_dc_fast_num":null,"ev_level1_evse_num":null,"ev_level2_evse_num":2,"ev_network":"ChargePoint Network","ev_network_web":"https://www.chargepoint.com","ev_other_evse":null,"ev_pricing":null,"ev_renewable_source":null,"ev_workplace_charging":false,"hy_is_retail":null,"hy_pressures":null,"hy_standards":null,"hy_status_link":null,"lng_has_rng":null,"lng_renewable_source":null,"lng_vehicle_class":null,"lpg_nozzle_types":null,"lpg_primary":null,"ng_fill_type_code":null,"ng_psi":null,"ng_vehicle_class":null,"rd_blended_with_biodiesel":null,"rd_blends":null,"rd_blends_fr":null,"rd_max_biodiesel_level":null,"nps_unit_name":null,"access_days_time_fr":null,"intersection_directions_fr":null,"bd_blends_fr":null,"groups_with_access_code_fr":"Public","ev_pricing_fr":null,"ev_network_ids":{"station":["USCPIL5382671"],"posts":["8973901","8973911"]}}},{"type":"Feature","geometry":{"type":"Point","coordinates":[-77.009813,38.866563]},"properties":{"access_code":"public","access_days_time":"24 hours daily","access_detail_code":null,"cards_accepted":null,"date_last_confirmed":"2025-04-23","expected_date":null,"fuel_type_code":"ELEC","groups_with_access_code":"Public","id":181432,"maximum_vehicle_class":null,"open_date":"2021-01-27","owner_type_code":null,"restricted_access":null,"status_code":"E","funding_sources":null,"facility_type":null,"station_name":"WATERMARK DC STATION 4","station_phone":"888-758-4389","updated_at":"2025-04-23T01:20:49Z","geocode_status":"GPS","city":"Washington","country":"US","intersection_directions":"Parking Garage WaterMark building split space 1 handicapped access","plus4":null,"state":"DC","street_address":"1900 Half St SW","zip":"20593","bd_blends":null,"cng_dispenser_num":null,"cng_fill_type_code":null,"cng_has_rng":null,"cng_psi":null,"cng_renewable_source":null,"cng_total_compression":null,"cng_total_storage":null,"cng_vehicle_class":null,"e85_blender_pump":null,"e85_other_ethanol_blends":null,"ev_connector_types":["J1772"],"ev_dc_fast_num":null,"ev_level1_evse_num":null,"ev_level2_evse_num":2,"ev_network":"ChargePoint Network","ev_network_web":"https://www.chargepoint.com","ev_other_evse":null,"ev_pricing":null,"ev_renewable_source":null,"ev_workplace_charging":false,"hy_is_retail":null,"hy_pressures":null,"hy_standards":null,"hy_status_link":null,"lng_has_rng":null,"lng_renewable_source":null,"lng_vehicle_class":null,"lpg_nozzle_types":null,"lpg_primary":null,"ng_fill_type_code":null,"ng_psi":null,"ng_vehicle_class":null,"rd_blended_with_biodiesel":null,"rd_blends":null,"rd_blends_fr":null,"rd_max_biodiesel_level":null,"nps_unit_name":null,"access_days_time_fr":null,"intersection_directions_fr":null,"bd_blends_fr":null,"groups_with_access_code_fr":"Public","ev_pricing_fr":null,"ev_network_ids":{"station":["USCPIL5382661"],"posts":["8973881","8973891"]}}},{"type":"Feature","geometry":{"type":"Point","coordinates":[-77.009867,38.866563]},"properties":{"access_code":"public","access_days_time":"24 hours daily","access_detail_code":null,"cards_accepted":null,"date_last_confirmed":"2025-04-23","expected_date":null,"fuel_type_code":"ELEC","groups_with_access_code":"Public","id":181433,"maximum_vehicle_class":null,"open_date":"2021-01-27","owner_type_code":null,"restricted_access":null,"status_code":"E","funding_sources":null,"facility_type":null,"station_name":"WATERMARK DC STATION 5","station_phone":"888-758-4389","updated_at":"2025-04-23T01:20:49Z","geocode_status":"GPS","city":"Washington","country":"US","intersection_directions":"Parking garage WaterMark building handicapped van","plus4":null,"state":"DC","street_address":"1900 Half St SW","zip":"20593","bd_blends":null,"cng_dispenser_num":null,"cng_fill_type_code":null,"cng_has_rng":null,"cng_psi":null,"cng_renewable_source":null,"cng_total_compression":null,"cng_total_storage":null,"cng_vehicle_class":null,"e85_blender_pump":null,"e85_other_ethanol_blends":null,"ev_connector_types":["J1772"],"ev_dc_fast_num":null,"ev_level1_evse_num":null,"ev_level2_evse_num":2,"ev_network":"ChargePoint Network","ev_network_web":"https://www.chargepoint.com","ev_other_evse":null,"ev_pricing":null,"ev_renewable_source":null,"ev_workplace_charging":false,"hy_is_retail":null,"hy_pressures":null,"hy_standards":null,"hy_status_link":null,"lng_has_rng":null,"lng_renewable_source":null,"lng_vehicle_class":null,"lpg_nozzle_types":null,"lpg_primary":null,"ng_fill_type_code":null,"ng_psi":null,"ng_vehicle_class":null,"rd_blended_with_biodiesel":null,"rd_blends":null,"rd_blends_fr":null,"rd_max_biodiesel_level":null,"nps_unit_name":null,"access_days_time_fr":null,"intersection_directions_fr":null,"bd_blends_fr":null,"groups_with_access_code_fr":"Public","ev_pricing_fr":null,"ev_network_ids":{"station":["USCPIL5382651"],"posts":["8973861","8973871"]}}},{"type":"Feature","geometry":{"type":"Point","coordinates":[-77.00977,38.866571]},"properties":{"access_code":"public","access_days_time":"24 hours daily","access_detail_code":null,"cards_accepted":null,"date_last_confirmed":"2025-04-23","expected_date":null,"fuel_type_code":"ELEC","groups_with_access_code":"Public","id":181434,"maximum_vehicle_class":null,"open_date":"2021-01-27","owner_type_code":null,"restricted_access":null,"status_code":"E","funding_sources":null,"facility_type":null,"station_name":"WATERMARK DC STATION 1","station_phone":"888-758-4389","updated_at":"2025-04-23T01:20:49Z","geocode_status":"GPS","city":"Washington","country":"US","intersection_directions":"Parking Garage WaterMark building","plus4":null,"state":"DC","street_address":"1900 Half St SW","zip":"20593","bd_blends":null,"cng_dispenser_num":null,"cng_fill_type_code":null,"cng_has_rng":null,"cng_psi":null,"cng_renewable_source":null,"cng_total_compression":null,"cng_total_storage":null,"cng_vehicle_class":null,"e85_blender_pump":null,"e85_other_ethanol_blends":null,"ev_connector_types":["J1772"],"ev_dc_fast_num":null,"ev_level1_evse_num":null,"ev_level2_evse_num":2,"ev_network":"ChargePoint Network","ev_network_web":"https://www.chargepoint.com","ev_other_evse":null,"ev_pricing":null,"ev_renewable_source":null,"ev_workplace_charging":false,"hy_is_retail":null,"hy_pressures":null,"hy_standards":null,"hy_status_link":null,"lng_has_rng":null,"lng_renewable_source":null,"lng_vehicle_class":null,"lpg_nozzle_types":null,"lpg_primary":null,"ng_fill_type_code":null,"ng_psi":null,"ng_vehicle_class":null,"rd_blended_with_biodiesel":null,"rd_blends":null,"rd_blends_fr":null,"rd_max_biodiesel_level":null,"nps_unit_name":null,"access_days_time_fr":null,"intersection_directions_fr":null,"bd_blends_fr":null,"groups_with_access_code_fr":"Public","ev_pricing_fr":null,"ev_network_ids":{"station":["USCPIL5382641"],"posts":["8973841","8973851"]}}},{"type":"Feature","geometry":{"type":"Point","coordinates":[-77.00006,38.908485]},"properties":{"access_code":"public","access_days_time":"24 hours daily","access_detail_code":null,"cards_accepted":null,"date_last_confirmed":"2025-04-23","expected_date":"2023-09-08","fuel_type_code":"ELEC","groups_with_access_code":"TEMPORARILY UNAVAILABLE (Public)","id":182547,"maximum_vehicle_class":null,"open_date":"2021-01-27","owner_type_code":null,"restricted_access":null,"status_code":"T","funding_sources":null,"facility_type":null,"station_name":"THE BATLEY BATLEY1 B2","station_phone":"888-758-4389","updated_at":"2025-04-23T00:54:49Z","geocode_status":"GPS","city":"Washington","country":"US","intersection_directions":null,"plus4":null,"state":"DC","street_address":"1270 4th St NE","zip":"20002","bd_blends":null,"cng_dispenser_num":null,"cng_fill_type_code":null,"cng_has_rng":null,"cng_psi":null,"cng_renewable_source":null,"cng_total_compression":null,"cng_total_storage":null,"cng_vehicle_class":null,"e85_blender_pump":null,"e85_other_ethanol_blends":null,"ev_connector_types":["J1772"],"ev_dc_fast_num":null,"ev_level1_evse_num":null,"ev_level2_evse_num":2,"ev_network":"ChargePoint Network","ev_network_web":"https://www.chargepoint.com","ev_other_evse":null,"ev_pricing":null,"ev_renewable_source":null,"ev_workplace_charging":false,"hy_is_retail":null,"hy_pressures":null,"hy_standards":null,"hy_status_link":null,"lng_has_rng":null,"lng_renewable_source":null,"lng_vehicle_class":null,"lpg_nozzle_types":null,"lpg_primary":null,"ng_fill_type_code":null,"ng_psi":null,"ng_vehicle_class":null,"rd_blended_with_biodiesel":null,"rd_blends":null,"rd_blends_fr":null,"rd_max_biodiesel_level":null,"nps_unit_name":null,"access_days_time_fr":null,"intersection_directions_fr":null,"bd_blends_fr":null,"groups_with_access_code_fr":"TEMPORAIREMENT SUSPENDU (Public)","ev_pricing_fr":null,"ev_network_ids":{"station":["USCPIL187117"],"posts":["9054881","9054891"]}}},{"type":"Feature","geometry":{"type":"Point","coordinates":[-77.000015,38.908535]},"properties":{"access_code":"public","access_days_time":"24 hours daily","access_detail_code":null,"cards_accepted":null,"date_last_confirmed":"2025-04-23","expected_date":"2023-09-08","fuel_type_code":"ELEC","groups_with_access_code":"TEMPORARILY UNAVAILABLE (Public)","id":182565,"maximum_vehicle_class":null,"open_date":"2021-01-27","owner_type_code":null,"restricted_access":null,"status_code":"T","funding_sources":null,"facility_type":null,"station_name":"THE BATLEY BATLEY4 B2","station_phone":"888-758-4389","updated_at":"2025-04-23T00:55:02Z","geocode_status":"GPS","city":"Washington","country":"US","intersection_directions":null,"plus4":null,"state":"DC","street_address":"1270 4th St NE","zip":"20002","bd_blends":null,"cng_dispenser_num":null,"cng_fill_type_code":null,"cng_has_rng":null,"cng_psi":null,"cng_renewable_source":null,"cng_total_compression":null,"cng_total_storage":null,"cng_vehicle_class":null,"e85_blender_pump":null,"e85_other_ethanol_blends":null,"ev_connector_types":["J1772"],"ev_dc_fast_num":null,"ev_level1_evse_num":null,"ev_level2_evse_num":2,"ev_network":"ChargePoint Network","ev_network_web":"https://www.chargepoint.com","ev_other_evse":null,"ev_pricing":null,"ev_renewable_source":null,"ev_workplace_charging":false,"hy_is_retail":null,"hy_pressures":null,"hy_standards":null,"hy_status_link":null,"lng_has_rng":null,"lng_renewable_source":null,"lng_vehicle_class":null,"lpg_nozzle_types":null,"lpg_primary":null,"ng_fill_type_code":null,"ng_psi":null,"ng_vehicle_class":null,"rd_blended_with_biodiesel":null,"rd_blends":null,"rd_blends_fr":null,"rd_max_biodiesel_level":null,"nps_unit_name":null,"access_days_time_fr":null,"intersection_directions_fr":null,"bd_blends_fr":null,"groups_with_access_code_fr":"TEMPORAIREMENT SUSPENDU (Public)","ev_pricing_fr":null,"ev_network_ids":{"station":["USCPIL188651"],"posts":["9054901","9054911"]}}},{"type":"Feature","geometry":{"type":"Point","coordinates":[-77.00005,38.908535]},"properties":{"access_code":"public","access_days_time":"24 hours daily","access_detail_code":null,"cards_accepted":null,"date_last_confirmed":"2025-04-23","expected_date":null,"fuel_type_code":"ELEC","groups_with_access_code":"Public","id":182570,"maximum_vehicle_class":null,"open_date":"2021-01-27","owner_type_code":null,"restricted_access":null,"status_code":"E","funding_sources":null,"facility_type":null,"station_name":"THE BATLEY BATLEY2 B2","station_phone":"888-758-4389","updated_at":"2025-04-23T00:55:08Z","geocode_status":"GPS","city":"Washington","country":"US","intersection_directions":null,"plus4":null,"state":"DC","street_address":"1270 4th St NE","zip":"20002","bd_blends":null,"cng_dispenser_num":null,"cng_fill_type_code":null,"cng_has_rng":null,"cng_psi":null,"cng_renewable_source":null,"cng_total_compression":null,"cng_total_storage":null,"cng_vehicle_class":null,"e85_blender_pump":null,"e85_other_ethanol_blends":null,"ev_connector_types":["J1772"],"ev_dc_fast_num":null,"ev_level1_evse_num":null,"ev_level2_evse_num":2,"ev_network":"ChargePoint Network","ev_network_web":"https://www.chargepoint.com","ev_other_evse":null,"ev_pricing":null,"ev_renewable_source":null,"ev_workplace_charging":false,"hy_is_retail":null,"hy_pressures":null,"hy_standards":null,"hy_status_link":null,"lng_has_rng":null,"lng_renewable_source":null,"lng_vehicle_class":null,"lpg_nozzle_types":null,"lpg_primary":null,"ng_fill_type_code":null,"ng_psi":null,"ng_vehicle_class":null,"rd_blended_with_biodiesel":null,"rd_blends":null,"rd_blends_fr":null,"rd_max_biodiesel_level":null,"nps_unit_name":null,"access_days_time_fr":null,"intersection_directions_fr":null,"bd_blends_fr":null,"groups_with_access_code_fr":"Public","ev_pricing_fr":null,"ev_network_ids":{"station":["USCPIL189899"],"posts":["256561","256563"]}}},{"type":"Feature","geometry":{"type":"Point","coordinates":[-76.99991,38.908592]},"properties":{"access_code":"public","access_days_time":"24 hours daily","access_detail_code":null,"cards_accepted":null,"date_last_confirmed":"2025-04-23","expected_date":"2024-11-24","fuel_type_code":"ELEC","groups_with_access_code":"TEMPORARILY UNAVAILABLE (Public)","id":182577,"maximum_vehicle_class":null,"open_date":"2021-01-27","owner_type_code":null,"restricted_access":null,"status_code":"T","funding_sources":null,"facility_type":null,"station_name":"THE BATLEY BATLEY3 B2","station_phone":"888-758-4389","updated_at":"2025-04-23T00:55:11Z","geocode_status":"GPS","city":"Washington","country":"US","intersection_directions":null,"plus4":null,"state":"DC","street_address":"1270 4th St NE","zip":"20002","bd_blends":null,"cng_dispenser_num":null,"cng_fill_type_code":null,"cng_has_rng":null,"cng_psi":null,"cng_renewable_source":null,"cng_total_compression":null,"cng_total_storage":null,"cng_vehicle_class":null,"e85_blender_pump":null,"e85_other_ethanol_blends":null,"ev_connector_types":["J1772"],"ev_dc_fast_num":null,"ev_level1_evse_num":null,"ev_level2_evse_num":2,"ev_network":"ChargePoint Network","ev_network_web":"https://www.chargepoint.com","ev_other_evse":null,"ev_pricing":null,"ev_renewable_source":null,"ev_workplace_charging":false,"hy_is_retail":null,"hy_pressures":null,"hy_standards":null,"hy_status_link":null,"lng_has_rng":null,"lng_renewable_source":null,"lng_vehicle_class":null,"lpg_nozzle_types":null,"lpg_primary":null,"ng_fill_type_code":null,"ng_psi":null,"ng_vehicle_class":null,"rd_blended_with_biodiesel":null,"rd_blends":null,"rd_blends_fr":null,"rd_max_biodiesel_level":null,"nps_unit_name":null,"access_days_time_fr":null,"intersection_directions_fr":null,"bd_blends_fr":null,"groups_with_access_code_fr":"TEMPORAIREMENT SUSPENDU (Public)","ev_pricing_fr":null,"ev_network_ids":{"station":["USCPIL190933"],"posts":["257837","257839"]}}},{"type":"Feature","geometry":{"type":"Point","coordinates":[-77.000366,38.908374]},"properties":{"access_code":"public","access_days_time":"24 hours daily","access_detail_code":null,"cards_accepted":null,"date_last_confirmed":"2025-04-23","expected_date":null,"fuel_type_code":"ELEC","groups_with_access_code":"Public","id":183438,"maximum_vehicle_class":null,"open_date":"2021-01-27","owner_type_code":null,"restricted_access":null,"status_code":"E","funding_sources":null,"facility_type":null,"station_name":"THE BATLEY BATLEY4 B1","station_phone":"888-758-4389","updated_at":"2025-04-23T01:24:18Z","geocode_status":"GPS","city":"Washington","country":"US","intersection_directions":null,"plus4":null,"state":"DC","street_address":"1260 4th St NE","zip":"20002","bd_blends":null,"cng_dispenser_num":null,"cng_fill_type_code":null,"cng_has_rng":null,"cng_psi":null,"cng_renewable_source":null,"cng_total_compression":null,"cng_total_storage":null,"cng_vehicle_class":null,"e85_blender_pump":null,"e85_other_ethanol_blends":null,"ev_connector_types":["J1772"],"ev_dc_fast_num":null,"ev_level1_evse_num":null,"ev_level2_evse_num":2,"ev_network":"ChargePoint Network","ev_network_web":"https://www.chargepoint.com","ev_other_evse":null,"ev_pricing":null,"ev_renewable_source":null,"ev_workplace_charging":false,"hy_is_retail":null,"hy_pressures":null,"hy_standards":null,"hy_status_link":null,"lng_has_rng":null,"lng_renewable_source":null,"lng_vehicle_class":null,"lpg_nozzle_types":null,"lpg_primary":null,"ng_fill_type_code":null,"ng_psi":null,"ng_vehicle_class":null,"rd_blended_with_biodiesel":null,"rd_blends":null,"rd_blends_fr":null,"rd_max_biodiesel_level":null,"nps_unit_name":null,"access_days_time_fr":null,"intersection_directions_fr":null,"bd_blends_fr":null,"groups_with_access_code_fr":"Public","ev_pricing_fr":null,"ev_network_ids":{"station":["USCPIL5498451"],"posts":["9119421","9119431"]}}},{"type":"Feature","geometry":{"type":"Point","coordinates":[-76.999783,38.90877]},"properties":{"access_code":"public","access_days_time":"24 hours daily","access_detail_code":null,"cards_accepted":null,"date_last_confirmed":"2025-04-23","expected_date":"2025-03-22","fuel_type_code":"ELEC","groups_with_access_code":"TEMPORARILY UNAVAILABLE (Public)","id":183439,"maximum_vehicle_class":null,"open_date":"2021-01-27","owner_type_code":null,"restricted_access":null,"status_code":"T","funding_sources":null,"facility_type":null,"station_name":"THE BATLEY UMDISTRICT EV4","station_phone":"888-758-4389","updated_at":"2025-04-23T01:24:19Z","geocode_status":"GPS","city":"Washington","country":"US","intersection_directions":"1270-80 4th St NE Parking Garage - vehicle entry rear of building - under La Cosecha, Batley","plus4":null,"state":"DC","street_address":"1270 4th St NE","zip":"20002","bd_blends":null,"cng_dispenser_num":null,"cng_fill_type_code":null,"cng_has_rng":null,"cng_psi":null,"cng_renewable_source":null,"cng_total_compression":null,"cng_total_storage":null,"cng_vehicle_class":null,"e85_blender_pump":null,"e85_other_ethanol_blends":null,"ev_connector_types":["J1772"],"ev_dc_fast_num":null,"ev_level1_evse_num":null,"ev_level2_evse_num":2,"ev_network":"ChargePoint Network","ev_network_web":"https://www.chargepoint.com","ev_other_evse":null,"ev_pricing":null,"ev_renewable_source":null,"ev_workplace_charging":false,"hy_is_retail":null,"hy_pressures":null,"hy_standards":null,"hy_status_link":null,"lng_has_rng":null,"lng_renewable_source":null,"lng_vehicle_class":null,"lpg_nozzle_types":null,"lpg_primary":null,"ng_fill_type_code":null,"ng_psi":null,"ng_vehicle_class":null,"rd_blended_with_biodiesel":null,"rd_blends":null,"rd_blends_fr":null,"rd_max_biodiesel_level":null,"nps_unit_name":null,"access_days_time_fr":null,"intersection_directions_fr":null,"bd_blends_fr":null,"groups_with_access_code_fr":"TEMPORAIREMENT SUSPENDU (Public)","ev_pricing_fr":null,"ev_network_ids":{"station":["USCPIL5498591"],"posts":["9119611","9119621"]}}},{"type":"Feature","geometry":{"type":"Point","coordinates":[-76.998688,38.909413]},"properties":{"access_code":"public","access_days_time":"24 hours daily","access_detail_code":null,"cards_accepted":null,"date_last_confirmed":"2025-04-23","expected_date":null,"fuel_type_code":"ELEC","groups_with_access_code":"Public","id":183440,"maximum_vehicle_class":null,"open_date":"2021-01-27","owner_type_code":null,"restricted_access":null,"status_code":"E","funding_sources":null,"facility_type":null,"station_name":"THE BATLEY UMDISTRICT EV5","station_phone":"888-758-4389","updated_at":"2025-04-23T01:24:19Z","geocode_status":"GPS","city":"Washington","country":"US","intersection_directions":"1270-80 4th St NE Parking Garage - vehicle entry rear of building - under La Cosecha, Batley","plus4":null,"state":"DC","street_address":"1270 4th St NE","zip":"20002","bd_blends":null,"cng_dispenser_num":null,"cng_fill_type_code":null,"cng_has_rng":null,"cng_psi":null,"cng_renewable_source":null,"cng_total_compression":null,"cng_total_storage":null,"cng_vehicle_class":null,"e85_blender_pump":null,"e85_other_ethanol_blends":null,"ev_connector_types":["J1772"],"ev_dc_fast_num":null,"ev_level1_evse_num":null,"ev_level2_evse_num":2,"ev_network":"ChargePoint Network","ev_network_web":"https://www.chargepoint.com","ev_other_evse":null,"ev_pricing":null,"ev_renewable_source":null,"ev_workplace_charging":false,"hy_is_retail":null,"hy_pressures":null,"hy_standards":null,"hy_status_link":null,"lng_has_rng":null,"lng_renewable_source":null,"lng_vehicle_class":null,"lpg_nozzle_types":null,"lpg_primary":null,"ng_fill_type_code":null,"ng_psi":null,"ng_vehicle_class":null,"rd_blended_with_biodiesel":null,"rd_blends":null,"rd_blends_fr":null,"rd_max_biodiesel_level":null,"nps_unit_name":null,"access_days_time_fr":null,"intersection_directions_fr":null,"bd_blends_fr":null,"groups_with_access_code_fr":"Public","ev_pricing_fr":null,"ev_network_ids":{"station":["USCPIL5498601"],"posts":["9119631","9119641"]}}},{"type":"Feature","geometry":{"type":"Point","coordinates":[-77.011997,38.858158]},"properties":{"access_code":"private","access_days_time":null,"access_detail_code":"GOVERNMENT","cards_accepted":null,"date_last_confirmed":"2025-01-13","expected_date":null,"fuel_type_code":"ELEC","groups_with_access_code":"Private - Government only","id":184232,"maximum_vehicle_class":null,"open_date":"2021-01-15","owner_type_code":"FG","restricted_access":null,"status_code":"E","funding_sources":null,"facility_type":"FED_GOV","station_name":"FMS2","station_phone":null,"updated_at":"2025-02-12T00:16:32Z","geocode_status":"GPS","city":"Anacostia Naval Station","country":"US","intersection_directions":null,"plus4":null,"state":"DC","street_address":"2796 Mitcher Rd SW","zip":"20373","bd_blends":null,"cng_dispenser_num":null,"cng_fill_type_code":null,"cng_has_rng":null,"cng_psi":null,"cng_renewable_source":null,"cng_total_compression":null,"cng_total_storage":null,"cng_vehicle_class":null,"e85_blender_pump":null,"e85_other_ethanol_blends":null,"ev_connector_types":["J1772"],"ev_dc_fast_num":null,"ev_level1_evse_num":null,"ev_level2_evse_num":1,"ev_network":"Non-Networked","ev_network_web":null,"ev_other_evse":null,"ev_pricing":"Free","ev_renewable_source":null,"ev_workplace_charging":false,"hy_is_retail":null,"hy_pressures":null,"hy_standards":null,"hy_status_link":null,"lng_has_rng":null,"lng_renewable_source":null,"lng_vehicle_class":null,"lpg_nozzle_types":null,"lpg_primary":null,"ng_fill_type_code":null,"ng_psi":null,"ng_vehicle_class":null,"rd_blended_with_biodiesel":null,"rd_blends":null,"rd_blends_fr":null,"rd_max_biodiesel_level":null,"nps_unit_name":null,"access_days_time_fr":null,"intersection_directions_fr":null,"bd_blends_fr":null,"groups_with_access_code_fr":"Privé - Réservé au gouvernement","ev_pricing_fr":null,"federal_agency":{"id":6,"code":"DA","name":"Department of Army"}}},{"type":"Feature","geometry":{"type":"Point","coordinates":[-77.085791,38.939071]},"properties":{"access_code":"private","access_days_time":null,"access_detail_code":"GOVERNMENT","cards_accepted":"A D M V","date_last_confirmed":"2025-01-13","expected_date":null,"fuel_type_code":"ELEC","groups_with_access_code":"Private - Government only","id":184304,"maximum_vehicle_class":null,"open_date":"2021-01-15","owner_type_code":"FG","restricted_access":null,"status_code":"E","funding_sources":null,"facility_type":"FED_GOV","station_name":"NAC Motorpool","station_phone":null,"updated_at":"2025-02-12T00:16:32Z","geocode_status":"GPS","city":"Washington","country":"US","intersection_directions":null,"plus4":null,"state":"DC","street_address":"Nebraska Ave","zip":"20016","bd_blends":null,"cng_dispenser_num":null,"cng_fill_type_code":null,"cng_has_rng":null,"cng_psi":null,"cng_renewable_source":null,"cng_total_compression":null,"cng_total_storage":null,"cng_vehicle_class":null,"e85_blender_pump":null,"e85_other_ethanol_blends":null,"ev_connector_types":["CHADEMO","J1772"],"ev_dc_fast_num":2,"ev_level1_evse_num":null,"ev_level2_evse_num":1,"ev_network":"Non-Networked","ev_network_web":null,"ev_other_evse":null,"ev_pricing":null,"ev_renewable_source":null,"ev_workplace_charging":false,"hy_is_retail":null,"hy_pressures":null,"hy_standards":null,"hy_status_link":null,"lng_has_rng":null,"lng_renewable_source":null,"lng_vehicle_class":null,"lpg_nozzle_types":null,"lpg_primary":null,"ng_fill_type_code":null,"ng_psi":null,"ng_vehicle_class":null,"rd_blended_with_biodiesel":null,"rd_blends":null,"rd_blends_fr":null,"rd_max_biodiesel_level":null,"nps_unit_name":null,"access_days_time_fr":null,"intersection_directions_fr":null,"bd_blends_fr":null,"groups_with_access_code_fr":"Privé - Réservé au gouvernement","ev_pricing_fr":null,"federal_agency":{"id":10,"code":"DHS","name":"Department of Homeland Security"}}},{"type":"Feature","geometry":{"type":"Point","coordinates":[-77.0226993730774,38.88691383347291]},"properties":{"access_code":"private","access_days_time":null,"access_detail_code":"GOVERNMENT","cards_accepted":null,"date_last_confirmed":"2025-01-13","expected_date":null,"fuel_type_code":"ELEC","groups_with_access_code":"Private - Government only","id":184305,"maximum_vehicle_class":null,"open_date":"2021-01-15","owner_type_code":"FG","restricted_access":null,"status_code":"E","funding_sources":null,"facility_type":"FED_GOV","station_name":"FAA - Headquarters Office Building (HDQ 10A)","station_phone":null,"updated_at":"2025-02-12T00:16:32Z","geocode_status":"GPS","city":"Washington","country":"US","intersection_directions":null,"plus4":null,"state":"DC","street_address":"800 Independence Ave SW","zip":"20591","bd_blends":null,"cng_dispenser_num":null,"cng_fill_type_code":null,"cng_has_rng":null,"cng_psi":null,"cng_renewable_source":null,"cng_total_compression":null,"cng_total_storage":null,"cng_vehicle_class":null,"e85_blender_pump":null,"e85_other_ethanol_blends":null,"ev_connector_types":["J1772"],"ev_dc_fast_num":null,"ev_level1_evse_num":null,"ev_level2_evse_num":1,"ev_network":"Non-Networked","ev_network_web":null,"ev_other_evse":null,"ev_pricing":"Free","ev_renewable_source":null,"ev_workplace_charging":false,"hy_is_retail":null,"hy_pressures":null,"hy_standards":null,"hy_status_link":null,"lng_has_rng":null,"lng_renewable_source":null,"lng_vehicle_class":null,"lpg_nozzle_types":null,"lpg_primary":null,"ng_fill_type_code":null,"ng_psi":null,"ng_vehicle_class":null,"rd_blended_with_biodiesel":null,"rd_blends":null,"rd_blends_fr":null,"rd_max_biodiesel_level":null,"nps_unit_name":null,"access_days_time_fr":null,"intersection_directions_fr":null,"bd_blends_fr":null,"groups_with_access_code_fr":"Privé - Réservé au gouvernement","ev_pricing_fr":null,"federal_agency":{"id":17,"code":"DOT","name":"Department of Transportation"}}},{"type":"Feature","geometry":{"type":"Point","coordinates":[-77.043471,38.896008]},"properties":{"access_code":"private","access_days_time":null,"access_detail_code":"GOVERNMENT","cards_accepted":null,"date_last_confirmed":"2025-01-13","expected_date":null,"fuel_type_code":"ELEC","groups_with_access_code":"Private - Government only","id":184306,"maximum_vehicle_class":null,"open_date":"2021-01-15","owner_type_code":"FG","restricted_access":null,"status_code":"E","funding_sources":null,"facility_type":"FED_GOV","station_name":"GSA FLEET / WESTCTYARD","station_phone":null,"updated_at":"2025-02-12T00:16:32Z","geocode_status":"GPS","city":"Washington","country":"US","intersection_directions":null,"plus4":null,"state":"DC","street_address":"501-555 19th St NW","zip":"20036","bd_blends":null,"cng_dispenser_num":null,"cng_fill_type_code":null,"cng_has_rng":null,"cng_psi":null,"cng_renewable_source":null,"cng_total_compression":null,"cng_total_storage":null,"cng_vehicle_class":null,"e85_blender_pump":null,"e85_other_ethanol_blends":null,"ev_connector_types":["J1772"],"ev_dc_fast_num":null,"ev_level1_evse_num":null,"ev_level2_evse_num":1,"ev_network":"Non-Networked","ev_network_web":null,"ev_other_evse":null,"ev_pricing":"Free","ev_renewable_source":null,"ev_workplace_charging":false,"hy_is_retail":null,"hy_pressures":null,"hy_standards":null,"hy_status_link":null,"lng_has_rng":null,"lng_renewable_source":null,"lng_vehicle_class":null,"lpg_nozzle_types":null,"lpg_primary":null,"ng_fill_type_code":null,"ng_psi":null,"ng_vehicle_class":null,"rd_blended_with_biodiesel":null,"rd_blends":null,"rd_blends_fr":null,"rd_max_biodiesel_level":null,"nps_unit_name":null,"access_days_time_fr":null,"intersection_directions_fr":null,"bd_blends_fr":null,"groups_with_access_code_fr":"Privé - Réservé au gouvernement","ev_pricing_fr":null,"federal_agency":{"id":21,"code":"GSA","name":"General Services Administration"}}},{"type":"Feature","geometry":{"type":"Point","coordinates":[-77.0369,38.8948]},"properties":{"access_code":"private","access_days_time":null,"access_detail_code":"GOVERNMENT","cards_accepted":null,"date_last_confirmed":"2025-01-13","expected_date":null,"fuel_type_code":"ELEC","groups_with_access_code":"Private - Government only","id":184307,"maximum_vehicle_class":null,"open_date":"2021-01-15","owner_type_code":"FG","restricted_access":null,"status_code":"E","funding_sources":null,"facility_type":"FED_GOV","station_name":"OPM Motor Pool","station_phone":null,"updated_at":"2025-02-12T00:16:32Z","geocode_status":"GPS","city":"Washington","country":"US","intersection_directions":null,"plus4":null,"state":"DC","street_address":"1900 E St NW","zip":"20415","bd_blends":null,"cng_dispenser_num":null,"cng_fill_type_code":null,"cng_has_rng":null,"cng_psi":null,"cng_renewable_source":null,"cng_total_compression":null,"cng_total_storage":null,"cng_vehicle_class":null,"e85_blender_pump":null,"e85_other_ethanol_blends":null,"ev_connector_types":["J1772"],"ev_dc_fast_num":null,"ev_level1_evse_num":null,"ev_level2_evse_num":1,"ev_network":"Non-Networked","ev_network_web":null,"ev_other_evse":null,"ev_pricing":"Free","ev_renewable_source":null,"ev_workplace_charging":false,"hy_is_retail":null,"hy_pressures":null,"hy_standards":null,"hy_status_link":null,"lng_has_rng":null,"lng_renewable_source":null,"lng_vehicle_class":null,"lpg_nozzle_types":null,"lpg_primary":null,"ng_fill_type_code":null,"ng_psi":null,"ng_vehicle_class":null,"rd_blended_with_biodiesel":null,"rd_blends":null,"rd_blends_fr":null,"rd_max_biodiesel_level":null,"nps_unit_name":null,"access_days_time_fr":null,"intersection_directions_fr":null,"bd_blends_fr":null,"groups_with_access_code_fr":"Privé - Réservé au gouvernement","ev_pricing_fr":null,"federal_agency":{"id":16,"code":"DOI","name":"Department of the Interior"}}},{"type":"Feature","geometry":{"type":"Point","coordinates":[-77.023611,38.900627]},"properties":{"access_code":"private","access_days_time":null,"access_detail_code":"GOVERNMENT","cards_accepted":"A D M V","date_last_confirmed":"2025-01-13","expected_date":null,"fuel_type_code":"ELEC","groups_with_access_code":"Private - Government only","id":184308,"maximum_vehicle_class":null,"open_date":"2021-01-15","owner_type_code":"FG","restricted_access":null,"status_code":"E","funding_sources":null,"facility_type":"FED_GOV","station_name":"US MINT","station_phone":null,"updated_at":"2025-02-12T00:16:32Z","geocode_status":"GPS","city":"Washington","country":"US","intersection_directions":null,"plus4":null,"state":"DC","street_address":"801 9th St NW","zip":"20001","bd_blends":null,"cng_dispenser_num":null,"cng_fill_type_code":null,"cng_has_rng":null,"cng_psi":null,"cng_renewable_source":null,"cng_total_compression":null,"cng_total_storage":null,"cng_vehicle_class":null,"e85_blender_pump":null,"e85_other_ethanol_blends":null,"ev_connector_types":["J1772"],"ev_dc_fast_num":null,"ev_level1_evse_num":null,"ev_level2_evse_num":1,"ev_network":"Non-Networked","ev_network_web":null,"ev_other_evse":null,"ev_pricing":"$0.12 per kWh","ev_renewable_source":null,"ev_workplace_charging":false,"hy_is_retail":null,"hy_pressures":null,"hy_standards":null,"hy_status_link":null,"lng_has_rng":null,"lng_renewable_source":null,"lng_vehicle_class":null,"lpg_nozzle_types":null,"lpg_primary":null,"ng_fill_type_code":null,"ng_psi":null,"ng_vehicle_class":null,"rd_blended_with_biodiesel":null,"rd_blends":null,"rd_blends_fr":null,"rd_max_biodiesel_level":null,"nps_unit_name":null,"access_days_time_fr":null,"intersection_directions_fr":null,"bd_blends_fr":null,"groups_with_access_code_fr":"Privé - Réservé au gouvernement","ev_pricing_fr":null,"federal_agency":{"id":16,"code":"DOI","name":"Department of the Interior"}}},{"type":"Feature","geometry":{"type":"Point","coordinates":[-77.032041,38.885703]},"properties":{"access_code":"private","access_days_time":"Accepts fleet card","access_detail_code":"GOVERNMENT","cards_accepted":null,"date_last_confirmed":"2025-01-13","expected_date":null,"fuel_type_code":"ELEC","groups_with_access_code":"Private - Government only","id":184309,"maximum_vehicle_class":null,"open_date":"2021-01-15","owner_type_code":"FG","restricted_access":null,"status_code":"E","funding_sources":null,"facility_type":"FED_GOV","station_name":"BEP #2","station_phone":null,"updated_at":"2025-02-12T00:16:32Z","geocode_status":"GPS","city":"Washington","country":"US","intersection_directions":null,"plus4":null,"state":"DC","street_address":"201-301 14th St SW","zip":"20024","bd_blends":null,"cng_dispenser_num":null,"cng_fill_type_code":null,"cng_has_rng":null,"cng_psi":null,"cng_renewable_source":null,"cng_total_compression":null,"cng_total_storage":null,"cng_vehicle_class":null,"e85_blender_pump":null,"e85_other_ethanol_blends":null,"ev_connector_types":["J1772"],"ev_dc_fast_num":null,"ev_level1_evse_num":null,"ev_level2_evse_num":1,"ev_network":"Non-Networked","ev_network_web":null,"ev_other_evse":null,"ev_pricing":"$0.30 per kWh","ev_renewable_source":null,"ev_workplace_charging":false,"hy_is_retail":null,"hy_pressures":null,"hy_standards":null,"hy_status_link":null,"lng_has_rng":null,"lng_renewable_source":null,"lng_vehicle_class":null,"lpg_nozzle_types":null,"lpg_primary":null,"ng_fill_type_code":null,"ng_psi":null,"ng_vehicle_class":null,"rd_blended_with_biodiesel":null,"rd_blends":null,"rd_blends_fr":null,"rd_max_biodiesel_level":null,"nps_unit_name":null,"access_days_time_fr":null,"intersection_directions_fr":null,"bd_blends_fr":null,"groups_with_access_code_fr":"Privé - Réservé au gouvernement","ev_pricing_fr":null,"federal_agency":{"id":16,"code":"DOI","name":"Department of the Interior"}}},{"type":"Feature","geometry":{"type":"Point","coordinates":[-77.028949,38.893999]},"properties":{"access_code":"private","access_days_time":null,"access_detail_code":"GOVERNMENT","cards_accepted":null,"date_last_confirmed":"2025-01-13","expected_date":null,"fuel_type_code":"ELEC","groups_with_access_code":"Private - Government only","id":184403,"maximum_vehicle_class":null,"open_date":"2021-01-15","owner_type_code":"FG","restricted_access":null,"status_code":"E","funding_sources":null,"facility_type":"FED_GOV","station_name":"EPA Headquarters","station_phone":null,"updated_at":"2025-02-12T00:16:32Z","geocode_status":"GPS","city":"Washington","country":"US","intersection_directions":null,"plus4":null,"state":"DC","street_address":"1200 Pennsylvania Ave NW","zip":"20004","bd_blends":null,"cng_dispenser_num":null,"cng_fill_type_code":null,"cng_has_rng":null,"cng_psi":null,"cng_renewable_source":null,"cng_total_compression":null,"cng_total_storage":null,"cng_vehicle_class":null,"e85_blender_pump":null,"e85_other_ethanol_blends":null,"ev_connector_types":["J1772"],"ev_dc_fast_num":null,"ev_level1_evse_num":null,"ev_level2_evse_num":2,"ev_network":"Non-Networked","ev_network_web":null,"ev_other_evse":null,"ev_pricing":null,"ev_renewable_source":null,"ev_workplace_charging":false,"hy_is_retail":null,"hy_pressures":null,"hy_standards":null,"hy_status_link":null,"lng_has_rng":null,"lng_renewable_source":null,"lng_vehicle_class":null,"lpg_nozzle_types":null,"lpg_primary":null,"ng_fill_type_code":null,"ng_psi":null,"ng_vehicle_class":null,"rd_blended_with_biodiesel":null,"rd_blends":null,"rd_blends_fr":null,"rd_max_biodiesel_level":null,"nps_unit_name":null,"access_days_time_fr":null,"intersection_directions_fr":null,"bd_blends_fr":null,"groups_with_access_code_fr":"Privé - Réservé au gouvernement","ev_pricing_fr":null,"federal_agency":{"id":20,"code":"EPA","name":"U.S. Environmental Protection Agency"}}},{"type":"Feature","geometry":{"type":"Point","coordinates":[-77.025904,38.892106]},"properties":{"access_code":"private","access_days_time":null,"access_detail_code":"GOVERNMENT","cards_accepted":null,"date_last_confirmed":"2025-01-13","expected_date":null,"fuel_type_code":"ELEC","groups_with_access_code":"Private - Government only","id":184404,"maximum_vehicle_class":null,"open_date":"2021-01-15","owner_type_code":"FG","restricted_access":null,"status_code":"E","funding_sources":null,"facility_type":"FED_GOV","station_name":"NMNH","station_phone":null,"updated_at":"2025-02-12T00:16:32Z","geocode_status":"GPS","city":"Washington","country":"US","intersection_directions":null,"plus4":null,"state":"DC","street_address":"10th & Constitution Ave NW","zip":"20560","bd_blends":null,"cng_dispenser_num":null,"cng_fill_type_code":null,"cng_has_rng":null,"cng_psi":null,"cng_renewable_source":null,"cng_total_compression":null,"cng_total_storage":null,"cng_vehicle_class":null,"e85_blender_pump":null,"e85_other_ethanol_blends":null,"ev_connector_types":["J1772"],"ev_dc_fast_num":null,"ev_level1_evse_num":null,"ev_level2_evse_num":2,"ev_network":"Non-Networked","ev_network_web":null,"ev_other_evse":null,"ev_pricing":null,"ev_renewable_source":null,"ev_workplace_charging":false,"hy_is_retail":null,"hy_pressures":null,"hy_standards":null,"hy_status_link":null,"lng_has_rng":null,"lng_renewable_source":null,"lng_vehicle_class":null,"lpg_nozzle_types":null,"lpg_primary":null,"ng_fill_type_code":null,"ng_psi":null,"ng_vehicle_class":null,"rd_blended_with_biodiesel":null,"rd_blends":null,"rd_blends_fr":null,"rd_max_biodiesel_level":null,"nps_unit_name":null,"access_days_time_fr":null,"intersection_directions_fr":null,"bd_blends_fr":null,"groups_with_access_code_fr":"Privé - Réservé au gouvernement","ev_pricing_fr":null,"federal_agency":{"id":23,"code":"SI","name":"Smithsonian Institution"}}},{"type":"Feature","geometry":{"type":"Point","coordinates":[-77.014434,38.882897]},"properties":{"access_code":"private","access_days_time":null,"access_detail_code":null,"cards_accepted":null,"date_last_confirmed":"2025-01-13","expected_date":null,"fuel_type_code":"ELEC","groups_with_access_code":"Private","id":184405,"maximum_vehicle_class":null,"open_date":"2021-01-15","owner_type_code":"FG","restricted_access":null,"status_code":"E","funding_sources":null,"facility_type":"FED_GOV","station_name":"SSA HQ DC","station_phone":null,"updated_at":"2025-02-12T00:16:32Z","geocode_status":"GPS","city":"Washington","country":"US","intersection_directions":null,"plus4":null,"state":"DC","street_address":"250e E St SW","zip":"20024","bd_blends":null,"cng_dispenser_num":null,"cng_fill_type_code":null,"cng_has_rng":null,"cng_psi":null,"cng_renewable_source":null,"cng_total_compression":null,"cng_total_storage":null,"cng_vehicle_class":null,"e85_blender_pump":null,"e85_other_ethanol_blends":null,"ev_connector_types":["J1772"],"ev_dc_fast_num":null,"ev_level1_evse_num":null,"ev_level2_evse_num":2,"ev_network":"Non-Networked","ev_network_web":null,"ev_other_evse":null,"ev_pricing":null,"ev_renewable_source":null,"ev_workplace_charging":false,"hy_is_retail":null,"hy_pressures":null,"hy_standards":null,"hy_status_link":null,"lng_has_rng":null,"lng_renewable_source":null,"lng_vehicle_class":null,"lpg_nozzle_types":null,"lpg_primary":null,"ng_fill_type_code":null,"ng_psi":null,"ng_vehicle_class":null,"rd_blended_with_biodiesel":null,"rd_blends":null,"rd_blends_fr":null,"rd_max_biodiesel_level":null,"nps_unit_name":null,"access_days_time_fr":null,"intersection_directions_fr":null,"bd_blends_fr":null,"groups_with_access_code_fr":"Privé","ev_pricing_fr":null,"federal_agency":{"id":24,"code":"SSA","name":"Social Security Administration"}}},{"type":"Feature","geometry":{"type":"Point","coordinates":[-77.029993,38.886768]},"properties":{"access_code":"private","access_days_time":null,"access_detail_code":"GOVERNMENT","cards_accepted":null,"date_last_confirmed":"2025-01-13","expected_date":null,"fuel_type_code":"ELEC","groups_with_access_code":"Private - Government only","id":184406,"maximum_vehicle_class":null,"open_date":"2021-01-15","owner_type_code":"FG","restricted_access":null,"status_code":"E","funding_sources":null,"facility_type":"FED_GOV","station_name":"USDA IND.AVE DC / DC SOUTH BLD1 &amp; 2","station_phone":null,"updated_at":"2025-02-12T00:16:32Z","geocode_status":"GPS","city":"Washington","country":"US","intersection_directions":null,"plus4":null,"state":"DC","street_address":"1351 C St NW","zip":"20024","bd_blends":null,"cng_dispenser_num":null,"cng_fill_type_code":null,"cng_has_rng":null,"cng_psi":null,"cng_renewable_source":null,"cng_total_compression":null,"cng_total_storage":null,"cng_vehicle_class":null,"e85_blender_pump":null,"e85_other_ethanol_blends":null,"ev_connector_types":["J1772"],"ev_dc_fast_num":null,"ev_level1_evse_num":null,"ev_level2_evse_num":2,"ev_network":"Non-Networked","ev_network_web":null,"ev_other_evse":null,"ev_pricing":null,"ev_renewable_source":null,"ev_workplace_charging":false,"hy_is_retail":null,"hy_pressures":null,"hy_standards":null,"hy_status_link":null,"lng_has_rng":null,"lng_renewable_source":null,"lng_vehicle_class":null,"lpg_nozzle_types":null,"lpg_primary":null,"ng_fill_type_code":null,"ng_psi":null,"ng_vehicle_class":null,"rd_blended_with_biodiesel":null,"rd_blends":null,"rd_blends_fr":null,"rd_max_biodiesel_level":null,"nps_unit_name":null,"access_days_time_fr":null,"intersection_directions_fr":null,"bd_blends_fr":null,"groups_with_access_code_fr":"Privé - Réservé au gouvernement","ev_pricing_fr":null,"federal_agency":{"id":4,"code":"USDA","name":"U.S. Department of Agriculture"}}},{"type":"Feature","geometry":{"type":"Point","coordinates":[-76.994518,38.879487]},"properties":{"access_code":"private","access_days_time":null,"access_detail_code":"GOVERNMENT","cards_accepted":null,"date_last_confirmed":"2025-01-13","expected_date":null,"fuel_type_code":"ELEC","groups_with_access_code":"Private - Government only","id":184407,"maximum_vehicle_class":null,"open_date":"2021-01-15","owner_type_code":"FG","restricted_access":null,"status_code":"E","funding_sources":null,"facility_type":"FED_GOV","station_name":"Marine Barracks 8th &amp; I","station_phone":null,"updated_at":"2025-02-12T00:16:32Z","geocode_status":"GPS","city":"Washington","country":"US","intersection_directions":null,"plus4":null,"state":"DC","street_address":"8th St & I St SE","zip":"20032","bd_blends":null,"cng_dispenser_num":null,"cng_fill_type_code":null,"cng_has_rng":null,"cng_psi":null,"cng_renewable_source":null,"cng_total_compression":null,"cng_total_storage":null,"cng_vehicle_class":null,"e85_blender_pump":null,"e85_other_ethanol_blends":null,"ev_connector_types":["J1772"],"ev_dc_fast_num":null,"ev_level1_evse_num":null,"ev_level2_evse_num":2,"ev_network":"Non-Networked","ev_network_web":null,"ev_other_evse":null,"ev_pricing":null,"ev_renewable_source":null,"ev_workplace_charging":false,"hy_is_retail":null,"hy_pressures":null,"hy_standards":null,"hy_status_link":null,"lng_has_rng":null,"lng_renewable_source":null,"lng_vehicle_class":null,"lpg_nozzle_types":null,"lpg_primary":null,"ng_fill_type_code":null,"ng_psi":null,"ng_vehicle_class":null,"rd_blended_with_biodiesel":null,"rd_blends":null,"rd_blends_fr":null,"rd_max_biodiesel_level":null,"nps_unit_name":null,"access_days_time_fr":null,"intersection_directions_fr":null,"bd_blends_fr":null,"groups_with_access_code_fr":"Privé - Réservé au gouvernement","ev_pricing_fr":null,"federal_agency":{"id":26,"code":"USMC","name":"United States Marine Corps"}}},{"type":"Feature","geometry":{"type":"Point","coordinates":[-77.024961,38.895562]},"properties":{"access_code":"private","access_days_time":null,"access_detail_code":"GOVERNMENT","cards_accepted":null,"date_last_confirmed":"2025-01-13","expected_date":null,"fuel_type_code":"ELEC","groups_with_access_code":"Private - Government only","id":184473,"maximum_vehicle_class":null,"open_date":"2021-01-15","owner_type_code":"FG","restricted_access":null,"status_code":"E","funding_sources":null,"facility_type":"FED_GOV","station_name":"FBI Headquarters Parking Garage Level 1B","station_phone":null,"updated_at":"2025-02-12T00:16:32Z","geocode_status":"GPS","city":"Washington","country":"US","intersection_directions":null,"plus4":null,"state":"DC","street_address":"935 Pennsylvania Ave NW","zip":"20535","bd_blends":null,"cng_dispenser_num":null,"cng_fill_type_code":null,"cng_has_rng":null,"cng_psi":null,"cng_renewable_source":null,"cng_total_compression":null,"cng_total_storage":null,"cng_vehicle_class":null,"e85_blender_pump":null,"e85_other_ethanol_blends":null,"ev_connector_types":["J1772"],"ev_dc_fast_num":null,"ev_level1_evse_num":null,"ev_level2_evse_num":3,"ev_network":"Non-Networked","ev_network_web":null,"ev_other_evse":null,"ev_pricing":null,"ev_renewable_source":null,"ev_workplace_charging":false,"hy_is_retail":null,"hy_pressures":null,"hy_standards":null,"hy_status_link":null,"lng_has_rng":null,"lng_renewable_source":null,"lng_vehicle_class":null,"lpg_nozzle_types":null,"lpg_primary":null,"ng_fill_type_code":null,"ng_psi":null,"ng_vehicle_class":null,"rd_blended_with_biodiesel":null,"rd_blends":null,"rd_blends_fr":null,"rd_max_biodiesel_level":null,"nps_unit_name":null,"access_days_time_fr":null,"intersection_directions_fr":null,"bd_blends_fr":null,"groups_with_access_code_fr":"Privé - Réservé au gouvernement","ev_pricing_fr":null,"federal_agency":{"id":12,"code":"DOJ","name":"Department of Justice"}}},{"type":"Feature","geometry":{"type":"Point","coordinates":[-77.04831,38.89414]},"properties":{"access_code":"private","access_days_time":null,"access_detail_code":"GOVERNMENT","cards_accepted":null,"date_last_confirmed":"2025-01-13","expected_date":null,"fuel_type_code":"ELEC","groups_with_access_code":"Private - Government only","id":184539,"maximum_vehicle_class":null,"open_date":"2021-01-15","owner_type_code":"FG","restricted_access":null,"status_code":"E","funding_sources":null,"facility_type":"FED_GOV","station_name":"HST","station_phone":null,"updated_at":"2025-02-12T00:16:32Z","geocode_status":"GPS","city":"Washington","country":"US","intersection_directions":null,"plus4":null,"state":"DC","street_address":"2201 C St NW","zip":"20037","bd_blends":null,"cng_dispenser_num":null,"cng_fill_type_code":null,"cng_has_rng":null,"cng_psi":null,"cng_renewable_source":null,"cng_total_compression":null,"cng_total_storage":null,"cng_vehicle_class":null,"e85_blender_pump":null,"e85_other_ethanol_blends":null,"ev_connector_types":["J1772"],"ev_dc_fast_num":null,"ev_level1_evse_num":null,"ev_level2_evse_num":8,"ev_network":"Non-Networked","ev_network_web":null,"ev_other_evse":null,"ev_pricing":null,"ev_renewable_source":null,"ev_workplace_charging":false,"hy_is_retail":null,"hy_pressures":null,"hy_standards":null,"hy_status_link":null,"lng_has_rng":null,"lng_renewable_source":null,"lng_vehicle_class":null,"lpg_nozzle_types":null,"lpg_primary":null,"ng_fill_type_code":null,"ng_psi":null,"ng_vehicle_class":null,"rd_blended_with_biodiesel":null,"rd_blends":null,"rd_blends_fr":null,"rd_max_biodiesel_level":null,"nps_unit_name":null,"access_days_time_fr":null,"intersection_directions_fr":null,"bd_blends_fr":null,"groups_with_access_code_fr":"Privé - Réservé au gouvernement","ev_pricing_fr":null,"federal_agency":{"id":15,"code":"DOS","name":"Department of State"}}},{"type":"Feature","geometry":{"type":"Point","coordinates":[-76.992371,38.8743]},"properties":{"access_code":"private","access_days_time":null,"access_detail_code":"GOVERNMENT","cards_accepted":null,"date_last_confirmed":"2025-01-13","expected_date":null,"fuel_type_code":"ELEC","groups_with_access_code":"Private - Government only","id":184540,"maximum_vehicle_class":null,"open_date":"2021-01-15","owner_type_code":"FG","restricted_access":null,"status_code":"E","funding_sources":null,"facility_type":"FED_GOV","station_name":"NSA Washington / N68469-B386","station_phone":null,"updated_at":"2025-02-12T00:16:32Z","geocode_status":"GPS","city":"Washington Navy Yard","country":"US","intersection_directions":null,"plus4":null,"state":"DC","street_address":"1007 N St SE","zip":"20374","bd_blends":null,"cng_dispenser_num":null,"cng_fill_type_code":null,"cng_has_rng":null,"cng_psi":null,"cng_renewable_source":null,"cng_total_compression":null,"cng_total_storage":null,"cng_vehicle_class":null,"e85_blender_pump":null,"e85_other_ethanol_blends":null,"ev_connector_types":["J1772"],"ev_dc_fast_num":null,"ev_level1_evse_num":null,"ev_level2_evse_num":8,"ev_network":"Non-Networked","ev_network_web":null,"ev_other_evse":null,"ev_pricing":null,"ev_renewable_source":null,"ev_workplace_charging":false,"hy_is_retail":null,"hy_pressures":null,"hy_standards":null,"hy_status_link":null,"lng_has_rng":null,"lng_renewable_source":null,"lng_vehicle_class":null,"lpg_nozzle_types":null,"lpg_primary":null,"ng_fill_type_code":null,"ng_psi":null,"ng_vehicle_class":null,"rd_blended_with_biodiesel":null,"rd_blends":null,"rd_blends_fr":null,"rd_max_biodiesel_level":null,"nps_unit_name":null,"access_days_time_fr":null,"intersection_directions_fr":null,"bd_blends_fr":null,"groups_with_access_code_fr":"Privé - Réservé au gouvernement","ev_pricing_fr":null,"federal_agency":{"id":14,"code":"DON","name":"Department of Navy"}}},{"type":"Feature","geometry":{"type":"Point","coordinates":[-77.032041,38.885703]},"properties":{"access_code":"private","access_days_time":"Drivers must bring their own J1772 cordset for Level 1 charging","access_detail_code":"GOVERNMENT","cards_accepted":null,"date_last_confirmed":"2025-01-13","expected_date":null,"fuel_type_code":"ELEC","groups_with_access_code":"Private - Government only","id":184659,"maximum_vehicle_class":null,"open_date":"2021-01-15","owner_type_code":"FG","restricted_access":null,"status_code":"E","funding_sources":null,"facility_type":"FED_GOV","station_name":"BEP","station_phone":null,"updated_at":"2025-02-12T00:16:32Z","geocode_status":"GPS","city":"Washington","country":"US","intersection_directions":null,"plus4":null,"state":"DC","street_address":"201-301 14th St SW","zip":"20228","bd_blends":null,"cng_dispenser_num":null,"cng_fill_type_code":null,"cng_has_rng":null,"cng_psi":null,"cng_renewable_source":null,"cng_total_compression":null,"cng_total_storage":null,"cng_vehicle_class":null,"e85_blender_pump":null,"e85_other_ethanol_blends":null,"ev_connector_types":["J1772","NEMA515"],"ev_dc_fast_num":null,"ev_level1_evse_num":1,"ev_level2_evse_num":1,"ev_network":"Non-Networked","ev_network_web":null,"ev_other_evse":null,"ev_pricing":null,"ev_renewable_source":null,"ev_workplace_charging":false,"hy_is_retail":null,"hy_pressures":null,"hy_standards":null,"hy_status_link":null,"lng_has_rng":null,"lng_renewable_source":null,"lng_vehicle_class":null,"lpg_nozzle_types":null,"lpg_primary":null,"ng_fill_type_code":null,"ng_psi":null,"ng_vehicle_class":null,"rd_blended_with_biodiesel":null,"rd_blends":null,"rd_blends_fr":null,"rd_max_biodiesel_level":null,"nps_unit_name":null,"access_days_time_fr":null,"intersection_directions_fr":null,"bd_blends_fr":null,"groups_with_access_code_fr":"Privé - Réservé au gouvernement","ev_pricing_fr":null,"federal_agency":{"id":16,"code":"DOI","name":"Department of the Interior"}}},{"type":"Feature","geometry":{"type":"Point","coordinates":[-77.01777731,38.8622591]},"properties":{"access_code":"public","access_days_time":"24 hours daily","access_detail_code":null,"cards_accepted":null,"date_last_confirmed":"2025-04-23","expected_date":"2024-07-02","fuel_type_code":"ELEC","groups_with_access_code":"TEMPORARILY UNAVAILABLE (Public)","id":185639,"maximum_vehicle_class":null,"open_date":"2021-01-22","owner_type_code":null,"restricted_access":null,"status_code":"T","funding_sources":null,"facility_type":null,"station_name":"395 - Patriots Plaza","station_phone":"888-998-2546","updated_at":"2025-04-23T00:02:35Z","geocode_status":"GPS","city":"Washington","country":"US","intersection_directions":null,"plus4":null,"state":"DC","street_address":"395 E Street Southwest","zip":"20024","bd_blends":null,"cng_dispenser_num":null,"cng_fill_type_code":null,"cng_has_rng":null,"cng_psi":null,"cng_renewable_source":null,"cng_total_compression":null,"cng_total_storage":null,"cng_vehicle_class":null,"e85_blender_pump":null,"e85_other_ethanol_blends":null,"ev_connector_types":["J1772"],"ev_dc_fast_num":null,"ev_level1_evse_num":null,"ev_level2_evse_num":1,"ev_network":"Blink Network","ev_network_web":"https://blinkcharging.com","ev_other_evse":null,"ev_pricing":"FREE","ev_renewable_source":null,"ev_workplace_charging":false,"hy_is_retail":null,"hy_pressures":null,"hy_standards":null,"hy_status_link":null,"lng_has_rng":null,"lng_renewable_source":null,"lng_vehicle_class":null,"lpg_nozzle_types":null,"lpg_primary":null,"ng_fill_type_code":null,"ng_psi":null,"ng_vehicle_class":null,"rd_blended_with_biodiesel":null,"rd_blends":null,"rd_blends_fr":null,"rd_max_biodiesel_level":null,"nps_unit_name":null,"access_days_time_fr":null,"intersection_directions_fr":null,"bd_blends_fr":null,"groups_with_access_code_fr":"TEMPORAIREMENT SUSPENDU (Public)","ev_pricing_fr":null,"ev_network_ids":{"station":["d0e864cf-fb2a-3dbf-1307-c00000002413"],"posts":["d9ac0aa1-4972-3e61-1307-300000127611"]}}},{"type":"Feature","geometry":{"type":"Point","coordinates":[-77.0577025,38.9342066]},"properties":{"access_code":"public","access_days_time":"24 hours daily","access_detail_code":null,"cards_accepted":null,"date_last_confirmed":"2025-04-23","expected_date":null,"fuel_type_code":"ELEC","groups_with_access_code":"Public","id":185667,"maximum_vehicle_class":null,"open_date":"2020-11-25","owner_type_code":null,"restricted_access":null,"status_code":"E","funding_sources":null,"facility_type":null,"station_name":"4801 Connecticut Apartments","station_phone":"888-998-2546","updated_at":"2025-04-23T00:33:49Z","geocode_status":"GPS","city":"Washington","country":"US","intersection_directions":null,"plus4":null,"state":"DC","street_address":"4801 Connecticut Avenue Northwest","zip":"20008","bd_blends":null,"cng_dispenser_num":null,"cng_fill_type_code":null,"cng_has_rng":null,"cng_psi":null,"cng_renewable_source":null,"cng_total_compression":null,"cng_total_storage":null,"cng_vehicle_class":null,"e85_blender_pump":null,"e85_other_ethanol_blends":null,"ev_connector_types":["J1772"],"ev_dc_fast_num":null,"ev_level1_evse_num":null,"ev_level2_evse_num":4,"ev_network":"Blink Network","ev_network_web":"https://blinkcharging.com","ev_other_evse":null,"ev_pricing":"$0.00-$4.00/Hr Variable Parking Fee, $0.25/kWh Energy Fee","ev_renewable_source":null,"ev_workplace_charging":false,"hy_is_retail":null,"hy_pressures":null,"hy_standards":null,"hy_status_link":null,"lng_has_rng":null,"lng_renewable_source":null,"lng_vehicle_class":null,"lpg_nozzle_types":null,"lpg_primary":null,"ng_fill_type_code":null,"ng_psi":null,"ng_vehicle_class":null,"rd_blended_with_biodiesel":null,"rd_blends":null,"rd_blends_fr":null,"rd_max_biodiesel_level":null,"nps_unit_name":null,"access_days_time_fr":null,"intersection_directions_fr":null,"bd_blends_fr":null,"groups_with_access_code_fr":"Public","ev_pricing_fr":null,"ev_network_ids":{"station":["d0e864cf-fb2a-3dbf-1307-c00000005160"],"posts":["d9ac0aa1-4972-3e61-1307-300000123511","d9ac0aa1-4972-3e61-1307-300000123521","d9ac0aa1-4972-3e61-1307-300000123531","d9ac0aa1-4972-3e61-1307-300000123541"]}}},{"type":"Feature","geometry":{"type":"Point","coordinates":[-77.024782,38.898695]},"properties":{"access_code":"public","access_days_time":"24 hours daily","access_detail_code":null,"cards_accepted":null,"date_last_confirmed":"2025-04-23","expected_date":null,"fuel_type_code":"ELEC","groups_with_access_code":"Public","id":186631,"maximum_vehicle_class":null,"open_date":"2021-03-27","owner_type_code":null,"restricted_access":null,"status_code":"E","funding_sources":null,"facility_type":null,"station_name":"MLK LIBRARY STATION1","station_phone":"888-758-4389","updated_at":"2025-04-23T01:27:56Z","geocode_status":"GPS","city":"Washington","country":"US","intersection_directions":null,"plus4":null,"state":"DC","street_address":"901 G St. NW","zip":"20001","bd_blends":null,"cng_dispenser_num":null,"cng_fill_type_code":null,"cng_has_rng":null,"cng_psi":null,"cng_renewable_source":null,"cng_total_compression":null,"cng_total_storage":null,"cng_vehicle_class":null,"e85_blender_pump":null,"e85_other_ethanol_blends":null,"ev_connector_types":["J1772"],"ev_dc_fast_num":null,"ev_level1_evse_num":null,"ev_level2_evse_num":2,"ev_network":"ChargePoint Network","ev_network_web":"https://www.chargepoint.com","ev_other_evse":null,"ev_pricing":null,"ev_renewable_source":null,"ev_workplace_charging":false,"hy_is_retail":null,"hy_pressures":null,"hy_standards":null,"hy_status_link":null,"lng_has_rng":null,"lng_renewable_source":null,"lng_vehicle_class":null,"lpg_nozzle_types":null,"lpg_primary":null,"ng_fill_type_code":null,"ng_psi":null,"ng_vehicle_class":null,"rd_blended_with_biodiesel":null,"rd_blends":null,"rd_blends_fr":null,"rd_max_biodiesel_level":null,"nps_unit_name":null,"access_days_time_fr":null,"intersection_directions_fr":null,"bd_blends_fr":null,"groups_with_access_code_fr":"Public","ev_pricing_fr":null,"ev_network_ids":{"station":["USCPIL5638531"],"posts":["9297071","9297081"]}}},{"type":"Feature","geometry":{"type":"Point","coordinates":[-77.065639,38.94693]},"properties":{"access_code":"public","access_days_time":"24 hours daily","access_detail_code":null,"cards_accepted":null,"date_last_confirmed":"2025-04-23","expected_date":"2023-09-11","fuel_type_code":"ELEC","groups_with_access_code":"TEMPORARILY UNAVAILABLE (Public)","id":187654,"maximum_vehicle_class":null,"open_date":"2011-12-12","owner_type_code":null,"restricted_access":null,"status_code":"T","funding_sources":null,"facility_type":null,"station_name":"Days Inn Connecticut Ave","station_phone":"888-998-2546","updated_at":"2025-04-23T00:10:38Z","geocode_status":"GPS","city":"Washington","country":"US","intersection_directions":null,"plus4":null,"state":"DC","street_address":"4400 Connecticut Ave NW","zip":"20008","bd_blends":null,"cng_dispenser_num":null,"cng_fill_type_code":null,"cng_has_rng":null,"cng_psi":null,"cng_renewable_source":null,"cng_total_compression":null,"cng_total_storage":null,"cng_vehicle_class":null,"e85_blender_pump":null,"e85_other_ethanol_blends":null,"ev_connector_types":["J1772"],"ev_dc_fast_num":null,"ev_level1_evse_num":null,"ev_level2_evse_num":2,"ev_network":"Blink Network","ev_network_web":"https://blinkcharging.com","ev_other_evse":null,"ev_pricing":"FREE","ev_renewable_source":null,"ev_workplace_charging":false,"hy_is_retail":null,"hy_pressures":null,"hy_standards":null,"hy_status_link":null,"lng_has_rng":null,"lng_renewable_source":null,"lng_vehicle_class":null,"lpg_nozzle_types":null,"lpg_primary":null,"ng_fill_type_code":null,"ng_psi":null,"ng_vehicle_class":null,"rd_blended_with_biodiesel":null,"rd_blends":null,"rd_blends_fr":null,"rd_max_biodiesel_level":null,"nps_unit_name":null,"access_days_time_fr":null,"intersection_directions_fr":null,"bd_blends_fr":null,"groups_with_access_code_fr":"TEMPORAIREMENT SUSPENDU (Public)","ev_pricing_fr":null,"ev_network_ids":{"station":["d0e864cf-fb2a-3dbf-1307-c00000000102"],"posts":["d9ac0aa1-4972-3e61-1307-300000004021","d9ac0aa1-4972-3e61-1307-300000004101"]}}},{"type":"Feature","geometry":{"type":"Point","coordinates":[-77.030465,38.884869]},"properties":{"access_code":"public","access_days_time":"24 hours daily","access_detail_code":null,"cards_accepted":null,"date_last_confirmed":"2025-04-23","expected_date":null,"fuel_type_code":"ELEC","groups_with_access_code":"Public","id":187896,"maximum_vehicle_class":null,"open_date":"2021-04-23","owner_type_code":null,"restricted_access":null,"status_code":"E","funding_sources":null,"facility_type":null,"station_name":"PORTALS III PORTALS3 EVCS2","station_phone":"888-758-4389","updated_at":"2025-04-23T01:29:17Z","geocode_status":"GPS","city":"Washington","country":"US","intersection_directions":"Garage, P1 Level Spaces 1016 & 1017","plus4":null,"state":"DC","street_address":"1318 D St SW","zip":"20024","bd_blends":null,"cng_dispenser_num":null,"cng_fill_type_code":null,"cng_has_rng":null,"cng_psi":null,"cng_renewable_source":null,"cng_total_compression":null,"cng_total_storage":null,"cng_vehicle_class":null,"e85_blender_pump":null,"e85_other_ethanol_blends":null,"ev_connector_types":["J1772"],"ev_dc_fast_num":null,"ev_level1_evse_num":null,"ev_level2_evse_num":2,"ev_network":"ChargePoint Network","ev_network_web":"https://www.chargepoint.com","ev_other_evse":null,"ev_pricing":null,"ev_renewable_source":null,"ev_workplace_charging":false,"hy_is_retail":null,"hy_pressures":null,"hy_standards":null,"hy_status_link":null,"lng_has_rng":null,"lng_renewable_source":null,"lng_vehicle_class":null,"lpg_nozzle_types":null,"lpg_primary":null,"ng_fill_type_code":null,"ng_psi":null,"ng_vehicle_class":null,"rd_blended_with_biodiesel":null,"rd_blends":null,"rd_blends_fr":null,"rd_max_biodiesel_level":null,"nps_unit_name":null,"access_days_time_fr":null,"intersection_directions_fr":null,"bd_blends_fr":null,"groups_with_access_code_fr":"Public","ev_pricing_fr":null,"ev_network_ids":{"station":["USCPIL7109281"],"posts":["23365241","23365251"]}}},{"type":"Feature","geometry":{"type":"Point","coordinates":[-77.030357,38.884844]},"properties":{"access_code":"public","access_days_time":"24 hours daily","access_detail_code":null,"cards_accepted":null,"date_last_confirmed":"2025-04-23","expected_date":null,"fuel_type_code":"ELEC","groups_with_access_code":"Public","id":187897,"maximum_vehicle_class":null,"open_date":"2021-04-23","owner_type_code":null,"restricted_access":null,"status_code":"E","funding_sources":null,"facility_type":null,"station_name":"PORTALS III PORTALS3 EVCS1","station_phone":"888-758-4389","updated_at":"2025-04-23T01:29:18Z","geocode_status":"GPS","city":"Washington","country":"US","intersection_directions":"Garage, P1 Level Spaces 1014 & 1015","plus4":null,"state":"DC","street_address":"1318 D St SW","zip":"20024","bd_blends":null,"cng_dispenser_num":null,"cng_fill_type_code":null,"cng_has_rng":null,"cng_psi":null,"cng_renewable_source":null,"cng_total_compression":null,"cng_total_storage":null,"cng_vehicle_class":null,"e85_blender_pump":null,"e85_other_ethanol_blends":null,"ev_connector_types":["J1772"],"ev_dc_fast_num":null,"ev_level1_evse_num":null,"ev_level2_evse_num":2,"ev_network":"ChargePoint Network","ev_network_web":"https://www.chargepoint.com","ev_other_evse":null,"ev_pricing":null,"ev_renewable_source":null,"ev_workplace_charging":false,"hy_is_retail":null,"hy_pressures":null,"hy_standards":null,"hy_status_link":null,"lng_has_rng":null,"lng_renewable_source":null,"lng_vehicle_class":null,"lpg_nozzle_types":null,"lpg_primary":null,"ng_fill_type_code":null,"ng_psi":null,"ng_vehicle_class":null,"rd_blended_with_biodiesel":null,"rd_blends":null,"rd_blends_fr":null,"rd_max_biodiesel_level":null,"nps_unit_name":null,"access_days_time_fr":null,"intersection_directions_fr":null,"bd_blends_fr":null,"groups_with_access_code_fr":"Public","ev_pricing_fr":null,"ev_network_ids":{"station":["USCPIL7109291"],"posts":["23365211","23365221"]}}},{"type":"Feature","geometry":{"type":"Point","coordinates":[-77.0255817,38.901306]},"properties":{"access_code":"public","access_days_time":"24 hours daily","access_detail_code":null,"cards_accepted":null,"date_last_confirmed":"2025-04-23","expected_date":null,"fuel_type_code":"ELEC","groups_with_access_code":"Public","id":188036,"maximum_vehicle_class":null,"open_date":"2021-01-21","owner_type_code":null,"restricted_access":null,"status_code":"E","funding_sources":null,"facility_type":null,"station_name":"Conrad Washington DC","station_phone":"888-998-2546","updated_at":"2025-04-23T00:34:46Z","geocode_status":"GPS","city":"Washington","country":"US","intersection_directions":null,"plus4":null,"state":"DC","street_address":"950 New York Avenue Northwest","zip":"20001","bd_blends":null,"cng_dispenser_num":null,"cng_fill_type_code":null,"cng_has_rng":null,"cng_psi":null,"cng_renewable_source":null,"cng_total_compression":null,"cng_total_storage":null,"cng_vehicle_class":null,"e85_blender_pump":null,"e85_other_ethanol_blends":null,"ev_connector_types":["J1772"],"ev_dc_fast_num":null,"ev_level1_evse_num":null,"ev_level2_evse_num":2,"ev_network":"Blink Network","ev_network_web":"https://blinkcharging.com","ev_other_evse":null,"ev_pricing":"$0.25/kWh Energy Fee","ev_renewable_source":null,"ev_workplace_charging":false,"hy_is_retail":null,"hy_pressures":null,"hy_standards":null,"hy_status_link":null,"lng_has_rng":null,"lng_renewable_source":null,"lng_vehicle_class":null,"lpg_nozzle_types":null,"lpg_primary":null,"ng_fill_type_code":null,"ng_psi":null,"ng_vehicle_class":null,"rd_blended_with_biodiesel":null,"rd_blends":null,"rd_blends_fr":null,"rd_max_biodiesel_level":null,"nps_unit_name":null,"access_days_time_fr":null,"intersection_directions_fr":null,"bd_blends_fr":null,"groups_with_access_code_fr":"Public","ev_pricing_fr":null,"ev_network_ids":{"station":["d0e864cf-fb2a-3dbf-1307-c00000005254"],"posts":["d9ac0aa1-4972-3e61-1307-300000127531","d9ac0aa1-4972-3e61-1307-300000194661"]}}},{"type":"Feature","geometry":{"type":"Point","coordinates":[-77.032354,38.903956]},"properties":{"access_code":"public","access_days_time":"24 hours daily","access_detail_code":null,"cards_accepted":null,"date_last_confirmed":"2025-04-23","expected_date":null,"fuel_type_code":"ELEC","groups_with_access_code":"Public","id":189093,"maximum_vehicle_class":null,"open_date":"2021-04-15","owner_type_code":null,"restricted_access":null,"status_code":"E","funding_sources":null,"facility_type":null,"station_name":"SP Plus - 1101 Vermont Ave","station_phone":"888-998-2546","updated_at":"2025-04-23T00:01:58Z","geocode_status":"GPS","city":"Washington","country":"US","intersection_directions":null,"plus4":null,"state":"DC","street_address":"1101 Vermont Ave NW","zip":"20005","bd_blends":null,"cng_dispenser_num":null,"cng_fill_type_code":null,"cng_has_rng":null,"cng_psi":null,"cng_renewable_source":null,"cng_total_compression":null,"cng_total_storage":null,"cng_vehicle_class":null,"e85_blender_pump":null,"e85_other_ethanol_blends":null,"ev_connector_types":["J1772"],"ev_dc_fast_num":null,"ev_level1_evse_num":null,"ev_level2_evse_num":1,"ev_network":"Blink Network","ev_network_web":"https://blinkcharging.com","ev_other_evse":null,"ev_pricing":"Free","ev_renewable_source":null,"ev_workplace_charging":false,"hy_is_retail":null,"hy_pressures":null,"hy_standards":null,"hy_status_link":null,"lng_has_rng":null,"lng_renewable_source":null,"lng_vehicle_class":null,"lpg_nozzle_types":null,"lpg_primary":null,"ng_fill_type_code":null,"ng_psi":null,"ng_vehicle_class":null,"rd_blended_with_biodiesel":null,"rd_blends":null,"rd_blends_fr":null,"rd_max_biodiesel_level":null,"nps_unit_name":null,"access_days_time_fr":null,"intersection_directions_fr":null,"bd_blends_fr":null,"groups_with_access_code_fr":"Public","ev_pricing_fr":null,"ev_network_ids":{"station":["465ba1dd-d734-8158-93cc-330000499413"],"posts":["9581ab3d-3859-89f8-ae4a-9b3e3512c34e"]}}},{"type":"Feature","geometry":{"type":"Point","coordinates":[-77.021058,38.903819]},"properties":{"access_code":"public","access_days_time":"24 hours daily","access_detail_code":null,"cards_accepted":null,"date_last_confirmed":"2025-04-23","expected_date":"2022-09-09","fuel_type_code":"ELEC","groups_with_access_code":"TEMPORARILY UNAVAILABLE (Public)","id":189718,"maximum_vehicle_class":null,"open_date":"2021-05-15","owner_type_code":null,"restricted_access":null,"status_code":"T","funding_sources":null,"facility_type":null,"station_name":"BROOKCHARGE LB1B31,33,35,37","station_phone":"888-758-4389","updated_at":"2025-04-23T01:00:49Z","geocode_status":"GPS","city":"Washington","country":"US","intersection_directions":"Near Bikes Room","plus4":null,"state":"DC","street_address":"655 New York Ave.","zip":"20001","bd_blends":null,"cng_dispenser_num":null,"cng_fill_type_code":null,"cng_has_rng":null,"cng_psi":null,"cng_renewable_source":null,"cng_total_compression":null,"cng_total_storage":null,"cng_vehicle_class":null,"e85_blender_pump":null,"e85_other_ethanol_blends":null,"ev_connector_types":["J1772"],"ev_dc_fast_num":null,"ev_level1_evse_num":null,"ev_level2_evse_num":2,"ev_network":"ChargePoint Network","ev_network_web":"https://www.chargepoint.com","ev_other_evse":null,"ev_pricing":null,"ev_renewable_source":null,"ev_workplace_charging":false,"hy_is_retail":null,"hy_pressures":null,"hy_standards":null,"hy_status_link":null,"lng_has_rng":null,"lng_renewable_source":null,"lng_vehicle_class":null,"lpg_nozzle_types":null,"lpg_primary":null,"ng_fill_type_code":null,"ng_psi":null,"ng_vehicle_class":null,"rd_blended_with_biodiesel":null,"rd_blends":null,"rd_blends_fr":null,"rd_max_biodiesel_level":null,"nps_unit_name":null,"access_days_time_fr":null,"intersection_directions_fr":null,"bd_blends_fr":null,"groups_with_access_code_fr":"TEMPORAIREMENT SUSPENDU (Public)","ev_pricing_fr":null,"ev_network_ids":{"station":["USCPIL478891"],"posts":["12544171","12544181"]}}},{"type":"Feature","geometry":{"type":"Point","coordinates":[-77.032968,38.902965]},"properties":{"access_code":"public","access_days_time":"24 hours daily","access_detail_code":null,"cards_accepted":null,"date_last_confirmed":"2025-04-23","expected_date":null,"fuel_type_code":"ELEC","groups_with_access_code":"Public","id":189944,"maximum_vehicle_class":null,"open_date":"2021-05-21","owner_type_code":null,"restricted_access":null,"status_code":"E","funding_sources":null,"facility_type":null,"station_name":"BRE STATION 2","station_phone":"888-758-4389","updated_at":"2025-04-23T01:29:54Z","geocode_status":"GPS","city":"Washington","country":"US","intersection_directions":"P1 Level Garage","plus4":null,"state":"DC","street_address":"1425 K St NW","zip":"20005","bd_blends":null,"cng_dispenser_num":null,"cng_fill_type_code":null,"cng_has_rng":null,"cng_psi":null,"cng_renewable_source":null,"cng_total_compression":null,"cng_total_storage":null,"cng_vehicle_class":null,"e85_blender_pump":null,"e85_other_ethanol_blends":null,"ev_connector_types":["J1772"],"ev_dc_fast_num":null,"ev_level1_evse_num":null,"ev_level2_evse_num":2,"ev_network":"ChargePoint Network","ev_network_web":"https://www.chargepoint.com","ev_other_evse":null,"ev_pricing":null,"ev_renewable_source":null,"ev_workplace_charging":false,"hy_is_retail":null,"hy_pressures":null,"hy_standards":null,"hy_status_link":null,"lng_has_rng":null,"lng_renewable_source":null,"lng_vehicle_class":null,"lpg_nozzle_types":null,"lpg_primary":null,"ng_fill_type_code":null,"ng_psi":null,"ng_vehicle_class":null,"rd_blended_with_biodiesel":null,"rd_blends":null,"rd_blends_fr":null,"rd_max_biodiesel_level":null,"nps_unit_name":null,"access_days_time_fr":null,"intersection_directions_fr":null,"bd_blends_fr":null,"groups_with_access_code_fr":"Public","ev_pricing_fr":null,"ev_network_ids":{"station":["USCPIL7436261"],"posts":["12819691","12819701"]}}},{"type":"Feature","geometry":{"type":"Point","coordinates":[-77.032882,38.902948]},"properties":{"access_code":"public","access_days_time":"24 hours daily","access_detail_code":null,"cards_accepted":null,"date_last_confirmed":"2025-04-23","expected_date":null,"fuel_type_code":"ELEC","groups_with_access_code":"Public","id":189945,"maximum_vehicle_class":null,"open_date":"2021-05-21","owner_type_code":null,"restricted_access":null,"status_code":"E","funding_sources":null,"facility_type":null,"station_name":"BRE STATION 1","station_phone":"888-758-4389","updated_at":"2025-04-23T01:29:54Z","geocode_status":"GPS","city":"Washington","country":"US","intersection_directions":"P1 Level Garage","plus4":null,"state":"DC","street_address":"1425 K St NW","zip":"20005","bd_blends":null,"cng_dispenser_num":null,"cng_fill_type_code":null,"cng_has_rng":null,"cng_psi":null,"cng_renewable_source":null,"cng_total_compression":null,"cng_total_storage":null,"cng_vehicle_class":null,"e85_blender_pump":null,"e85_other_ethanol_blends":null,"ev_connector_types":["J1772"],"ev_dc_fast_num":null,"ev_level1_evse_num":null,"ev_level2_evse_num":2,"ev_network":"ChargePoint Network","ev_network_web":"https://www.chargepoint.com","ev_other_evse":null,"ev_pricing":null,"ev_renewable_source":null,"ev_workplace_charging":false,"hy_is_retail":null,"hy_pressures":null,"hy_standards":null,"hy_status_link":null,"lng_has_rng":null,"lng_renewable_source":null,"lng_vehicle_class":null,"lpg_nozzle_types":null,"lpg_primary":null,"ng_fill_type_code":null,"ng_psi":null,"ng_vehicle_class":null,"rd_blended_with_biodiesel":null,"rd_blends":null,"rd_blends_fr":null,"rd_max_biodiesel_level":null,"nps_unit_name":null,"access_days_time_fr":null,"intersection_directions_fr":null,"bd_blends_fr":null,"groups_with_access_code_fr":"Public","ev_pricing_fr":null,"ev_network_ids":{"station":["USCPIL7436291"],"posts":["12819751","12819761"]}}},{"type":"Feature","geometry":{"type":"Point","coordinates":[-77.002888,38.874416]},"properties":{"access_code":"public","access_days_time":"24 hours daily","access_detail_code":null,"cards_accepted":null,"date_last_confirmed":"2025-04-23","expected_date":null,"fuel_type_code":"ELEC","groups_with_access_code":"Public","id":190285,"maximum_vehicle_class":null,"open_date":"2021-05-27","owner_type_code":null,"restricted_access":null,"status_code":"E","funding_sources":null,"facility_type":null,"station_name":"Estate The Yards","station_phone":"888-998-2546","updated_at":"2025-04-23T00:35:41Z","geocode_status":"GPS","city":"Washington","country":"US","intersection_directions":null,"plus4":null,"state":"DC","street_address":"3 Tingey Square SE","zip":"20003","bd_blends":null,"cng_dispenser_num":null,"cng_fill_type_code":null,"cng_has_rng":null,"cng_psi":null,"cng_renewable_source":null,"cng_total_compression":null,"cng_total_storage":null,"cng_vehicle_class":null,"e85_blender_pump":null,"e85_other_ethanol_blends":null,"ev_connector_types":["J1772"],"ev_dc_fast_num":null,"ev_level1_evse_num":null,"ev_level2_evse_num":1,"ev_network":"Blink Network","ev_network_web":"https://blinkcharging.com","ev_other_evse":null,"ev_pricing":"Free","ev_renewable_source":null,"ev_workplace_charging":false,"hy_is_retail":null,"hy_pressures":null,"hy_standards":null,"hy_status_link":null,"lng_has_rng":null,"lng_renewable_source":null,"lng_vehicle_class":null,"lpg_nozzle_types":null,"lpg_primary":null,"ng_fill_type_code":null,"ng_psi":null,"ng_vehicle_class":null,"rd_blended_with_biodiesel":null,"rd_blends":null,"rd_blends_fr":null,"rd_max_biodiesel_level":null,"nps_unit_name":null,"access_days_time_fr":null,"intersection_directions_fr":null,"bd_blends_fr":null,"groups_with_access_code_fr":"Public","ev_pricing_fr":null,"ev_network_ids":{"station":["465ba1dd-d734-8158-93cc-330000576729"],"posts":["43f69fb5-bdb6-7eaf-36c9-ff1e23fff2e8"]}}},{"type":"Feature","geometry":{"type":"Point","coordinates":[-77.04772,38.90394]},"properties":{"access_code":"public","access_days_time":"24 hours daily","access_detail_code":null,"cards_accepted":null,"date_last_confirmed":"2025-04-23","expected_date":"2025-04-19","fuel_type_code":"ELEC","groups_with_access_code":"TEMPORARILY UNAVAILABLE (Public)","id":190858,"maximum_vehicle_class":null,"open_date":"2021-06-09","owner_type_code":null,"restricted_access":null,"status_code":"T","funding_sources":null,"facility_type":null,"station_name":"2101 L Street NW","station_phone":"888-998-2546","updated_at":"2025-04-23T00:07:25Z","geocode_status":"GPS","city":"Washington","country":"US","intersection_directions":null,"plus4":null,"state":"DC","street_address":"2101 L Street","zip":"20037","bd_blends":null,"cng_dispenser_num":null,"cng_fill_type_code":null,"cng_has_rng":null,"cng_psi":null,"cng_renewable_source":null,"cng_total_compression":null,"cng_total_storage":null,"cng_vehicle_class":null,"e85_blender_pump":null,"e85_other_ethanol_blends":null,"ev_connector_types":["J1772"],"ev_dc_fast_num":null,"ev_level1_evse_num":null,"ev_level2_evse_num":1,"ev_network":"Blink Network","ev_network_web":"https://blinkcharging.com","ev_other_evse":null,"ev_pricing":"Free","ev_renewable_source":null,"ev_workplace_charging":false,"hy_is_retail":null,"hy_pressures":null,"hy_standards":null,"hy_status_link":null,"lng_has_rng":null,"lng_renewable_source":null,"lng_vehicle_class":null,"lpg_nozzle_types":null,"lpg_primary":null,"ng_fill_type_code":null,"ng_psi":null,"ng_vehicle_class":null,"rd_blended_with_biodiesel":null,"rd_blends":null,"rd_blends_fr":null,"rd_max_biodiesel_level":null,"nps_unit_name":null,"access_days_time_fr":null,"intersection_directions_fr":null,"bd_blends_fr":null,"groups_with_access_code_fr":"TEMPORAIREMENT SUSPENDU (Public)","ev_pricing_fr":null,"ev_network_ids":{"station":["465ba1dd-d734-8158-93cc-330000580594"],"posts":["193c1346-46cd-43b3-bf78-6dae2e2b9e73"]}}},{"type":"Feature","geometry":{"type":"Point","coordinates":[-77.0190848,38.8829566]},"properties":{"access_code":"public","access_days_time":"24 hours daily","access_detail_code":null,"cards_accepted":null,"date_last_confirmed":"2025-04-23","expected_date":null,"fuel_type_code":"ELEC","groups_with_access_code":"Public","id":190949,"maximum_vehicle_class":null,"open_date":"2017-08-14","owner_type_code":null,"restricted_access":null,"status_code":"E","funding_sources":null,"facility_type":null,"station_name":"500 E Street SW","station_phone":"888-998-2546","updated_at":"2025-04-23T00:09:17Z","geocode_status":"GPS","city":"Washington","country":"US","intersection_directions":null,"plus4":null,"state":"DC","street_address":"500 E Street Southwest","zip":"20024","bd_blends":null,"cng_dispenser_num":null,"cng_fill_type_code":null,"cng_has_rng":null,"cng_psi":null,"cng_renewable_source":null,"cng_total_compression":null,"cng_total_storage":null,"cng_vehicle_class":null,"e85_blender_pump":null,"e85_other_ethanol_blends":null,"ev_connector_types":["J1772"],"ev_dc_fast_num":null,"ev_level1_evse_num":null,"ev_level2_evse_num":2,"ev_network":"Blink Network","ev_network_web":"https://blinkcharging.com","ev_other_evse":null,"ev_pricing":"$1.50/Hr Parking Fee , $0.25/kWh Energy Fee","ev_renewable_source":null,"ev_workplace_charging":false,"hy_is_retail":null,"hy_pressures":null,"hy_standards":null,"hy_status_link":null,"lng_has_rng":null,"lng_renewable_source":null,"lng_vehicle_class":null,"lpg_nozzle_types":null,"lpg_primary":null,"ng_fill_type_code":null,"ng_psi":null,"ng_vehicle_class":null,"rd_blended_with_biodiesel":null,"rd_blends":null,"rd_blends_fr":null,"rd_max_biodiesel_level":null,"nps_unit_name":null,"access_days_time_fr":null,"intersection_directions_fr":null,"bd_blends_fr":null,"groups_with_access_code_fr":"Public","ev_pricing_fr":null,"ev_network_ids":{"station":["d0e864cf-fb2a-3dbf-1307-c00000003815"],"posts":["d9ac0aa1-4972-3e61-1307-300000053541","d9ac0aa1-4972-3e61-1307-300000053551"]}}},{"type":"Feature","geometry":{"type":"Point","coordinates":[-77.04045,38.903332]},"properties":{"access_code":"public","access_days_time":"24 hours daily","access_detail_code":null,"cards_accepted":null,"date_last_confirmed":"2025-04-23","expected_date":null,"fuel_type_code":"ELEC","groups_with_access_code":"Public","id":193096,"maximum_vehicle_class":null,"open_date":"2021-07-22","owner_type_code":null,"restricted_access":null,"status_code":"E","funding_sources":null,"facility_type":null,"station_name":"Washington Square - Central Parking","station_phone":"888-998-2546","updated_at":"2025-04-23T00:31:51Z","geocode_status":"GPS","city":"Washington","country":"US","intersection_directions":null,"plus4":null,"state":"DC","street_address":"1050 Connecticut Ave NW","zip":"20036","bd_blends":null,"cng_dispenser_num":null,"cng_fill_type_code":null,"cng_has_rng":null,"cng_psi":null,"cng_renewable_source":null,"cng_total_compression":null,"cng_total_storage":null,"cng_vehicle_class":null,"e85_blender_pump":null,"e85_other_ethanol_blends":null,"ev_connector_types":["J1772"],"ev_dc_fast_num":null,"ev_level1_evse_num":null,"ev_level2_evse_num":1,"ev_network":"Blink Network","ev_network_web":"https://blinkcharging.com","ev_other_evse":null,"ev_pricing":"Free","ev_renewable_source":null,"ev_workplace_charging":false,"hy_is_retail":null,"hy_pressures":null,"hy_standards":null,"hy_status_link":null,"lng_has_rng":null,"lng_renewable_source":null,"lng_vehicle_class":null,"lpg_nozzle_types":null,"lpg_primary":null,"ng_fill_type_code":null,"ng_psi":null,"ng_vehicle_class":null,"rd_blended_with_biodiesel":null,"rd_blends":null,"rd_blends_fr":null,"rd_max_biodiesel_level":null,"nps_unit_name":null,"access_days_time_fr":null,"intersection_directions_fr":null,"bd_blends_fr":null,"groups_with_access_code_fr":"Public","ev_pricing_fr":null,"ev_network_ids":{"station":["465ba1dd-d734-8158-93cc-330000597992"],"posts":["c850c8a3-9f68-b09d-0547-bf04c5ba9e26"]}}},{"type":"Feature","geometry":{"type":"Point","coordinates":[-77.0310022,38.8840965]},"properties":{"access_code":"public","access_days_time":"24 hours daily","access_detail_code":null,"cards_accepted":null,"date_last_confirmed":"2025-04-23","expected_date":null,"fuel_type_code":"ELEC","groups_with_access_code":"Public","id":194612,"maximum_vehicle_class":null,"open_date":"2019-06-19","owner_type_code":null,"restricted_access":null,"status_code":"E","funding_sources":null,"facility_type":null,"station_name":"1331","station_phone":"888-998-2546","updated_at":"2025-04-23T00:30:56Z","geocode_status":"GPS","city":"Washington","country":"US","intersection_directions":null,"plus4":null,"state":"DC","street_address":"1331 Maryland Avenue Southwest","zip":"20024","bd_blends":null,"cng_dispenser_num":null,"cng_fill_type_code":null,"cng_has_rng":null,"cng_psi":null,"cng_renewable_source":null,"cng_total_compression":null,"cng_total_storage":null,"cng_vehicle_class":null,"e85_blender_pump":null,"e85_other_ethanol_blends":null,"ev_connector_types":["J1772"],"ev_dc_fast_num":null,"ev_level1_evse_num":null,"ev_level2_evse_num":12,"ev_network":"Blink Network","ev_network_web":"https://blinkcharging.com","ev_other_evse":null,"ev_pricing":"FREE","ev_renewable_source":null,"ev_workplace_charging":false,"hy_is_retail":null,"hy_pressures":null,"hy_standards":null,"hy_status_link":null,"lng_has_rng":null,"lng_renewable_source":null,"lng_vehicle_class":null,"lpg_nozzle_types":null,"lpg_primary":null,"ng_fill_type_code":null,"ng_psi":null,"ng_vehicle_class":null,"rd_blended_with_biodiesel":null,"rd_blends":null,"rd_blends_fr":null,"rd_max_biodiesel_level":null,"nps_unit_name":null,"access_days_time_fr":null,"intersection_directions_fr":null,"bd_blends_fr":null,"groups_with_access_code_fr":"Public","ev_pricing_fr":null,"ev_network_ids":{"station":["d0e864cf-fb2a-3dbf-1307-c00000004446"],"posts":["d9ac0aa1-4972-3e61-1307-300000094451","d9ac0aa1-4972-3e61-1307-300000094461","d9ac0aa1-4972-3e61-1307-300000094471","d9ac0aa1-4972-3e61-1307-300000094481","d9ac0aa1-4972-3e61-1307-300000094491","d9ac0aa1-4972-3e61-1307-300000094501","d9ac0aa1-4972-3e61-1307-300000094511","d9ac0aa1-4972-3e61-1307-300000094521","d9ac0aa1-4972-3e61-1307-300000094531","d9ac0aa1-4972-3e61-1307-300000094541","d9ac0aa1-4972-3e61-1307-300000094551","d9ac0aa1-4972-3e61-1307-300000094561"]}}},{"type":"Feature","geometry":{"type":"Point","coordinates":[-77.0266704,38.8807429]},"properties":{"access_code":"public","access_days_time":"24 hours daily","access_detail_code":null,"cards_accepted":null,"date_last_confirmed":"2025-04-23","expected_date":null,"fuel_type_code":"ELEC","groups_with_access_code":"Public","id":194723,"maximum_vehicle_class":null,"open_date":"2017-08-24","owner_type_code":null,"restricted_access":null,"status_code":"E","funding_sources":null,"facility_type":null,"station_name":"District Wharf Parking Garage - Public Access on P1","station_phone":"888-998-2546","updated_at":"2025-04-23T00:29:45Z","geocode_status":"GPS","city":"Washington","country":"US","intersection_directions":null,"plus4":null,"state":"DC","street_address":"1000 Maine","zip":"20024","bd_blends":null,"cng_dispenser_num":null,"cng_fill_type_code":null,"cng_has_rng":null,"cng_psi":null,"cng_renewable_source":null,"cng_total_compression":null,"cng_total_storage":null,"cng_vehicle_class":null,"e85_blender_pump":null,"e85_other_ethanol_blends":null,"ev_connector_types":["J1772"],"ev_dc_fast_num":null,"ev_level1_evse_num":null,"ev_level2_evse_num":11,"ev_network":"Blink Network","ev_network_web":"https://blinkcharging.com","ev_other_evse":null,"ev_pricing":"FREE","ev_renewable_source":null,"ev_workplace_charging":false,"hy_is_retail":null,"hy_pressures":null,"hy_standards":null,"hy_status_link":null,"lng_has_rng":null,"lng_renewable_source":null,"lng_vehicle_class":null,"lpg_nozzle_types":null,"lpg_primary":null,"ng_fill_type_code":null,"ng_psi":null,"ng_vehicle_class":null,"rd_blended_with_biodiesel":null,"rd_blends":null,"rd_blends_fr":null,"rd_max_biodiesel_level":null,"nps_unit_name":null,"access_days_time_fr":null,"intersection_directions_fr":null,"bd_blends_fr":null,"groups_with_access_code_fr":"Public","ev_pricing_fr":null,"ev_network_ids":{"station":["d0e864cf-fb2a-3dbf-1307-c00000004235"],"posts":["d9ac0aa1-4972-3e61-1307-300000227701","d9ac0aa1-4972-3e61-1307-300000227751","d9ac0aa1-4972-3e61-1307-300000227791","d9ac0aa1-4972-3e61-1307-300000227821","d9ac0aa1-4972-3e61-1307-300000227841","d9ac0aa1-4972-3e61-1307-300000227881","d9ac0aa1-4972-3e61-1307-300000227891","d9ac0aa1-4972-3e61-1307-300000227921","d9ac0aa1-4972-3e61-1307-300000227931","d9ac0aa1-4972-3e61-1307-300000227941","d9ac0aa1-4972-3e61-1307-300000228041"]}}},{"type":"Feature","geometry":{"type":"Point","coordinates":[-76.98222839,38.87706674]},"properties":{"access_code":"public","access_days_time":"24 hours daily","access_detail_code":null,"cards_accepted":null,"date_last_confirmed":"2025-04-23","expected_date":null,"fuel_type_code":"ELEC","groups_with_access_code":"Public","id":194873,"maximum_vehicle_class":null,"open_date":"2011-12-01","owner_type_code":null,"restricted_access":null,"status_code":"E","funding_sources":null,"facility_type":null,"station_name":"2000 M St","station_phone":"888-998-2546","updated_at":"2025-04-23T00:10:38Z","geocode_status":"GPS","city":"Washington","country":"US","intersection_directions":null,"plus4":null,"state":"DC","street_address":"2000 M Street","zip":"20036","bd_blends":null,"cng_dispenser_num":null,"cng_fill_type_code":null,"cng_has_rng":null,"cng_psi":null,"cng_renewable_source":null,"cng_total_compression":null,"cng_total_storage":null,"cng_vehicle_class":null,"e85_blender_pump":null,"e85_other_ethanol_blends":null,"ev_connector_types":["J1772"],"ev_dc_fast_num":null,"ev_level1_evse_num":null,"ev_level2_evse_num":2,"ev_network":"Blink Network","ev_network_web":"https://blinkcharging.com","ev_other_evse":null,"ev_pricing":"$1.50/Hr Parking Fee","ev_renewable_source":null,"ev_workplace_charging":false,"hy_is_retail":null,"hy_pressures":null,"hy_standards":null,"hy_status_link":null,"lng_has_rng":null,"lng_renewable_source":null,"lng_vehicle_class":null,"lpg_nozzle_types":null,"lpg_primary":null,"ng_fill_type_code":null,"ng_psi":null,"ng_vehicle_class":null,"rd_blended_with_biodiesel":null,"rd_blends":null,"rd_blends_fr":null,"rd_max_biodiesel_level":null,"nps_unit_name":null,"access_days_time_fr":null,"intersection_directions_fr":null,"bd_blends_fr":null,"groups_with_access_code_fr":"Public","ev_pricing_fr":null,"ev_network_ids":{"station":["d0e864cf-fb2a-3dbf-1307-c00000000098"],"posts":["5e10096b-4338-4248-87e8-771f39be00d5","d9ac0aa1-4972-3e61-1307-300000003271"]}}},{"type":"Feature","geometry":{"type":"Point","coordinates":[-77.0155718,38.884762]},"properties":{"access_code":"public","access_days_time":"24 hours daily","access_detail_code":null,"cards_accepted":null,"date_last_confirmed":"2025-04-23","expected_date":null,"fuel_type_code":"ELEC","groups_with_access_code":"Public","id":194878,"maximum_vehicle_class":null,"open_date":"2021-01-22","owner_type_code":null,"restricted_access":null,"status_code":"E","funding_sources":null,"facility_type":null,"station_name":"Washington Office Center","station_phone":"888-998-2546","updated_at":"2025-04-23T00:34:42Z","geocode_status":"GPS","city":"Washington","country":"US","intersection_directions":null,"plus4":null,"state":"DC","street_address":"409 3rd Street Southwest","zip":"20024","bd_blends":null,"cng_dispenser_num":null,"cng_fill_type_code":null,"cng_has_rng":null,"cng_psi":null,"cng_renewable_source":null,"cng_total_compression":null,"cng_total_storage":null,"cng_vehicle_class":null,"e85_blender_pump":null,"e85_other_ethanol_blends":null,"ev_connector_types":["J1772"],"ev_dc_fast_num":null,"ev_level1_evse_num":null,"ev_level2_evse_num":2,"ev_network":"Blink Network","ev_network_web":"https://blinkcharging.com","ev_other_evse":null,"ev_pricing":"$1.00/Hr Parking Fee","ev_renewable_source":null,"ev_workplace_charging":false,"hy_is_retail":null,"hy_pressures":null,"hy_standards":null,"hy_status_link":null,"lng_has_rng":null,"lng_renewable_source":null,"lng_vehicle_class":null,"lpg_nozzle_types":null,"lpg_primary":null,"ng_fill_type_code":null,"ng_psi":null,"ng_vehicle_class":null,"rd_blended_with_biodiesel":null,"rd_blends":null,"rd_blends_fr":null,"rd_max_biodiesel_level":null,"nps_unit_name":null,"access_days_time_fr":null,"intersection_directions_fr":null,"bd_blends_fr":null,"groups_with_access_code_fr":"Public","ev_pricing_fr":null,"ev_network_ids":{"station":["d0e864cf-fb2a-3dbf-1307-c00000005204"],"posts":["d9ac0aa1-4972-3e61-1307-300000127671","d9ac0aa1-4972-3e61-1307-300000128341"]}}},{"type":"Feature","geometry":{"type":"Point","coordinates":[-77.0339576,38.9033169]},"properties":{"access_code":"public","access_days_time":"24 hours daily","access_detail_code":null,"cards_accepted":null,"date_last_confirmed":"2025-04-23","expected_date":"2024-07-02","fuel_type_code":"ELEC","groups_with_access_code":"TEMPORARILY UNAVAILABLE (Public)","id":195022,"maximum_vehicle_class":null,"open_date":"2015-11-11","owner_type_code":null,"restricted_access":null,"status_code":"T","funding_sources":null,"facility_type":null,"station_name":"1015 15th Street, Inc.","station_phone":"888-998-2546","updated_at":"2025-04-23T00:07:58Z","geocode_status":"GPS","city":"Washington","country":"US","intersection_directions":null,"plus4":null,"state":"DC","street_address":"1015 15th Street NW","zip":"20005","bd_blends":null,"cng_dispenser_num":null,"cng_fill_type_code":null,"cng_has_rng":null,"cng_psi":null,"cng_renewable_source":null,"cng_total_compression":null,"cng_total_storage":null,"cng_vehicle_class":null,"e85_blender_pump":null,"e85_other_ethanol_blends":null,"ev_connector_types":["J1772"],"ev_dc_fast_num":null,"ev_level1_evse_num":null,"ev_level2_evse_num":2,"ev_network":"Blink Network","ev_network_web":"https://blinkcharging.com","ev_other_evse":null,"ev_pricing":"FREE","ev_renewable_source":null,"ev_workplace_charging":false,"hy_is_retail":null,"hy_pressures":null,"hy_standards":null,"hy_status_link":null,"lng_has_rng":null,"lng_renewable_source":null,"lng_vehicle_class":null,"lpg_nozzle_types":null,"lpg_primary":null,"ng_fill_type_code":null,"ng_psi":null,"ng_vehicle_class":null,"rd_blended_with_biodiesel":null,"rd_blends":null,"rd_blends_fr":null,"rd_max_biodiesel_level":null,"nps_unit_name":null,"access_days_time_fr":null,"intersection_directions_fr":null,"bd_blends_fr":null,"groups_with_access_code_fr":"TEMPORAIREMENT SUSPENDU (Public)","ev_pricing_fr":null,"ev_network_ids":{"station":["d0e864cf-fb2a-3dbf-1307-c00000003486"],"posts":["d9ac0aa1-4972-3e61-1307-300000030301","d9ac0aa1-4972-3e61-1307-300000032731"]}}},{"type":"Feature","geometry":{"type":"Point","coordinates":[-77.0322943,38.9021614]},"properties":{"access_code":"public","access_days_time":"24 hours daily","access_detail_code":null,"cards_accepted":null,"date_last_confirmed":"2025-04-23","expected_date":null,"fuel_type_code":"ELEC","groups_with_access_code":"Public","id":195024,"maximum_vehicle_class":null,"open_date":"2014-09-17","owner_type_code":null,"restricted_access":null,"status_code":"E","funding_sources":null,"facility_type":null,"station_name":"1400 K St NW","station_phone":"888-998-2546","updated_at":"2025-04-23T00:08:04Z","geocode_status":"GPS","city":"Washington","country":"US","intersection_directions":null,"plus4":null,"state":"DC","street_address":"1400 K Street Northwest","zip":"20005","bd_blends":null,"cng_dispenser_num":null,"cng_fill_type_code":null,"cng_has_rng":null,"cng_psi":null,"cng_renewable_source":null,"cng_total_compression":null,"cng_total_storage":null,"cng_vehicle_class":null,"e85_blender_pump":null,"e85_other_ethanol_blends":null,"ev_connector_types":["J1772"],"ev_dc_fast_num":null,"ev_level1_evse_num":null,"ev_level2_evse_num":4,"ev_network":"Blink Network","ev_network_web":"https://blinkcharging.com","ev_other_evse":null,"ev_pricing":"$0.00-$10.00/Hr Variable Parking Fee","ev_renewable_source":null,"ev_workplace_charging":false,"hy_is_retail":null,"hy_pressures":null,"hy_standards":null,"hy_status_link":null,"lng_has_rng":null,"lng_renewable_source":null,"lng_vehicle_class":null,"lpg_nozzle_types":null,"lpg_primary":null,"ng_fill_type_code":null,"ng_psi":null,"ng_vehicle_class":null,"rd_blended_with_biodiesel":null,"rd_blends":null,"rd_blends_fr":null,"rd_max_biodiesel_level":null,"nps_unit_name":null,"access_days_time_fr":null,"intersection_directions_fr":null,"bd_blends_fr":null,"groups_with_access_code_fr":"Public","ev_pricing_fr":null,"ev_network_ids":{"station":["d0e864cf-fb2a-3dbf-1307-c00000003566"],"posts":["d9ac0aa1-4972-3e61-1307-300000019371","d9ac0aa1-4972-3e61-1307-300000152941","d9ac0aa1-4972-3e61-1307-300000152951","d9ac0aa1-4972-3e61-1307-300000152961"]}}},{"type":"Feature","geometry":{"type":"Point","coordinates":[-77.032358,38.901006]},"properties":{"access_code":"public","access_days_time":"24 hours daily","access_detail_code":null,"cards_accepted":null,"date_last_confirmed":"2025-04-23","expected_date":null,"fuel_type_code":"ELEC","groups_with_access_code":"Public","id":195026,"maximum_vehicle_class":null,"open_date":"2012-01-02","owner_type_code":null,"restricted_access":null,"status_code":"E","funding_sources":null,"facility_type":null,"station_name":"1400 Eye Street","station_phone":"888-998-2546","updated_at":"2025-04-23T00:11:47Z","geocode_status":"GPS","city":"Washington","country":"US","intersection_directions":null,"plus4":null,"state":"DC","street_address":"1400 I Street NW","zip":"20005","bd_blends":null,"cng_dispenser_num":null,"cng_fill_type_code":null,"cng_has_rng":null,"cng_psi":null,"cng_renewable_source":null,"cng_total_compression":null,"cng_total_storage":null,"cng_vehicle_class":null,"e85_blender_pump":null,"e85_other_ethanol_blends":null,"ev_connector_types":["J1772"],"ev_dc_fast_num":null,"ev_level1_evse_num":null,"ev_level2_evse_num":1,"ev_network":"Blink Network","ev_network_web":"https://blinkcharging.com","ev_other_evse":null,"ev_pricing":"$1.50/Hr Parking Fee","ev_renewable_source":null,"ev_workplace_charging":false,"hy_is_retail":null,"hy_pressures":null,"hy_standards":null,"hy_status_link":null,"lng_has_rng":null,"lng_renewable_source":null,"lng_vehicle_class":null,"lpg_nozzle_types":null,"lpg_primary":null,"ng_fill_type_code":null,"ng_psi":null,"ng_vehicle_class":null,"rd_blended_with_biodiesel":null,"rd_blends":null,"rd_blends_fr":null,"rd_max_biodiesel_level":null,"nps_unit_name":null,"access_days_time_fr":null,"intersection_directions_fr":null,"bd_blends_fr":null,"groups_with_access_code_fr":"Public","ev_pricing_fr":null,"ev_network_ids":{"station":["d0e864cf-fb2a-3dbf-1307-c00000000361"],"posts":["31d43df0-2abf-4c92-9c26-4c143b9c0029"]}}},{"type":"Feature","geometry":{"type":"Point","coordinates":[-77.0074877,38.9036883]},"properties":{"access_code":"public","access_days_time":"24 hours daily","access_detail_code":null,"cards_accepted":null,"date_last_confirmed":"2025-04-23","expected_date":null,"fuel_type_code":"ELEC","groups_with_access_code":"Public","id":195028,"maximum_vehicle_class":null,"open_date":"2020-06-22","owner_type_code":null,"restricted_access":null,"status_code":"E","funding_sources":null,"facility_type":null,"station_name":"Sentinel Square III","station_phone":"888-998-2546","updated_at":"2025-04-23T00:33:49Z","geocode_status":"GPS","city":"Washington","country":"US","intersection_directions":null,"plus4":null,"state":"DC","street_address":"45 L Street Northeast","zip":"20002","bd_blends":null,"cng_dispenser_num":null,"cng_fill_type_code":null,"cng_has_rng":null,"cng_psi":null,"cng_renewable_source":null,"cng_total_compression":null,"cng_total_storage":null,"cng_vehicle_class":null,"e85_blender_pump":null,"e85_other_ethanol_blends":null,"ev_connector_types":["J1772"],"ev_dc_fast_num":null,"ev_level1_evse_num":null,"ev_level2_evse_num":2,"ev_network":"Blink Network","ev_network_web":"https://blinkcharging.com","ev_other_evse":null,"ev_pricing":"FREE","ev_renewable_source":null,"ev_workplace_charging":false,"hy_is_retail":null,"hy_pressures":null,"hy_standards":null,"hy_status_link":null,"lng_has_rng":null,"lng_renewable_source":null,"lng_vehicle_class":null,"lpg_nozzle_types":null,"lpg_primary":null,"ng_fill_type_code":null,"ng_psi":null,"ng_vehicle_class":null,"rd_blended_with_biodiesel":null,"rd_blends":null,"rd_blends_fr":null,"rd_max_biodiesel_level":null,"nps_unit_name":null,"access_days_time_fr":null,"intersection_directions_fr":null,"bd_blends_fr":null,"groups_with_access_code_fr":"Public","ev_pricing_fr":null,"ev_network_ids":{"station":["d0e864cf-fb2a-3dbf-1307-c00000005158"],"posts":["60b57685-9dfd-4cba-a2dc-a7110b501e3e","d9ac0aa1-4972-3e61-1307-300000115851"]}}},{"type":"Feature","geometry":{"type":"Point","coordinates":[-77.023752,38.895425]},"properties":{"access_code":"public","access_days_time":"24 hours daily","access_detail_code":null,"cards_accepted":null,"date_last_confirmed":"2025-04-23","expected_date":null,"fuel_type_code":"ELEC","groups_with_access_code":"Public","id":195029,"maximum_vehicle_class":null,"open_date":"2018-09-10","owner_type_code":null,"restricted_access":null,"status_code":"E","funding_sources":null,"facility_type":null,"station_name":"531708  Lexington/Market Sq Parking Garage","station_phone":"888-998-2546","updated_at":"2025-04-23T00:04:03Z","geocode_status":"GPS","city":"Washington","country":"US","intersection_directions":null,"plus4":null,"state":"DC","street_address":"401 9th St NW & 875 D St NW","zip":"20004","bd_blends":null,"cng_dispenser_num":null,"cng_fill_type_code":null,"cng_has_rng":null,"cng_psi":null,"cng_renewable_source":null,"cng_total_compression":null,"cng_total_storage":null,"cng_vehicle_class":null,"e85_blender_pump":null,"e85_other_ethanol_blends":null,"ev_connector_types":["J1772"],"ev_dc_fast_num":null,"ev_level1_evse_num":null,"ev_level2_evse_num":6,"ev_network":"Blink Network","ev_network_web":"https://blinkcharging.com","ev_other_evse":null,"ev_pricing":"$1.00-$5.00/Hr Variable Parking Fee","ev_renewable_source":null,"ev_workplace_charging":false,"hy_is_retail":null,"hy_pressures":null,"hy_standards":null,"hy_status_link":null,"lng_has_rng":null,"lng_renewable_source":null,"lng_vehicle_class":null,"lpg_nozzle_types":null,"lpg_primary":null,"ng_fill_type_code":null,"ng_psi":null,"ng_vehicle_class":null,"rd_blended_with_biodiesel":null,"rd_blends":null,"rd_blends_fr":null,"rd_max_biodiesel_level":null,"nps_unit_name":null,"access_days_time_fr":null,"intersection_directions_fr":null,"bd_blends_fr":null,"groups_with_access_code_fr":"Public","ev_pricing_fr":null,"ev_network_ids":{"station":["d0e864cf-fb2a-3dbf-1307-c00000002859"],"posts":["d9ac0aa1-4972-3e61-1307-300000072361","d9ac0aa1-4972-3e61-1307-300000072371","d9ac0aa1-4972-3e61-1307-300000072381","d9ac0aa1-4972-3e61-1307-300000072391","d9ac0aa1-4972-3e61-1307-300000072401","d9ac0aa1-4972-3e61-1307-300000072411"]}}},{"type":"Feature","geometry":{"type":"Point","coordinates":[-77.0207401,38.9012307]},"properties":{"access_code":"public","access_days_time":"24 hours daily","access_detail_code":null,"cards_accepted":null,"date_last_confirmed":"2025-04-23","expected_date":null,"fuel_type_code":"ELEC","groups_with_access_code":"Public","id":195202,"maximum_vehicle_class":null,"open_date":"2016-09-27","owner_type_code":null,"restricted_access":null,"status_code":"E","funding_sources":null,"facility_type":null,"station_name":"600 Mass Ave","station_phone":"888-998-2546","updated_at":"2025-04-23T00:06:51Z","geocode_status":"GPS","city":"Washington","country":"US","intersection_directions":null,"plus4":null,"state":"DC","street_address":"600 Massachusetts Avenue Northwest","zip":"20001","bd_blends":null,"cng_dispenser_num":null,"cng_fill_type_code":null,"cng_has_rng":null,"cng_psi":null,"cng_renewable_source":null,"cng_total_compression":null,"cng_total_storage":null,"cng_vehicle_class":null,"e85_blender_pump":null,"e85_other_ethanol_blends":null,"ev_connector_types":["J1772"],"ev_dc_fast_num":null,"ev_level1_evse_num":null,"ev_level2_evse_num":9,"ev_network":"Blink Network","ev_network_web":"https://blinkcharging.com","ev_other_evse":null,"ev_pricing":"FREE","ev_renewable_source":null,"ev_workplace_charging":false,"hy_is_retail":null,"hy_pressures":null,"hy_standards":null,"hy_status_link":null,"lng_has_rng":null,"lng_renewable_source":null,"lng_vehicle_class":null,"lpg_nozzle_types":null,"lpg_primary":null,"ng_fill_type_code":null,"ng_psi":null,"ng_vehicle_class":null,"rd_blended_with_biodiesel":null,"rd_blends":null,"rd_blends_fr":null,"rd_max_biodiesel_level":null,"nps_unit_name":null,"access_days_time_fr":null,"intersection_directions_fr":null,"bd_blends_fr":null,"groups_with_access_code_fr":"Public","ev_pricing_fr":null,"ev_network_ids":{"station":["d0e864cf-fb2a-3dbf-1307-c00000003377"],"posts":["d9ac0aa1-4972-3e61-1307-300000040881","d9ac0aa1-4972-3e61-1307-300000040891","d9ac0aa1-4972-3e61-1307-300000040901","d9ac0aa1-4972-3e61-1307-300000040911","d9ac0aa1-4972-3e61-1307-300000040921","d9ac0aa1-4972-3e61-1307-300000040931","d9ac0aa1-4972-3e61-1307-300000040941","d9ac0aa1-4972-3e61-1307-300000040951","d9ac0aa1-4972-3e61-1307-300000040961"]}}},{"type":"Feature","geometry":{"type":"Point","coordinates":[-77.0171786,38.8401346]},"properties":{"access_code":"public","access_days_time":"24 hours daily","access_detail_code":null,"cards_accepted":null,"date_last_confirmed":"2025-04-23","expected_date":null,"fuel_type_code":"ELEC","groups_with_access_code":"Public","id":195204,"maximum_vehicle_class":null,"open_date":"2018-10-25","owner_type_code":null,"restricted_access":null,"status_code":"E","funding_sources":null,"facility_type":null,"station_name":"531711  JBAB / MWR","station_phone":"888-998-2546","updated_at":"2025-04-23T00:02:51Z","geocode_status":"GPS","city":"Washington","country":"US","intersection_directions":null,"plus4":null,"state":"DC","street_address":"Chappie James Boulevard","zip":"20032","bd_blends":null,"cng_dispenser_num":null,"cng_fill_type_code":null,"cng_has_rng":null,"cng_psi":null,"cng_renewable_source":null,"cng_total_compression":null,"cng_total_storage":null,"cng_vehicle_class":null,"e85_blender_pump":null,"e85_other_ethanol_blends":null,"ev_connector_types":["J1772"],"ev_dc_fast_num":null,"ev_level1_evse_num":null,"ev_level2_evse_num":10,"ev_network":"Blink Network","ev_network_web":"https://blinkcharging.com","ev_other_evse":null,"ev_pricing":"$0.00-$1.50/Hr Variable Parking Fee","ev_renewable_source":null,"ev_workplace_charging":false,"hy_is_retail":null,"hy_pressures":null,"hy_standards":null,"hy_status_link":null,"lng_has_rng":null,"lng_renewable_source":null,"lng_vehicle_class":null,"lpg_nozzle_types":null,"lpg_primary":null,"ng_fill_type_code":null,"ng_psi":null,"ng_vehicle_class":null,"rd_blended_with_biodiesel":null,"rd_blends":null,"rd_blends_fr":null,"rd_max_biodiesel_level":null,"nps_unit_name":null,"access_days_time_fr":null,"intersection_directions_fr":null,"bd_blends_fr":null,"groups_with_access_code_fr":"Public","ev_pricing_fr":null,"ev_network_ids":{"station":["d0e864cf-fb2a-3dbf-1307-c00000002736"],"posts":["22e79791-d910-4a68-8021-b2b49239b7f2","6d9f7e51-675f-4408-bdc7-4fef0c2f3025","d9ac0aa1-4972-3e61-1307-300000075391","d9ac0aa1-4972-3e61-1307-300000075401","d9ac0aa1-4972-3e61-1307-300000075411","d9ac0aa1-4972-3e61-1307-300000075421","d9ac0aa1-4972-3e61-1307-300000075431","d9ac0aa1-4972-3e61-1307-300000075441","d9ac0aa1-4972-3e61-1307-300000075451","d9ac0aa1-4972-3e61-1307-300000075461"]}}},{"type":"Feature","geometry":{"type":"Point","coordinates":[-77.029352,38.897813]},"properties":{"access_code":"public","access_days_time":"24 hours daily","access_detail_code":null,"cards_accepted":null,"date_last_confirmed":"2025-04-23","expected_date":"2024-07-02","fuel_type_code":"ELEC","groups_with_access_code":"TEMPORARILY UNAVAILABLE (Public)","id":195399,"maximum_vehicle_class":null,"open_date":"2013-03-29","owner_type_code":null,"restricted_access":null,"status_code":"T","funding_sources":null,"facility_type":null,"station_name":"Akridge 601","station_phone":"888-998-2546","updated_at":"2025-04-23T00:13:01Z","geocode_status":"GPS","city":"Washington","country":"US","intersection_directions":null,"plus4":null,"state":"DC","street_address":"601 Thirteenth Street NW, Suite 300","zip":"20005","bd_blends":null,"cng_dispenser_num":null,"cng_fill_type_code":null,"cng_has_rng":null,"cng_psi":null,"cng_renewable_source":null,"cng_total_compression":null,"cng_total_storage":null,"cng_vehicle_class":null,"e85_blender_pump":null,"e85_other_ethanol_blends":null,"ev_connector_types":["J1772"],"ev_dc_fast_num":null,"ev_level1_evse_num":null,"ev_level2_evse_num":2,"ev_network":"Blink Network","ev_network_web":"https://blinkcharging.com","ev_other_evse":null,"ev_pricing":"FREE","ev_renewable_source":null,"ev_workplace_charging":false,"hy_is_retail":null,"hy_pressures":null,"hy_standards":null,"hy_status_link":null,"lng_has_rng":null,"lng_renewable_source":null,"lng_vehicle_class":null,"lpg_nozzle_types":null,"lpg_primary":null,"ng_fill_type_code":null,"ng_psi":null,"ng_vehicle_class":null,"rd_blended_with_biodiesel":null,"rd_blends":null,"rd_blends_fr":null,"rd_max_biodiesel_level":null,"nps_unit_name":null,"access_days_time_fr":null,"intersection_directions_fr":null,"bd_blends_fr":null,"groups_with_access_code_fr":"TEMPORAIREMENT SUSPENDU (Public)","ev_pricing_fr":null,"ev_network_ids":{"station":["d0e864cf-fb2a-3dbf-1307-c00000000456"],"posts":["d9ac0aa1-4972-3e61-1307-300000011761","d9ac0aa1-4972-3e61-1307-300000011771"]}}},{"type":"Feature","geometry":{"type":"Point","coordinates":[-77.0334229,38.9632417]},"properties":{"access_code":"public","access_days_time":"24 hours daily","access_detail_code":null,"cards_accepted":null,"date_last_confirmed":"2025-04-23","expected_date":null,"fuel_type_code":"ELEC","groups_with_access_code":"Public","id":195459,"maximum_vehicle_class":null,"open_date":"2020-11-24","owner_type_code":null,"restricted_access":null,"status_code":"E","funding_sources":null,"facility_type":null,"station_name":"Rockview Apartments","station_phone":"888-998-2546","updated_at":"2025-04-23T00:33:49Z","geocode_status":"GPS","city":"Washington","country":"US","intersection_directions":null,"plus4":null,"state":"DC","street_address":"1400 Rock Creek Ford Road Northwest","zip":"20011","bd_blends":null,"cng_dispenser_num":null,"cng_fill_type_code":null,"cng_has_rng":null,"cng_psi":null,"cng_renewable_source":null,"cng_total_compression":null,"cng_total_storage":null,"cng_vehicle_class":null,"e85_blender_pump":null,"e85_other_ethanol_blends":null,"ev_connector_types":["J1772"],"ev_dc_fast_num":null,"ev_level1_evse_num":null,"ev_level2_evse_num":2,"ev_network":"Blink Network","ev_network_web":"https://blinkcharging.com","ev_other_evse":null,"ev_pricing":"$0.00-$4.00/Hr Variable Parking Fee, $0.25/kWh Energy Fee","ev_renewable_source":null,"ev_workplace_charging":false,"hy_is_retail":null,"hy_pressures":null,"hy_standards":null,"hy_status_link":null,"lng_has_rng":null,"lng_renewable_source":null,"lng_vehicle_class":null,"lpg_nozzle_types":null,"lpg_primary":null,"ng_fill_type_code":null,"ng_psi":null,"ng_vehicle_class":null,"rd_blended_with_biodiesel":null,"rd_blends":null,"rd_blends_fr":null,"rd_max_biodiesel_level":null,"nps_unit_name":null,"access_days_time_fr":null,"intersection_directions_fr":null,"bd_blends_fr":null,"groups_with_access_code_fr":"Public","ev_pricing_fr":null,"ev_network_ids":{"station":["d0e864cf-fb2a-3dbf-1307-c00000005161"],"posts":["d9ac0aa1-4972-3e61-1307-300000123321","d9ac0aa1-4972-3e61-1307-300000123331"]}}},{"type":"Feature","geometry":{"type":"Point","coordinates":[-77.0223675,38.8781511]},"properties":{"access_code":"public","access_days_time":"24 hours daily","access_detail_code":null,"cards_accepted":null,"date_last_confirmed":"2025-04-22","expected_date":null,"fuel_type_code":"ELEC","groups_with_access_code":"Public","id":195606,"maximum_vehicle_class":null,"open_date":"2017-08-24","owner_type_code":null,"restricted_access":null,"status_code":"E","funding_sources":null,"facility_type":null,"station_name":"District Wharf Parking Garage","station_phone":"888-998-2546","updated_at":"2025-04-22T23:59:58Z","geocode_status":"GPS","city":"Washington","country":"US","intersection_directions":null,"plus4":null,"state":"DC","street_address":"800 Maine Avenue Southwest","zip":"20024","bd_blends":null,"cng_dispenser_num":null,"cng_fill_type_code":null,"cng_has_rng":null,"cng_psi":null,"cng_renewable_source":null,"cng_total_compression":null,"cng_total_storage":null,"cng_vehicle_class":null,"e85_blender_pump":null,"e85_other_ethanol_blends":null,"ev_connector_types":["J1772"],"ev_dc_fast_num":null,"ev_level1_evse_num":null,"ev_level2_evse_num":1,"ev_network":"Blink Network","ev_network_web":"https://blinkcharging.com","ev_other_evse":null,"ev_pricing":"FREE","ev_renewable_source":null,"ev_workplace_charging":false,"hy_is_retail":null,"hy_pressures":null,"hy_standards":null,"hy_status_link":null,"lng_has_rng":null,"lng_renewable_source":null,"lng_vehicle_class":null,"lpg_nozzle_types":null,"lpg_primary":null,"ng_fill_type_code":null,"ng_psi":null,"ng_vehicle_class":null,"rd_blended_with_biodiesel":null,"rd_blends":null,"rd_blends_fr":null,"rd_max_biodiesel_level":null,"nps_unit_name":null,"access_days_time_fr":null,"intersection_directions_fr":null,"bd_blends_fr":null,"groups_with_access_code_fr":"Public","ev_pricing_fr":null,"ev_network_ids":{"station":["d0e864cf-fb2a-3dbf-1307-c00000002042"],"posts":["d9ac0aa1-4972-3e61-1307-300000227731"]}}},{"type":"Feature","geometry":{"type":"Point","coordinates":[-77.0286047,38.9021125]},"properties":{"access_code":"public","access_days_time":"24 hours daily","access_detail_code":null,"cards_accepted":null,"date_last_confirmed":"2025-04-23","expected_date":null,"fuel_type_code":"ELEC","groups_with_access_code":"Public","id":196338,"maximum_vehicle_class":null,"open_date":"2020-10-15","owner_type_code":null,"restricted_access":null,"status_code":"E","funding_sources":null,"facility_type":null,"station_name":"1200 K","station_phone":"888-998-2546","updated_at":"2025-04-23T00:35:11Z","geocode_status":"GPS","city":"Washington","country":"US","intersection_directions":null,"plus4":null,"state":"DC","street_address":"1200 K St. NW Suite 100","zip":"20005","bd_blends":null,"cng_dispenser_num":null,"cng_fill_type_code":null,"cng_has_rng":null,"cng_psi":null,"cng_renewable_source":null,"cng_total_compression":null,"cng_total_storage":null,"cng_vehicle_class":null,"e85_blender_pump":null,"e85_other_ethanol_blends":null,"ev_connector_types":["J1772"],"ev_dc_fast_num":null,"ev_level1_evse_num":null,"ev_level2_evse_num":6,"ev_network":"Blink Network","ev_network_web":"https://blinkcharging.com","ev_other_evse":null,"ev_pricing":"FREE","ev_renewable_source":null,"ev_workplace_charging":false,"hy_is_retail":null,"hy_pressures":null,"hy_standards":null,"hy_status_link":null,"lng_has_rng":null,"lng_renewable_source":null,"lng_vehicle_class":null,"lpg_nozzle_types":null,"lpg_primary":null,"ng_fill_type_code":null,"ng_psi":null,"ng_vehicle_class":null,"rd_blended_with_biodiesel":null,"rd_blends":null,"rd_blends_fr":null,"rd_max_biodiesel_level":null,"nps_unit_name":null,"access_days_time_fr":null,"intersection_directions_fr":null,"bd_blends_fr":null,"groups_with_access_code_fr":"Public","ev_pricing_fr":null,"ev_network_ids":{"station":["d0e864cf-fb2a-3dbf-1307-c00000005550"],"posts":["d9ac0aa1-4972-3e61-1307-300000121531","d9ac0aa1-4972-3e61-1307-300000142811","d9ac0aa1-4972-3e61-1307-300000142821","d9ac0aa1-4972-3e61-1307-300000142831","d9ac0aa1-4972-3e61-1307-300000142851","d9ac0aa1-4972-3e61-1307-300000142861"]}}},{"type":"Feature","geometry":{"type":"Point","coordinates":[-77.014524,38.88668]},"properties":{"access_code":"private","access_days_time":"24 hours daily","access_detail_code":"GOVERNMENT","cards_accepted":null,"date_last_confirmed":"2025-01-13","expected_date":null,"fuel_type_code":"ELEC","groups_with_access_code":"Private - Government only","id":196745,"maximum_vehicle_class":"LD","open_date":"2021-09-21","owner_type_code":"FG","restricted_access":null,"status_code":"E","funding_sources":null,"facility_type":"FED_GOV","station_name":"FAA - Headquarters Office Building (HDQ 10A)","station_phone":null,"updated_at":"2025-02-12T00:16:32Z","geocode_status":"GPS","city":"Washington","country":"US","intersection_directions":null,"plus4":null,"state":"DC","street_address":"200 Independence Ave SW","zip":"20024","bd_blends":null,"cng_dispenser_num":null,"cng_fill_type_code":null,"cng_has_rng":null,"cng_psi":null,"cng_renewable_source":null,"cng_total_compression":null,"cng_total_storage":null,"cng_vehicle_class":null,"e85_blender_pump":null,"e85_other_ethanol_blends":null,"ev_connector_types":["J1772"],"ev_dc_fast_num":null,"ev_level1_evse_num":null,"ev_level2_evse_num":1,"ev_network":"Non-Networked","ev_network_web":null,"ev_other_evse":null,"ev_pricing":null,"ev_renewable_source":null,"ev_workplace_charging":false,"hy_is_retail":null,"hy_pressures":null,"hy_standards":null,"hy_status_link":null,"lng_has_rng":null,"lng_renewable_source":null,"lng_vehicle_class":null,"lpg_nozzle_types":null,"lpg_primary":null,"ng_fill_type_code":null,"ng_psi":null,"ng_vehicle_class":null,"rd_blended_with_biodiesel":null,"rd_blends":null,"rd_blends_fr":null,"rd_max_biodiesel_level":null,"nps_unit_name":null,"access_days_time_fr":null,"intersection_directions_fr":null,"bd_blends_fr":null,"groups_with_access_code_fr":"Privé - Réservé au gouvernement","ev_pricing_fr":null,"federal_agency":{"id":17,"code":"DOT","name":"Department of Transportation"}}},{"type":"Feature","geometry":{"type":"Point","coordinates":[-77.014524,38.88668]},"properties":{"access_code":"private","access_days_time":"24 hours daily","access_detail_code":"GOVERNMENT","cards_accepted":null,"date_last_confirmed":"2025-01-13","expected_date":null,"fuel_type_code":"ELEC","groups_with_access_code":"Private - Government only","id":196746,"maximum_vehicle_class":"LD","open_date":"2021-09-21","owner_type_code":"FG","restricted_access":null,"status_code":"E","funding_sources":null,"facility_type":"FED_GOV","station_name":"FAA - Headquarters Office Building (HDQ 10A)","station_phone":null,"updated_at":"2025-02-12T00:16:32Z","geocode_status":"GPS","city":"Washington","country":"US","intersection_directions":null,"plus4":null,"state":"DC","street_address":"200 Independence Ave SW","zip":"20591","bd_blends":null,"cng_dispenser_num":null,"cng_fill_type_code":null,"cng_has_rng":null,"cng_psi":null,"cng_renewable_source":null,"cng_total_compression":null,"cng_total_storage":null,"cng_vehicle_class":null,"e85_blender_pump":null,"e85_other_ethanol_blends":null,"ev_connector_types":["J1772"],"ev_dc_fast_num":null,"ev_level1_evse_num":null,"ev_level2_evse_num":1,"ev_network":"Non-Networked","ev_network_web":null,"ev_other_evse":null,"ev_pricing":null,"ev_renewable_source":null,"ev_workplace_charging":false,"hy_is_retail":null,"hy_pressures":null,"hy_standards":null,"hy_status_link":null,"lng_has_rng":null,"lng_renewable_source":null,"lng_vehicle_class":null,"lpg_nozzle_types":null,"lpg_primary":null,"ng_fill_type_code":null,"ng_psi":null,"ng_vehicle_class":null,"rd_blended_with_biodiesel":null,"rd_blends":null,"rd_blends_fr":null,"rd_max_biodiesel_level":null,"nps_unit_name":null,"access_days_time_fr":null,"intersection_directions_fr":null,"bd_blends_fr":null,"groups_with_access_code_fr":"Privé - Réservé au gouvernement","ev_pricing_fr":null,"federal_agency":{"id":17,"code":"DOT","name":"Department of Transportation"}}},{"type":"Feature","geometry":{"type":"Point","coordinates":[-77.0148,38.8936]},"properties":{"access_code":"private","access_days_time":"24 hours daily","access_detail_code":"GOVERNMENT","cards_accepted":null,"date_last_confirmed":"2025-01-13","expected_date":null,"fuel_type_code":"ELEC","groups_with_access_code":"Private - Government only","id":196747,"maximum_vehicle_class":"LD","open_date":"2021-09-21","owner_type_code":"FG","restricted_access":null,"status_code":"E","funding_sources":null,"facility_type":"FED_GOV","station_name":"FPB South Garage C Level Third Parking Space","station_phone":null,"updated_at":"2025-02-12T00:16:32Z","geocode_status":"GPS","city":"Washington","country":"US","intersection_directions":null,"plus4":null,"state":"DC","street_address":"200 Constitution Ave NW","zip":"20001","bd_blends":null,"cng_dispenser_num":null,"cng_fill_type_code":null,"cng_has_rng":null,"cng_psi":null,"cng_renewable_source":null,"cng_total_compression":null,"cng_total_storage":null,"cng_vehicle_class":null,"e85_blender_pump":null,"e85_other_ethanol_blends":null,"ev_connector_types":["J1772"],"ev_dc_fast_num":null,"ev_level1_evse_num":null,"ev_level2_evse_num":2,"ev_network":"Non-Networked","ev_network_web":null,"ev_other_evse":null,"ev_pricing":null,"ev_renewable_source":null,"ev_workplace_charging":false,"hy_is_retail":null,"hy_pressures":null,"hy_standards":null,"hy_status_link":null,"lng_has_rng":null,"lng_renewable_source":null,"lng_vehicle_class":null,"lpg_nozzle_types":null,"lpg_primary":null,"ng_fill_type_code":null,"ng_psi":null,"ng_vehicle_class":null,"rd_blended_with_biodiesel":null,"rd_blends":null,"rd_blends_fr":null,"rd_max_biodiesel_level":null,"nps_unit_name":null,"access_days_time_fr":null,"intersection_directions_fr":null,"bd_blends_fr":null,"groups_with_access_code_fr":"Privé - Réservé au gouvernement","ev_pricing_fr":null,"federal_agency":{"id":13,"code":"DOL","name":"Department of Labor"}}},{"type":"Feature","geometry":{"type":"Point","coordinates":[-76.994411,38.866913]},"properties":{"access_code":"private","access_days_time":"24 hours daily","access_detail_code":"GOVERNMENT","cards_accepted":null,"date_last_confirmed":"2025-01-13","expected_date":null,"fuel_type_code":"ELEC","groups_with_access_code":"Private - Government only","id":196748,"maximum_vehicle_class":"LD","open_date":"2021-09-21","owner_type_code":"FG","restricted_access":null,"status_code":"E","funding_sources":null,"facility_type":"NATL_PARK","station_name":"NPS WASO - USPP - AOF","station_phone":null,"updated_at":"2025-02-12T00:16:32Z","geocode_status":"GPS","city":"Washington","country":"US","intersection_directions":null,"plus4":null,"state":"DC","street_address":"1901 Anacostia Dr SE","zip":"20020","bd_blends":null,"cng_dispenser_num":null,"cng_fill_type_code":null,"cng_has_rng":null,"cng_psi":null,"cng_renewable_source":null,"cng_total_compression":null,"cng_total_storage":null,"cng_vehicle_class":null,"e85_blender_pump":null,"e85_other_ethanol_blends":null,"ev_connector_types":["J1772"],"ev_dc_fast_num":null,"ev_level1_evse_num":null,"ev_level2_evse_num":2,"ev_network":"Non-Networked","ev_network_web":null,"ev_other_evse":null,"ev_pricing":null,"ev_renewable_source":null,"ev_workplace_charging":false,"hy_is_retail":null,"hy_pressures":null,"hy_standards":null,"hy_status_link":null,"lng_has_rng":null,"lng_renewable_source":null,"lng_vehicle_class":null,"lpg_nozzle_types":null,"lpg_primary":null,"ng_fill_type_code":null,"ng_psi":null,"ng_vehicle_class":null,"rd_blended_with_biodiesel":null,"rd_blends":null,"rd_blends_fr":null,"rd_max_biodiesel_level":null,"nps_unit_name":"National Capital Parks","access_days_time_fr":null,"intersection_directions_fr":null,"bd_blends_fr":null,"groups_with_access_code_fr":"Privé - Réservé au gouvernement","ev_pricing_fr":null,"federal_agency":{"id":16,"code":"DOI","name":"Department of the Interior"}}},{"type":"Feature","geometry":{"type":"Point","coordinates":[-77.040053,38.959939]},"properties":{"access_code":"private","access_days_time":"24 hours daily","access_detail_code":"GOVERNMENT","cards_accepted":null,"date_last_confirmed":"2025-01-13","expected_date":null,"fuel_type_code":"ELEC","groups_with_access_code":"Private - Government only","id":196749,"maximum_vehicle_class":"LD","open_date":"2021-09-21","owner_type_code":"FG","restricted_access":null,"status_code":"E","funding_sources":null,"facility_type":"NATL_PARK","station_name":"NPS WASO: USPP District 3 Station","station_phone":null,"updated_at":"2025-02-12T00:16:32Z","geocode_status":"GPS","city":"Washington","country":"US","intersection_directions":null,"plus4":null,"state":"DC","street_address":"5701 Beach Dr NW","zip":"20011","bd_blends":null,"cng_dispenser_num":null,"cng_fill_type_code":null,"cng_has_rng":null,"cng_psi":null,"cng_renewable_source":null,"cng_total_compression":null,"cng_total_storage":null,"cng_vehicle_class":null,"e85_blender_pump":null,"e85_other_ethanol_blends":null,"ev_connector_types":["J1772"],"ev_dc_fast_num":null,"ev_level1_evse_num":null,"ev_level2_evse_num":2,"ev_network":"Non-Networked","ev_network_web":null,"ev_other_evse":null,"ev_pricing":null,"ev_renewable_source":null,"ev_workplace_charging":false,"hy_is_retail":null,"hy_pressures":null,"hy_standards":null,"hy_status_link":null,"lng_has_rng":null,"lng_renewable_source":null,"lng_vehicle_class":null,"lpg_nozzle_types":null,"lpg_primary":null,"ng_fill_type_code":null,"ng_psi":null,"ng_vehicle_class":null,"rd_blended_with_biodiesel":null,"rd_blends":null,"rd_blends_fr":null,"rd_max_biodiesel_level":null,"nps_unit_name":"National Capital Parks","access_days_time_fr":null,"intersection_directions_fr":null,"bd_blends_fr":null,"groups_with_access_code_fr":"Privé - Réservé au gouvernement","ev_pricing_fr":null,"federal_agency":{"id":16,"code":"DOI","name":"Department of the Interior"}}},{"type":"Feature","geometry":{"type":"Point","coordinates":[-77.036871,38.907192]},"properties":{"access_code":"private","access_days_time":"24 hours daily; Drivers must bring their own J1772 cordset for Level 1 charging","access_detail_code":"GOVERNMENT","cards_accepted":null,"date_last_confirmed":"2025-01-13","expected_date":null,"fuel_type_code":"ELEC","groups_with_access_code":"Private - Government only","id":196750,"maximum_vehicle_class":"LD","open_date":"2021-09-21","owner_type_code":"FG","restricted_access":null,"status_code":"E","funding_sources":null,"facility_type":"FED_GOV","station_name":"Potomac","station_phone":null,"updated_at":"2025-02-12T00:16:32Z","geocode_status":"GPS","city":"Washington","country":"US","intersection_directions":null,"plus4":null,"state":"DC","street_address":null,"zip":"20032","bd_blends":null,"cng_dispenser_num":null,"cng_fill_type_code":null,"cng_has_rng":null,"cng_psi":null,"cng_renewable_source":null,"cng_total_compression":null,"cng_total_storage":null,"cng_vehicle_class":null,"e85_blender_pump":null,"e85_other_ethanol_blends":null,"ev_connector_types":["NEMA1450"],"ev_dc_fast_num":null,"ev_level1_evse_num":3,"ev_level2_evse_num":null,"ev_network":"Non-Networked","ev_network_web":null,"ev_other_evse":null,"ev_pricing":null,"ev_renewable_source":null,"ev_workplace_charging":false,"hy_is_retail":null,"hy_pressures":null,"hy_standards":null,"hy_status_link":null,"lng_has_rng":null,"lng_renewable_source":null,"lng_vehicle_class":null,"lpg_nozzle_types":null,"lpg_primary":null,"ng_fill_type_code":null,"ng_psi":null,"ng_vehicle_class":null,"rd_blended_with_biodiesel":null,"rd_blends":null,"rd_blends_fr":null,"rd_max_biodiesel_level":null,"nps_unit_name":null,"access_days_time_fr":null,"intersection_directions_fr":null,"bd_blends_fr":null,"groups_with_access_code_fr":"Privé - Réservé au gouvernement","ev_pricing_fr":null,"federal_agency":{"id":13,"code":"DOL","name":"Department of Labor"}}},{"type":"Feature","geometry":{"type":"Point","coordinates":[-77.00155,38.912231]},"properties":{"access_code":"public","access_days_time":"24 hours daily","access_detail_code":null,"cards_accepted":null,"date_last_confirmed":"2025-04-23","expected_date":null,"fuel_type_code":"ELEC","groups_with_access_code":"Public","id":197398,"maximum_vehicle_class":null,"open_date":"2021-10-08","owner_type_code":null,"restricted_access":null,"status_code":"E","funding_sources":null,"facility_type":null,"station_name":"ONE501 NORTH ELEVATOR1","station_phone":"888-758-4389","updated_at":"2025-04-23T01:28:12Z","geocode_status":"GPS","city":"Washington","country":"US","intersection_directions":null,"plus4":null,"state":"DC","street_address":"1501 Harry Thomas Way NE","zip":"20002","bd_blends":null,"cng_dispenser_num":null,"cng_fill_type_code":null,"cng_has_rng":null,"cng_psi":null,"cng_renewable_source":null,"cng_total_compression":null,"cng_total_storage":null,"cng_vehicle_class":null,"e85_blender_pump":null,"e85_other_ethanol_blends":null,"ev_connector_types":["J1772"],"ev_dc_fast_num":null,"ev_level1_evse_num":null,"ev_level2_evse_num":2,"ev_network":"ChargePoint Network","ev_network_web":"https://www.chargepoint.com","ev_other_evse":null,"ev_pricing":null,"ev_renewable_source":null,"ev_workplace_charging":false,"hy_is_retail":null,"hy_pressures":null,"hy_standards":null,"hy_status_link":null,"lng_has_rng":null,"lng_renewable_source":null,"lng_vehicle_class":null,"lpg_nozzle_types":null,"lpg_primary":null,"ng_fill_type_code":null,"ng_psi":null,"ng_vehicle_class":null,"rd_blended_with_biodiesel":null,"rd_blends":null,"rd_blends_fr":null,"rd_max_biodiesel_level":null,"nps_unit_name":null,"access_days_time_fr":null,"intersection_directions_fr":null,"bd_blends_fr":null,"groups_with_access_code_fr":"Public","ev_pricing_fr":null,"ev_network_ids":{"station":["USCPIL5656181"],"posts":["17832261","17832271"]}}},{"type":"Feature","geometry":{"type":"Point","coordinates":[-77.0274863,38.9002423]},"properties":{"access_code":"public","access_days_time":"24 hours daily","access_detail_code":null,"cards_accepted":null,"date_last_confirmed":"2025-04-23","expected_date":null,"fuel_type_code":"ELEC","groups_with_access_code":"Public","id":198036,"maximum_vehicle_class":null,"open_date":"2021-08-26","owner_type_code":null,"restricted_access":null,"status_code":"E","funding_sources":null,"facility_type":null,"station_name":"AZ/JH REIT (DC) LP c/o Transwestern","station_phone":"888-998-2546","updated_at":"2025-04-23T00:36:06Z","geocode_status":"GPS","city":"Washington","country":"US","intersection_directions":null,"plus4":null,"state":"DC","street_address":"1100 New York Avenue, NW Suite Ground Floor","zip":"20005","bd_blends":null,"cng_dispenser_num":null,"cng_fill_type_code":null,"cng_has_rng":null,"cng_psi":null,"cng_renewable_source":null,"cng_total_compression":null,"cng_total_storage":null,"cng_vehicle_class":null,"e85_blender_pump":null,"e85_other_ethanol_blends":null,"ev_connector_types":["J1772"],"ev_dc_fast_num":null,"ev_level1_evse_num":null,"ev_level2_evse_num":3,"ev_network":"Blink Network","ev_network_web":"https://blinkcharging.com","ev_other_evse":null,"ev_pricing":"FREE","ev_renewable_source":null,"ev_workplace_charging":false,"hy_is_retail":null,"hy_pressures":null,"hy_standards":null,"hy_status_link":null,"lng_has_rng":null,"lng_renewable_source":null,"lng_vehicle_class":null,"lpg_nozzle_types":null,"lpg_primary":null,"ng_fill_type_code":null,"ng_psi":null,"ng_vehicle_class":null,"rd_blended_with_biodiesel":null,"rd_blends":null,"rd_blends_fr":null,"rd_max_biodiesel_level":null,"nps_unit_name":null,"access_days_time_fr":null,"intersection_directions_fr":null,"bd_blends_fr":null,"groups_with_access_code_fr":"Public","ev_pricing_fr":null,"ev_network_ids":{"station":["d0e864cf-fb2a-3dbf-1307-c00000005606"],"posts":["d9ac0aa1-4972-3e61-1307-300000147581","d9ac0aa1-4972-3e61-1307-300000147601","d9ac0aa1-4972-3e61-1307-300000147611"]}}},{"type":"Feature","geometry":{"type":"Point","coordinates":[-76.9864307,38.8831947]},"properties":{"access_code":"public","access_days_time":"24 hours daily","access_detail_code":null,"cards_accepted":null,"date_last_confirmed":"2025-04-23","expected_date":"2025-02-22","fuel_type_code":"ELEC","groups_with_access_code":"TEMPORARILY UNAVAILABLE (Public)","id":198037,"maximum_vehicle_class":null,"open_date":"2019-08-27","owner_type_code":null,"restricted_access":null,"status_code":"T","funding_sources":null,"facility_type":null,"station_name":"Beckerts Park Apartments","station_phone":"888-998-2546","updated_at":"2025-04-23T00:36:05Z","geocode_status":"GPS","city":"Washington","country":"US","intersection_directions":null,"plus4":null,"state":"DC","street_address":"1350 E Street Southeast","zip":"20003","bd_blends":null,"cng_dispenser_num":null,"cng_fill_type_code":null,"cng_has_rng":null,"cng_psi":null,"cng_renewable_source":null,"cng_total_compression":null,"cng_total_storage":null,"cng_vehicle_class":null,"e85_blender_pump":null,"e85_other_ethanol_blends":null,"ev_connector_types":["J1772"],"ev_dc_fast_num":null,"ev_level1_evse_num":null,"ev_level2_evse_num":6,"ev_network":"Blink Network","ev_network_web":"https://blinkcharging.com","ev_other_evse":null,"ev_pricing":"FREE","ev_renewable_source":null,"ev_workplace_charging":false,"hy_is_retail":null,"hy_pressures":null,"hy_standards":null,"hy_status_link":null,"lng_has_rng":null,"lng_renewable_source":null,"lng_vehicle_class":null,"lpg_nozzle_types":null,"lpg_primary":null,"ng_fill_type_code":null,"ng_psi":null,"ng_vehicle_class":null,"rd_blended_with_biodiesel":null,"rd_blends":null,"rd_blends_fr":null,"rd_max_biodiesel_level":null,"nps_unit_name":null,"access_days_time_fr":null,"intersection_directions_fr":null,"bd_blends_fr":null,"groups_with_access_code_fr":"TEMPORAIREMENT SUSPENDU (Public)","ev_pricing_fr":null,"ev_network_ids":{"station":["d0e864cf-fb2a-3dbf-1307-c00000005602"],"posts":["d9ac0aa1-4972-3e61-1307-300000098831","d9ac0aa1-4972-3e61-1307-300000098841","d9ac0aa1-4972-3e61-1307-300000098851","d9ac0aa1-4972-3e61-1307-300000098881","d9ac0aa1-4972-3e61-1307-300000098891","d9ac0aa1-4972-3e61-1307-300000098901"]}}},{"type":"Feature","geometry":{"type":"Point","coordinates":[-77.0094944,38.8957704]},"properties":{"access_code":"public","access_days_time":"24 hours daily","access_detail_code":null,"cards_accepted":null,"date_last_confirmed":"2025-04-23","expected_date":null,"fuel_type_code":"ELEC","groups_with_access_code":"Public","id":200966,"maximum_vehicle_class":null,"open_date":"2021-11-11","owner_type_code":null,"restricted_access":null,"status_code":"E","funding_sources":null,"facility_type":null,"station_name":"Hall of the States Office Building","station_phone":"888-998-2546","updated_at":"2025-04-23T00:36:13Z","geocode_status":"GPS","city":"Washington","country":"US","intersection_directions":null,"plus4":null,"state":"DC","street_address":"400/444 North Capitol Street NW","zip":"20001","bd_blends":null,"cng_dispenser_num":null,"cng_fill_type_code":null,"cng_has_rng":null,"cng_psi":null,"cng_renewable_source":null,"cng_total_compression":null,"cng_total_storage":null,"cng_vehicle_class":null,"e85_blender_pump":null,"e85_other_ethanol_blends":null,"ev_connector_types":["J1772"],"ev_dc_fast_num":null,"ev_level1_evse_num":null,"ev_level2_evse_num":2,"ev_network":"Blink Network","ev_network_web":"https://blinkcharging.com","ev_other_evse":null,"ev_pricing":"$1.00/Hr Parking Fee","ev_renewable_source":null,"ev_workplace_charging":false,"hy_is_retail":null,"hy_pressures":null,"hy_standards":null,"hy_status_link":null,"lng_has_rng":null,"lng_renewable_source":null,"lng_vehicle_class":null,"lpg_nozzle_types":null,"lpg_primary":null,"ng_fill_type_code":null,"ng_psi":null,"ng_vehicle_class":null,"rd_blended_with_biodiesel":null,"rd_blends":null,"rd_blends_fr":null,"rd_max_biodiesel_level":null,"nps_unit_name":null,"access_days_time_fr":null,"intersection_directions_fr":null,"bd_blends_fr":null,"groups_with_access_code_fr":"Public","ev_pricing_fr":null,"ev_network_ids":{"station":["d0e864cf-fb2a-3dbf-1307-c00000005658"],"posts":["d9ac0aa1-4972-3e61-1307-300000176241","d9ac0aa1-4972-3e61-1307-300000176251"]}}},{"type":"Feature","geometry":{"type":"Point","coordinates":[-77.0371063,38.9090483]},"properties":{"access_code":"public","access_days_time":"24 hours daily","access_detail_code":null,"cards_accepted":null,"date_last_confirmed":"2025-04-23","expected_date":null,"fuel_type_code":"ELEC","groups_with_access_code":"Public","id":201791,"maximum_vehicle_class":null,"open_date":"2021-10-15","owner_type_code":null,"restricted_access":null,"status_code":"E","funding_sources":null,"facility_type":null,"station_name":"Resources and Conservation Center","station_phone":"888-998-2546","updated_at":"2025-04-23T00:36:18Z","geocode_status":"GPS","city":"Washington","country":"US","intersection_directions":null,"plus4":null,"state":"DC","street_address":"1400 16th Street Northwest","zip":"20036","bd_blends":null,"cng_dispenser_num":null,"cng_fill_type_code":null,"cng_has_rng":null,"cng_psi":null,"cng_renewable_source":null,"cng_total_compression":null,"cng_total_storage":null,"cng_vehicle_class":null,"e85_blender_pump":null,"e85_other_ethanol_blends":null,"ev_connector_types":["J1772"],"ev_dc_fast_num":null,"ev_level1_evse_num":null,"ev_level2_evse_num":2,"ev_network":"Blink Network","ev_network_web":"https://blinkcharging.com","ev_other_evse":null,"ev_pricing":"$1.00/Hr Parking Fee","ev_renewable_source":null,"ev_workplace_charging":false,"hy_is_retail":null,"hy_pressures":null,"hy_standards":null,"hy_status_link":null,"lng_has_rng":null,"lng_renewable_source":null,"lng_vehicle_class":null,"lpg_nozzle_types":null,"lpg_primary":null,"ng_fill_type_code":null,"ng_psi":null,"ng_vehicle_class":null,"rd_blended_with_biodiesel":null,"rd_blends":null,"rd_blends_fr":null,"rd_max_biodiesel_level":null,"nps_unit_name":null,"access_days_time_fr":null,"intersection_directions_fr":null,"bd_blends_fr":null,"groups_with_access_code_fr":"Public","ev_pricing_fr":null,"ev_network_ids":{"station":["d0e864cf-fb2a-3dbf-1307-c00000005692"],"posts":["d9ac0aa1-4972-3e61-1307-300000153031","d9ac0aa1-4972-3e61-1307-300000157871"]}}},{"type":"Feature","geometry":{"type":"Point","coordinates":[-77.0418833,38.9004219]},"properties":{"access_code":"public","access_days_time":"24 hours daily","access_detail_code":null,"cards_accepted":null,"date_last_confirmed":"2025-04-23","expected_date":"2024-08-17","fuel_type_code":"ELEC","groups_with_access_code":"TEMPORARILY UNAVAILABLE (Public)","id":202707,"maximum_vehicle_class":null,"open_date":"2019-05-08","owner_type_code":null,"restricted_access":null,"status_code":"T","funding_sources":null,"facility_type":null,"station_name":"1801 Pennsylvania Avenue Northwest","station_phone":"888-998-2546","updated_at":"2025-04-23T00:36:23Z","geocode_status":"GPS","city":"Washington","country":"US","intersection_directions":null,"plus4":null,"state":"DC","street_address":"1801 Pennsylvania Avenue Northwest","zip":"20006","bd_blends":null,"cng_dispenser_num":null,"cng_fill_type_code":null,"cng_has_rng":null,"cng_psi":null,"cng_renewable_source":null,"cng_total_compression":null,"cng_total_storage":null,"cng_vehicle_class":null,"e85_blender_pump":null,"e85_other_ethanol_blends":null,"ev_connector_types":["J1772"],"ev_dc_fast_num":null,"ev_level1_evse_num":null,"ev_level2_evse_num":1,"ev_network":"Blink Network","ev_network_web":"https://blinkcharging.com","ev_other_evse":null,"ev_pricing":"FREE","ev_renewable_source":null,"ev_workplace_charging":false,"hy_is_retail":null,"hy_pressures":null,"hy_standards":null,"hy_status_link":null,"lng_has_rng":null,"lng_renewable_source":null,"lng_vehicle_class":null,"lpg_nozzle_types":null,"lpg_primary":null,"ng_fill_type_code":null,"ng_psi":null,"ng_vehicle_class":null,"rd_blended_with_biodiesel":null,"rd_blends":null,"rd_blends_fr":null,"rd_max_biodiesel_level":null,"nps_unit_name":null,"access_days_time_fr":null,"intersection_directions_fr":null,"bd_blends_fr":null,"groups_with_access_code_fr":"TEMPORAIREMENT SUSPENDU (Public)","ev_pricing_fr":null,"ev_network_ids":{"station":["d0e864cf-fb2a-3dbf-1307-c00000005732"],"posts":["d9ac0aa1-4972-3e61-1307-300000091221"]}}},{"type":"Feature","geometry":{"type":"Point","coordinates":[-77.003925,38.911746]},"properties":{"access_code":"public","access_days_time":"24 hours daily","access_detail_code":null,"cards_accepted":null,"date_last_confirmed":"2025-04-23","expected_date":null,"fuel_type_code":"ELEC","groups_with_access_code":"Public","id":202848,"maximum_vehicle_class":null,"open_date":"2021-12-21","owner_type_code":null,"restricted_access":null,"status_code":"E","funding_sources":null,"facility_type":null,"station_name":"1625 NE CONDOS STATION 5","station_phone":"888-758-4389","updated_at":"2025-04-23T01:37:23Z","geocode_status":"GPS","city":"Washington","country":"US","intersection_directions":null,"plus4":null,"state":"DC","street_address":"1625 Eckington Pl NE","zip":"20002","bd_blends":null,"cng_dispenser_num":null,"cng_fill_type_code":null,"cng_has_rng":null,"cng_psi":null,"cng_renewable_source":null,"cng_total_compression":null,"cng_total_storage":null,"cng_vehicle_class":null,"e85_blender_pump":null,"e85_other_ethanol_blends":null,"ev_connector_types":["J1772"],"ev_dc_fast_num":null,"ev_level1_evse_num":null,"ev_level2_evse_num":2,"ev_network":"ChargePoint Network","ev_network_web":"https://www.chargepoint.com","ev_other_evse":null,"ev_pricing":null,"ev_renewable_source":null,"ev_workplace_charging":false,"hy_is_retail":null,"hy_pressures":null,"hy_standards":null,"hy_status_link":null,"lng_has_rng":null,"lng_renewable_source":null,"lng_vehicle_class":null,"lpg_nozzle_types":null,"lpg_primary":null,"ng_fill_type_code":null,"ng_psi":null,"ng_vehicle_class":null,"rd_blended_with_biodiesel":null,"rd_blends":null,"rd_blends_fr":null,"rd_max_biodiesel_level":null,"nps_unit_name":null,"access_days_time_fr":null,"intersection_directions_fr":null,"bd_blends_fr":null,"groups_with_access_code_fr":"Public","ev_pricing_fr":null,"ev_network_ids":{"station":["USCPIL11873631"],"posts":["20519771","20519781"]}}},{"type":"Feature","geometry":{"type":"Point","coordinates":[-77.003839,38.911762]},"properties":{"access_code":"public","access_days_time":"24 hours daily","access_detail_code":null,"cards_accepted":null,"date_last_confirmed":"2025-04-23","expected_date":null,"fuel_type_code":"ELEC","groups_with_access_code":"Public","id":203002,"maximum_vehicle_class":null,"open_date":"2021-12-24","owner_type_code":null,"restricted_access":null,"status_code":"E","funding_sources":null,"facility_type":null,"station_name":"1625 NE CONDOS STATION 3","station_phone":"888-758-4389","updated_at":"2025-04-23T01:37:20Z","geocode_status":"GPS","city":"Washington","country":"US","intersection_directions":null,"plus4":null,"state":"DC","street_address":"1625 Eckington Pl NE","zip":"20002","bd_blends":null,"cng_dispenser_num":null,"cng_fill_type_code":null,"cng_has_rng":null,"cng_psi":null,"cng_renewable_source":null,"cng_total_compression":null,"cng_total_storage":null,"cng_vehicle_class":null,"e85_blender_pump":null,"e85_other_ethanol_blends":null,"ev_connector_types":["J1772"],"ev_dc_fast_num":null,"ev_level1_evse_num":null,"ev_level2_evse_num":2,"ev_network":"ChargePoint Network","ev_network_web":"https://www.chargepoint.com","ev_other_evse":null,"ev_pricing":null,"ev_renewable_source":null,"ev_workplace_charging":false,"hy_is_retail":null,"hy_pressures":null,"hy_standards":null,"hy_status_link":null,"lng_has_rng":null,"lng_renewable_source":null,"lng_vehicle_class":null,"lpg_nozzle_types":null,"lpg_primary":null,"ng_fill_type_code":null,"ng_psi":null,"ng_vehicle_class":null,"rd_blended_with_biodiesel":null,"rd_blends":null,"rd_blends_fr":null,"rd_max_biodiesel_level":null,"nps_unit_name":null,"access_days_time_fr":null,"intersection_directions_fr":null,"bd_blends_fr":null,"groups_with_access_code_fr":"Public","ev_pricing_fr":null,"ev_network_ids":{"station":["USCPIL11858351"],"posts":["20491171","20491181"]}}},{"type":"Feature","geometry":{"type":"Point","coordinates":[-77.033122,38.951625]},"properties":{"access_code":"public","access_days_time":"24 hours daily","access_detail_code":null,"cards_accepted":null,"date_last_confirmed":"2025-04-23","expected_date":null,"fuel_type_code":"ELEC","groups_with_access_code":"Public","id":203360,"maximum_vehicle_class":null,"open_date":"2022-01-01","owner_type_code":null,"restricted_access":null,"status_code":"E","funding_sources":null,"facility_type":null,"station_name":"WEST ES, WA DC WEST ELEM GW","station_phone":"888-758-4389","updated_at":"2025-04-23T01:33:09Z","geocode_status":"GPS","city":"Washington","country":"US","intersection_directions":"John Lewis school","plus4":null,"state":"DC","street_address":"1335 Farragut street NW, DC","zip":"20011","bd_blends":null,"cng_dispenser_num":null,"cng_fill_type_code":null,"cng_has_rng":null,"cng_psi":null,"cng_renewable_source":null,"cng_total_compression":null,"cng_total_storage":null,"cng_vehicle_class":null,"e85_blender_pump":null,"e85_other_ethanol_blends":null,"ev_connector_types":["J1772"],"ev_dc_fast_num":null,"ev_level1_evse_num":null,"ev_level2_evse_num":1,"ev_network":"ChargePoint Network","ev_network_web":"https://www.chargepoint.com","ev_other_evse":null,"ev_pricing":null,"ev_renewable_source":null,"ev_workplace_charging":false,"hy_is_retail":null,"hy_pressures":null,"hy_standards":null,"hy_status_link":null,"lng_has_rng":null,"lng_renewable_source":null,"lng_vehicle_class":null,"lpg_nozzle_types":null,"lpg_primary":null,"ng_fill_type_code":null,"ng_psi":null,"ng_vehicle_class":null,"rd_blended_with_biodiesel":null,"rd_blends":null,"rd_blends_fr":null,"rd_max_biodiesel_level":null,"nps_unit_name":null,"access_days_time_fr":null,"intersection_directions_fr":null,"bd_blends_fr":null,"groups_with_access_code_fr":"Public","ev_pricing_fr":null,"ev_network_ids":{"station":["USCPIL8962471"],"posts":["15785721"]}}},{"type":"Feature","geometry":{"type":"Point","coordinates":[-77.0551966,38.8978425]},"properties":{"access_code":"public","access_days_time":"24 hours daily","access_detail_code":null,"cards_accepted":null,"date_last_confirmed":"2025-04-23","expected_date":null,"fuel_type_code":"ELEC","groups_with_access_code":"Public","id":204739,"maximum_vehicle_class":null,"open_date":"2019-11-20","owner_type_code":null,"restricted_access":null,"status_code":"E","funding_sources":null,"facility_type":null,"station_name":"600 New Hampshire Ave","station_phone":"888-998-2546","updated_at":"2025-04-23T00:29:41Z","geocode_status":"GPS","city":"Washington","country":"US","intersection_directions":null,"plus4":null,"state":"DC","street_address":"600 New Hampshire Avenue Northwest","zip":"20037","bd_blends":null,"cng_dispenser_num":null,"cng_fill_type_code":null,"cng_has_rng":null,"cng_psi":null,"cng_renewable_source":null,"cng_total_compression":null,"cng_total_storage":null,"cng_vehicle_class":null,"e85_blender_pump":null,"e85_other_ethanol_blends":null,"ev_connector_types":["J1772"],"ev_dc_fast_num":null,"ev_level1_evse_num":null,"ev_level2_evse_num":3,"ev_network":"Blink Network","ev_network_web":"https://blinkcharging.com","ev_other_evse":null,"ev_pricing":"$1.50/Hr Parking Fee","ev_renewable_source":null,"ev_workplace_charging":false,"hy_is_retail":null,"hy_pressures":null,"hy_standards":null,"hy_status_link":null,"lng_has_rng":null,"lng_renewable_source":null,"lng_vehicle_class":null,"lpg_nozzle_types":null,"lpg_primary":null,"ng_fill_type_code":null,"ng_psi":null,"ng_vehicle_class":null,"rd_blended_with_biodiesel":null,"rd_blends":null,"rd_blends_fr":null,"rd_max_biodiesel_level":null,"nps_unit_name":null,"access_days_time_fr":null,"intersection_directions_fr":null,"bd_blends_fr":null,"groups_with_access_code_fr":"Public","ev_pricing_fr":null,"ev_network_ids":{"station":["d0e864cf-fb2a-3dbf-1307-c00000004078"],"posts":["d9ac0aa1-4972-3e61-1307-300000104431","d9ac0aa1-4972-3e61-1307-300000104441","d9ac0aa1-4972-3e61-1307-300000105511"]}}},{"type":"Feature","geometry":{"type":"Point","coordinates":[-77.003871,38.911779]},"properties":{"access_code":"public","access_days_time":"24 hours daily","access_detail_code":null,"cards_accepted":null,"date_last_confirmed":"2025-04-23","expected_date":null,"fuel_type_code":"ELEC","groups_with_access_code":"Public","id":205001,"maximum_vehicle_class":null,"open_date":"2022-01-19","owner_type_code":null,"restricted_access":null,"status_code":"E","funding_sources":null,"facility_type":null,"station_name":"1625 NE CONDOS STATION 1","station_phone":"888-758-4389","updated_at":"2025-04-23T01:37:20Z","geocode_status":"GPS","city":"Washington","country":"US","intersection_directions":null,"plus4":null,"state":"DC","street_address":"1625 Eckington Pl NE","zip":"20002","bd_blends":null,"cng_dispenser_num":null,"cng_fill_type_code":null,"cng_has_rng":null,"cng_psi":null,"cng_renewable_source":null,"cng_total_compression":null,"cng_total_storage":null,"cng_vehicle_class":null,"e85_blender_pump":null,"e85_other_ethanol_blends":null,"ev_connector_types":["J1772"],"ev_dc_fast_num":null,"ev_level1_evse_num":null,"ev_level2_evse_num":2,"ev_network":"ChargePoint Network","ev_network_web":"https://www.chargepoint.com","ev_other_evse":null,"ev_pricing":null,"ev_renewable_source":null,"ev_workplace_charging":false,"hy_is_retail":null,"hy_pressures":null,"hy_standards":null,"hy_status_link":null,"lng_has_rng":null,"lng_renewable_source":null,"lng_vehicle_class":null,"lpg_nozzle_types":null,"lpg_primary":null,"ng_fill_type_code":null,"ng_psi":null,"ng_vehicle_class":null,"rd_blended_with_biodiesel":null,"rd_blends":null,"rd_blends_fr":null,"rd_max_biodiesel_level":null,"nps_unit_name":null,"access_days_time_fr":null,"intersection_directions_fr":null,"bd_blends_fr":null,"groups_with_access_code_fr":"Public","ev_pricing_fr":null,"ev_network_ids":{"station":["USCPIL11858281"],"posts":["24990531","24990541"]}}},{"type":"Feature","geometry":{"type":"Point","coordinates":[-77.029228,38.902846]},"properties":{"access_code":"public","access_days_time":"24 hours daily","access_detail_code":null,"cards_accepted":null,"date_last_confirmed":"2025-04-23","expected_date":null,"fuel_type_code":"ELEC","groups_with_access_code":"Public","id":205196,"maximum_vehicle_class":null,"open_date":"2022-01-22","owner_type_code":null,"restricted_access":null,"status_code":"E","funding_sources":null,"facility_type":null,"station_name":"1275 K ST NW PARKING 69-70","station_phone":"888-758-4389","updated_at":"2025-04-23T01:38:59Z","geocode_status":"GPS","city":"Washington","country":"US","intersection_directions":"Parking Lane 69-70 in B-2 Level of Garage","plus4":null,"state":"DC","street_address":"1275 K St NW","zip":"20005","bd_blends":null,"cng_dispenser_num":null,"cng_fill_type_code":null,"cng_has_rng":null,"cng_psi":null,"cng_renewable_source":null,"cng_total_compression":null,"cng_total_storage":null,"cng_vehicle_class":null,"e85_blender_pump":null,"e85_other_ethanol_blends":null,"ev_connector_types":["J1772"],"ev_dc_fast_num":null,"ev_level1_evse_num":null,"ev_level2_evse_num":2,"ev_network":"ChargePoint Network","ev_network_web":"https://www.chargepoint.com","ev_other_evse":null,"ev_pricing":null,"ev_renewable_source":null,"ev_workplace_charging":false,"hy_is_retail":null,"hy_pressures":null,"hy_standards":null,"hy_status_link":null,"lng_has_rng":null,"lng_renewable_source":null,"lng_vehicle_class":null,"lpg_nozzle_types":null,"lpg_primary":null,"ng_fill_type_code":null,"ng_psi":null,"ng_vehicle_class":null,"rd_blended_with_biodiesel":null,"rd_blends":null,"rd_blends_fr":null,"rd_max_biodiesel_level":null,"nps_unit_name":null,"access_days_time_fr":null,"intersection_directions_fr":null,"bd_blends_fr":null,"groups_with_access_code_fr":"Public","ev_pricing_fr":null,"ev_network_ids":{"station":["USCPIL12416871"],"posts":["21539441","21539451"]}}},{"type":"Feature","geometry":{"type":"Point","coordinates":[-77.003807,38.911779]},"properties":{"access_code":"public","access_days_time":"24 hours daily","access_detail_code":null,"cards_accepted":null,"date_last_confirmed":"2025-04-23","expected_date":null,"fuel_type_code":"ELEC","groups_with_access_code":"Public","id":205456,"maximum_vehicle_class":null,"open_date":"2022-01-28","owner_type_code":null,"restricted_access":null,"status_code":"E","funding_sources":null,"facility_type":null,"station_name":"1625 NE CONDOS STATION 6","station_phone":"888-758-4389","updated_at":"2025-04-23T01:37:23Z","geocode_status":"GPS","city":"Washington","country":"US","intersection_directions":null,"plus4":null,"state":"DC","street_address":"1625 Eckington Pl NE","zip":"20002","bd_blends":null,"cng_dispenser_num":null,"cng_fill_type_code":null,"cng_has_rng":null,"cng_psi":null,"cng_renewable_source":null,"cng_total_compression":null,"cng_total_storage":null,"cng_vehicle_class":null,"e85_blender_pump":null,"e85_other_ethanol_blends":null,"ev_connector_types":["J1772"],"ev_dc_fast_num":null,"ev_level1_evse_num":null,"ev_level2_evse_num":2,"ev_network":"ChargePoint Network","ev_network_web":"https://www.chargepoint.com","ev_other_evse":null,"ev_pricing":null,"ev_renewable_source":null,"ev_workplace_charging":false,"hy_is_retail":null,"hy_pressures":null,"hy_standards":null,"hy_status_link":null,"lng_has_rng":null,"lng_renewable_source":null,"lng_vehicle_class":null,"lpg_nozzle_types":null,"lpg_primary":null,"ng_fill_type_code":null,"ng_psi":null,"ng_vehicle_class":null,"rd_blended_with_biodiesel":null,"rd_blends":null,"rd_blends_fr":null,"rd_max_biodiesel_level":null,"nps_unit_name":null,"access_days_time_fr":null,"intersection_directions_fr":null,"bd_blends_fr":null,"groups_with_access_code_fr":"Public","ev_pricing_fr":null,"ev_network_ids":{"station":["USCPIL11873591"],"posts":["20519691","20519701"]}}},{"type":"Feature","geometry":{"type":"Point","coordinates":[-77.014127,38.898971]},"properties":{"access_code":"public","access_days_time":"24 hours daily","access_detail_code":null,"cards_accepted":null,"date_last_confirmed":"2025-04-23","expected_date":"2025-01-31","fuel_type_code":"ELEC","groups_with_access_code":"TEMPORARILY UNAVAILABLE (Public)","id":205647,"maximum_vehicle_class":null,"open_date":"2022-01-31","owner_type_code":null,"restricted_access":null,"status_code":"T","funding_sources":null,"facility_type":null,"station_name":"Capitol Crossing","station_phone":"888-998-2546","updated_at":"2025-04-23T00:12:27Z","geocode_status":"GPS","city":"Washington","country":"US","intersection_directions":null,"plus4":null,"state":"DC","street_address":"200 Massachusetts Ave NW","zip":"20001","bd_blends":null,"cng_dispenser_num":null,"cng_fill_type_code":null,"cng_has_rng":null,"cng_psi":null,"cng_renewable_source":null,"cng_total_compression":null,"cng_total_storage":null,"cng_vehicle_class":null,"e85_blender_pump":null,"e85_other_ethanol_blends":null,"ev_connector_types":["J1772"],"ev_dc_fast_num":null,"ev_level1_evse_num":null,"ev_level2_evse_num":4,"ev_network":"Blink Network","ev_network_web":"https://blinkcharging.com","ev_other_evse":null,"ev_pricing":"Free","ev_renewable_source":null,"ev_workplace_charging":false,"hy_is_retail":null,"hy_pressures":null,"hy_standards":null,"hy_status_link":null,"lng_has_rng":null,"lng_renewable_source":null,"lng_vehicle_class":null,"lpg_nozzle_types":null,"lpg_primary":null,"ng_fill_type_code":null,"ng_psi":null,"ng_vehicle_class":null,"rd_blended_with_biodiesel":null,"rd_blends":null,"rd_blends_fr":null,"rd_max_biodiesel_level":null,"nps_unit_name":null,"access_days_time_fr":null,"intersection_directions_fr":null,"bd_blends_fr":null,"groups_with_access_code_fr":"TEMPORAIREMENT SUSPENDU (Public)","ev_pricing_fr":null,"ev_network_ids":{"station":["465ba1dd-d734-8158-93cc-330000503745"],"posts":["35ac1807-9fec-3fbb-c9bb-b2eca562d50f","984cd7f8-d996-894d-f79d-4211357f2984","b7d4a99a-fada-20a7-e641-951bbfc3741e","c6d862b0-be74-41cb-a432-8c59bfd4c1bf"]}}},{"type":"Feature","geometry":{"type":"Point","coordinates":[-77.0336201,38.898011]},"properties":{"access_code":"public","access_days_time":"24 hours daily","access_detail_code":null,"cards_accepted":null,"date_last_confirmed":"2025-04-23","expected_date":null,"fuel_type_code":"ELEC","groups_with_access_code":"Public","id":205827,"maximum_vehicle_class":null,"open_date":"2021-11-03","owner_type_code":null,"restricted_access":null,"status_code":"E","funding_sources":null,"facility_type":null,"station_name":"Metropolitan Square Garage","station_phone":"888-998-2546","updated_at":"2025-04-23T00:11:53Z","geocode_status":"GPS","city":"Washington","country":"US","intersection_directions":null,"plus4":null,"state":"DC","street_address":"655 15th Street NW","zip":"20005","bd_blends":null,"cng_dispenser_num":null,"cng_fill_type_code":null,"cng_has_rng":null,"cng_psi":null,"cng_renewable_source":null,"cng_total_compression":null,"cng_total_storage":null,"cng_vehicle_class":null,"e85_blender_pump":null,"e85_other_ethanol_blends":null,"ev_connector_types":["J1772"],"ev_dc_fast_num":null,"ev_level1_evse_num":null,"ev_level2_evse_num":8,"ev_network":"Blink Network","ev_network_web":"https://blinkcharging.com","ev_other_evse":null,"ev_pricing":"$1.00-$5.00/Hr Variable Parking Fee","ev_renewable_source":null,"ev_workplace_charging":false,"hy_is_retail":null,"hy_pressures":null,"hy_standards":null,"hy_status_link":null,"lng_has_rng":null,"lng_renewable_source":null,"lng_vehicle_class":null,"lpg_nozzle_types":null,"lpg_primary":null,"ng_fill_type_code":null,"ng_psi":null,"ng_vehicle_class":null,"rd_blended_with_biodiesel":null,"rd_blends":null,"rd_blends_fr":null,"rd_max_biodiesel_level":null,"nps_unit_name":null,"access_days_time_fr":null,"intersection_directions_fr":null,"bd_blends_fr":null,"groups_with_access_code_fr":"Public","ev_pricing_fr":null,"ev_network_ids":{"station":["d0e864cf-fb2a-3dbf-1307-c00000000525"],"posts":["d9ac0aa1-4972-3e61-1307-300000155271","d9ac0aa1-4972-3e61-1307-300000155281","d9ac0aa1-4972-3e61-1307-300000155291","d9ac0aa1-4972-3e61-1307-300000155301","d9ac0aa1-4972-3e61-1307-300000155311","d9ac0aa1-4972-3e61-1307-300000155321","d9ac0aa1-4972-3e61-1307-300000155351","d9ac0aa1-4972-3e61-1307-300000206681"]}}},{"type":"Feature","geometry":{"type":"Point","coordinates":[-77.0032763,38.9031507]},"properties":{"access_code":"public","access_days_time":"24 hours daily","access_detail_code":null,"cards_accepted":null,"date_last_confirmed":"2025-04-23","expected_date":null,"fuel_type_code":"ELEC","groups_with_access_code":"Public","id":206058,"maximum_vehicle_class":null,"open_date":"2017-09-07","owner_type_code":null,"restricted_access":null,"status_code":"E","funding_sources":null,"facility_type":null,"station_name":"Union Place","station_phone":"888-998-2546","updated_at":"2025-04-23T00:31:15Z","geocode_status":"GPS","city":"Washington","country":"US","intersection_directions":null,"plus4":null,"state":"DC","street_address":"200 K Street NE","zip":"20002","bd_blends":null,"cng_dispenser_num":null,"cng_fill_type_code":null,"cng_has_rng":null,"cng_psi":null,"cng_renewable_source":null,"cng_total_compression":null,"cng_total_storage":null,"cng_vehicle_class":null,"e85_blender_pump":null,"e85_other_ethanol_blends":null,"ev_connector_types":["J1772"],"ev_dc_fast_num":null,"ev_level1_evse_num":null,"ev_level2_evse_num":2,"ev_network":"Blink Network","ev_network_web":"https://blinkcharging.com","ev_other_evse":null,"ev_pricing":"FREE","ev_renewable_source":null,"ev_workplace_charging":false,"hy_is_retail":null,"hy_pressures":null,"hy_standards":null,"hy_status_link":null,"lng_has_rng":null,"lng_renewable_source":null,"lng_vehicle_class":null,"lpg_nozzle_types":null,"lpg_primary":null,"ng_fill_type_code":null,"ng_psi":null,"ng_vehicle_class":null,"rd_blended_with_biodiesel":null,"rd_blends":null,"rd_blends_fr":null,"rd_max_biodiesel_level":null,"nps_unit_name":null,"access_days_time_fr":null,"intersection_directions_fr":null,"bd_blends_fr":null,"groups_with_access_code_fr":"Public","ev_pricing_fr":null,"ev_network_ids":{"station":["d0e864cf-fb2a-3dbf-1307-c00000004758"],"posts":["d9ac0aa1-4972-3e61-1307-300000055111","d9ac0aa1-4972-3e61-1307-300000246501"]}}},{"type":"Feature","geometry":{"type":"Point","coordinates":[-77.0276195,38.9790239]},"properties":{"access_code":"public","access_days_time":"24 hours daily","access_detail_code":null,"cards_accepted":null,"date_last_confirmed":"2025-04-23","expected_date":null,"fuel_type_code":"ELEC","groups_with_access_code":"Public","id":206402,"maximum_vehicle_class":null,"open_date":"2022-01-12","owner_type_code":null,"restricted_access":null,"status_code":"E","funding_sources":null,"facility_type":null,"station_name":"Garages","station_phone":"888-998-2546","updated_at":"2025-04-23T00:37:38Z","geocode_status":"GPS","city":"Washington","country":"US","intersection_directions":null,"plus4":null,"state":"DC","street_address":"7323 R 12th ST., NW","zip":"20012","bd_blends":null,"cng_dispenser_num":null,"cng_fill_type_code":null,"cng_has_rng":null,"cng_psi":null,"cng_renewable_source":null,"cng_total_compression":null,"cng_total_storage":null,"cng_vehicle_class":null,"e85_blender_pump":null,"e85_other_ethanol_blends":null,"ev_connector_types":["J1772"],"ev_dc_fast_num":null,"ev_level1_evse_num":null,"ev_level2_evse_num":2,"ev_network":"Blink Network","ev_network_web":"https://blinkcharging.com","ev_other_evse":null,"ev_pricing":"FREE","ev_renewable_source":null,"ev_workplace_charging":false,"hy_is_retail":null,"hy_pressures":null,"hy_standards":null,"hy_status_link":null,"lng_has_rng":null,"lng_renewable_source":null,"lng_vehicle_class":null,"lpg_nozzle_types":null,"lpg_primary":null,"ng_fill_type_code":null,"ng_psi":null,"ng_vehicle_class":null,"rd_blended_with_biodiesel":null,"rd_blends":null,"rd_blends_fr":null,"rd_max_biodiesel_level":null,"nps_unit_name":null,"access_days_time_fr":null,"intersection_directions_fr":null,"bd_blends_fr":null,"groups_with_access_code_fr":"Public","ev_pricing_fr":null,"ev_network_ids":{"station":["d0e864cf-fb2a-3dbf-1307-c00000005879"],"posts":["d9ac0aa1-4972-3e61-1307-300000163421","d9ac0aa1-4972-3e61-1307-300000163431"]}}},{"type":"Feature","geometry":{"type":"Point","coordinates":[-77.0205502,38.9054465]},"properties":{"access_code":"public","access_days_time":"24 hours daily","access_detail_code":null,"cards_accepted":null,"date_last_confirmed":"2025-04-23","expected_date":null,"fuel_type_code":"ELEC","groups_with_access_code":"Public","id":207933,"maximum_vehicle_class":null,"open_date":"2022-03-02","owner_type_code":null,"restricted_access":null,"status_code":"E","funding_sources":null,"facility_type":null,"station_name":"655 New York Ave NW","station_phone":"888-998-2546","updated_at":"2025-04-23T00:37:44Z","geocode_status":"GPS","city":"Washington","country":"US","intersection_directions":null,"plus4":null,"state":"DC","street_address":"655 New York Avenue Northwest","zip":"20001","bd_blends":null,"cng_dispenser_num":null,"cng_fill_type_code":null,"cng_has_rng":null,"cng_psi":null,"cng_renewable_source":null,"cng_total_compression":null,"cng_total_storage":null,"cng_vehicle_class":null,"e85_blender_pump":null,"e85_other_ethanol_blends":null,"ev_connector_types":["J1772"],"ev_dc_fast_num":null,"ev_level1_evse_num":null,"ev_level2_evse_num":10,"ev_network":"Blink Network","ev_network_web":"https://blinkcharging.com","ev_other_evse":null,"ev_pricing":"$0.00-$10.00/Hr Variable Parking Fee","ev_renewable_source":null,"ev_workplace_charging":false,"hy_is_retail":null,"hy_pressures":null,"hy_standards":null,"hy_status_link":null,"lng_has_rng":null,"lng_renewable_source":null,"lng_vehicle_class":null,"lpg_nozzle_types":null,"lpg_primary":null,"ng_fill_type_code":null,"ng_psi":null,"ng_vehicle_class":null,"rd_blended_with_biodiesel":null,"rd_blends":null,"rd_blends_fr":null,"rd_max_biodiesel_level":null,"nps_unit_name":null,"access_days_time_fr":null,"intersection_directions_fr":null,"bd_blends_fr":null,"groups_with_access_code_fr":"Public","ev_pricing_fr":null,"ev_network_ids":{"station":["d0e864cf-fb2a-3dbf-1307-c00000005925"],"posts":["d9ac0aa1-4972-3e61-1307-300000167861","d9ac0aa1-4972-3e61-1307-300000167891","d9ac0aa1-4972-3e61-1307-300000167901","d9ac0aa1-4972-3e61-1307-300000167921","d9ac0aa1-4972-3e61-1307-300000167941","d9ac0aa1-4972-3e61-1307-300000167951","d9ac0aa1-4972-3e61-1307-300000172021","d9ac0aa1-4972-3e61-1307-300000172071","d9ac0aa1-4972-3e61-1307-300000204231","fc3a4582-ba46-4cf0-8a2f-a0256d896351"]}}},{"type":"Feature","geometry":{"type":"Point","coordinates":[-77.00386,38.911779]},"properties":{"access_code":"public","access_days_time":"24 hours daily","access_detail_code":null,"cards_accepted":null,"date_last_confirmed":"2025-04-23","expected_date":null,"fuel_type_code":"ELEC","groups_with_access_code":"Public","id":207936,"maximum_vehicle_class":null,"open_date":"2022-03-11","owner_type_code":null,"restricted_access":null,"status_code":"E","funding_sources":null,"facility_type":null,"station_name":"1625 NE CONDOS STATION 2","station_phone":"888-758-4389","updated_at":"2025-04-23T01:37:20Z","geocode_status":"GPS","city":"Washington","country":"US","intersection_directions":null,"plus4":null,"state":"DC","street_address":"1625 Eckington Pl NE","zip":"20002","bd_blends":null,"cng_dispenser_num":null,"cng_fill_type_code":null,"cng_has_rng":null,"cng_psi":null,"cng_renewable_source":null,"cng_total_compression":null,"cng_total_storage":null,"cng_vehicle_class":null,"e85_blender_pump":null,"e85_other_ethanol_blends":null,"ev_connector_types":["J1772"],"ev_dc_fast_num":null,"ev_level1_evse_num":null,"ev_level2_evse_num":2,"ev_network":"ChargePoint Network","ev_network_web":"https://www.chargepoint.com","ev_other_evse":null,"ev_pricing":null,"ev_renewable_source":null,"ev_workplace_charging":false,"hy_is_retail":null,"hy_pressures":null,"hy_standards":null,"hy_status_link":null,"lng_has_rng":null,"lng_renewable_source":null,"lng_vehicle_class":null,"lpg_nozzle_types":null,"lpg_primary":null,"ng_fill_type_code":null,"ng_psi":null,"ng_vehicle_class":null,"rd_blended_with_biodiesel":null,"rd_blends":null,"rd_blends_fr":null,"rd_max_biodiesel_level":null,"nps_unit_name":null,"access_days_time_fr":null,"intersection_directions_fr":null,"bd_blends_fr":null,"groups_with_access_code_fr":"Public","ev_pricing_fr":null,"ev_network_ids":{"station":["USCPIL11858321"],"posts":["20491121","20491131"]}}},{"type":"Feature","geometry":{"type":"Point","coordinates":[-77.0039287,38.8752301]},"properties":{"access_code":"public","access_days_time":"24 hours daily","access_detail_code":null,"cards_accepted":null,"date_last_confirmed":"2025-04-23","expected_date":null,"fuel_type_code":"ELEC","groups_with_access_code":"Public","id":213450,"maximum_vehicle_class":null,"open_date":"2021-03-05","owner_type_code":null,"restricted_access":null,"status_code":"E","funding_sources":null,"facility_type":null,"station_name":"1275 New Jersey Ave","station_phone":"888-998-2546","updated_at":"2025-04-23T00:36:34Z","geocode_status":"GPS","city":"Washington","country":"US","intersection_directions":null,"plus4":null,"state":"DC","street_address":"1275 New Jersey Avenue Southeast","zip":"20003","bd_blends":null,"cng_dispenser_num":null,"cng_fill_type_code":null,"cng_has_rng":null,"cng_psi":null,"cng_renewable_source":null,"cng_total_compression":null,"cng_total_storage":null,"cng_vehicle_class":null,"e85_blender_pump":null,"e85_other_ethanol_blends":null,"ev_connector_types":["J1772"],"ev_dc_fast_num":null,"ev_level1_evse_num":null,"ev_level2_evse_num":6,"ev_network":"Blink Network","ev_network_web":"https://blinkcharging.com","ev_other_evse":null,"ev_pricing":"$0.00-$10.00/Hr Variable Parking Fee","ev_renewable_source":null,"ev_workplace_charging":false,"hy_is_retail":null,"hy_pressures":null,"hy_standards":null,"hy_status_link":null,"lng_has_rng":null,"lng_renewable_source":null,"lng_vehicle_class":null,"lpg_nozzle_types":null,"lpg_primary":null,"ng_fill_type_code":null,"ng_psi":null,"ng_vehicle_class":null,"rd_blended_with_biodiesel":null,"rd_blends":null,"rd_blends_fr":null,"rd_max_biodiesel_level":null,"nps_unit_name":null,"access_days_time_fr":null,"intersection_directions_fr":null,"bd_blends_fr":null,"groups_with_access_code_fr":"Public","ev_pricing_fr":null,"ev_network_ids":{"station":["d0e864cf-fb2a-3dbf-1307-c00000005986"],"posts":["d9ac0aa1-4972-3e61-1307-300000130631","d9ac0aa1-4972-3e61-1307-300000130651","d9ac0aa1-4972-3e61-1307-300000130661","d9ac0aa1-4972-3e61-1307-300000130681","d9ac0aa1-4972-3e61-1307-300000130691","d9ac0aa1-4972-3e61-1307-300000155261"]}}},{"type":"Feature","geometry":{"type":"Point","coordinates":[-77.0240107,38.8976072]},"properties":{"access_code":"public","access_days_time":"24 hours daily","access_detail_code":null,"cards_accepted":null,"date_last_confirmed":"2025-04-23","expected_date":null,"fuel_type_code":"ELEC","groups_with_access_code":"Public","id":217129,"maximum_vehicle_class":null,"open_date":"2022-03-03","owner_type_code":null,"restricted_access":null,"status_code":"E","funding_sources":null,"facility_type":null,"station_name":"901 F","station_phone":"888-998-2546","updated_at":"2025-04-23T00:19:15Z","geocode_status":"GPS","city":"Washington","country":"US","intersection_directions":null,"plus4":null,"state":"DC","street_address":"901 F St. NW","zip":"20004","bd_blends":null,"cng_dispenser_num":null,"cng_fill_type_code":null,"cng_has_rng":null,"cng_psi":null,"cng_renewable_source":null,"cng_total_compression":null,"cng_total_storage":null,"cng_vehicle_class":null,"e85_blender_pump":null,"e85_other_ethanol_blends":null,"ev_connector_types":["J1772"],"ev_dc_fast_num":null,"ev_level1_evse_num":null,"ev_level2_evse_num":2,"ev_network":"Blink Network","ev_network_web":"https://blinkcharging.com","ev_other_evse":null,"ev_pricing":"$0.00-$0.50/kWh Variable Energy Fee","ev_renewable_source":null,"ev_workplace_charging":false,"hy_is_retail":null,"hy_pressures":null,"hy_standards":null,"hy_status_link":null,"lng_has_rng":null,"lng_renewable_source":null,"lng_vehicle_class":null,"lpg_nozzle_types":null,"lpg_primary":null,"ng_fill_type_code":null,"ng_psi":null,"ng_vehicle_class":null,"rd_blended_with_biodiesel":null,"rd_blends":null,"rd_blends_fr":null,"rd_max_biodiesel_level":null,"nps_unit_name":null,"access_days_time_fr":null,"intersection_directions_fr":null,"bd_blends_fr":null,"groups_with_access_code_fr":"Public","ev_pricing_fr":null,"ev_network_ids":{"station":["d0e864cf-fb2a-3dbf-1307-c00000006096"],"posts":["d9ac0aa1-4972-3e61-1307-300000168181","d9ac0aa1-4972-3e61-1307-300000168201"]}}},{"type":"Feature","geometry":{"type":"Point","coordinates":[-77.0413078,38.9075534]},"properties":{"access_code":"public","access_days_time":"24 hours daily","access_detail_code":null,"cards_accepted":null,"date_last_confirmed":"2025-04-23","expected_date":null,"fuel_type_code":"ELEC","groups_with_access_code":"Public","id":218243,"maximum_vehicle_class":null,"open_date":"2021-03-11","owner_type_code":null,"restricted_access":null,"status_code":"E","funding_sources":null,"facility_type":null,"station_name":"1771 N Street","station_phone":"888-998-2546","updated_at":"2025-04-23T00:19:20Z","geocode_status":"GPS","city":"Washington","country":"US","intersection_directions":null,"plus4":null,"state":"DC","street_address":"1771 N Street NW","zip":"20036","bd_blends":null,"cng_dispenser_num":null,"cng_fill_type_code":null,"cng_has_rng":null,"cng_psi":null,"cng_renewable_source":null,"cng_total_compression":null,"cng_total_storage":null,"cng_vehicle_class":null,"e85_blender_pump":null,"e85_other_ethanol_blends":null,"ev_connector_types":["J1772"],"ev_dc_fast_num":null,"ev_level1_evse_num":null,"ev_level2_evse_num":2,"ev_network":"Blink Network","ev_network_web":"https://blinkcharging.com","ev_other_evse":null,"ev_pricing":"FREE","ev_renewable_source":null,"ev_workplace_charging":false,"hy_is_retail":null,"hy_pressures":null,"hy_standards":null,"hy_status_link":null,"lng_has_rng":null,"lng_renewable_source":null,"lng_vehicle_class":null,"lpg_nozzle_types":null,"lpg_primary":null,"ng_fill_type_code":null,"ng_psi":null,"ng_vehicle_class":null,"rd_blended_with_biodiesel":null,"rd_blends":null,"rd_blends_fr":null,"rd_max_biodiesel_level":null,"nps_unit_name":null,"access_days_time_fr":null,"intersection_directions_fr":null,"bd_blends_fr":null,"groups_with_access_code_fr":"Public","ev_pricing_fr":null,"ev_network_ids":{"station":["d0e864cf-fb2a-3dbf-1307-c00000006132"],"posts":["d9ac0aa1-4972-3e61-1307-300000131201","d9ac0aa1-4972-3e61-1307-300000131211"]}}},{"type":"Feature","geometry":{"type":"Point","coordinates":[-77.0219095,38.8779129]},"properties":{"access_code":"public","access_days_time":"24 hours daily","access_detail_code":null,"cards_accepted":null,"date_last_confirmed":"2025-04-23","expected_date":null,"fuel_type_code":"ELEC","groups_with_access_code":"Public","id":219738,"maximum_vehicle_class":null,"open_date":"2021-04-22","owner_type_code":null,"restricted_access":null,"status_code":"E","funding_sources":null,"facility_type":null,"station_name":"Garage 2A","station_phone":"888-998-2546","updated_at":"2025-04-23T00:19:21Z","geocode_status":"GPS","city":"Washington","country":"US","intersection_directions":null,"plus4":null,"state":"DC","street_address":"Riley St  SW, Washington DC, 20024","zip":"20024","bd_blends":null,"cng_dispenser_num":null,"cng_fill_type_code":null,"cng_has_rng":null,"cng_psi":null,"cng_renewable_source":null,"cng_total_compression":null,"cng_total_storage":null,"cng_vehicle_class":null,"e85_blender_pump":null,"e85_other_ethanol_blends":null,"ev_connector_types":["J1772"],"ev_dc_fast_num":null,"ev_level1_evse_num":null,"ev_level2_evse_num":16,"ev_network":"Blink Network","ev_network_web":"https://blinkcharging.com","ev_other_evse":null,"ev_pricing":"FREE","ev_renewable_source":null,"ev_workplace_charging":false,"hy_is_retail":null,"hy_pressures":null,"hy_standards":null,"hy_status_link":null,"lng_has_rng":null,"lng_renewable_source":null,"lng_vehicle_class":null,"lpg_nozzle_types":null,"lpg_primary":null,"ng_fill_type_code":null,"ng_psi":null,"ng_vehicle_class":null,"rd_blended_with_biodiesel":null,"rd_blends":null,"rd_blends_fr":null,"rd_max_biodiesel_level":null,"nps_unit_name":null,"access_days_time_fr":null,"intersection_directions_fr":null,"bd_blends_fr":null,"groups_with_access_code_fr":"Public","ev_pricing_fr":null,"ev_network_ids":{"station":["d0e864cf-fb2a-3dbf-1307-c00000006147"],"posts":["d9ac0aa1-4972-3e61-1307-300000134991","d9ac0aa1-4972-3e61-1307-300000135011","d9ac0aa1-4972-3e61-1307-300000135031","d9ac0aa1-4972-3e61-1307-300000135051","d9ac0aa1-4972-3e61-1307-300000135081","d9ac0aa1-4972-3e61-1307-300000135111","d9ac0aa1-4972-3e61-1307-300000135121","d9ac0aa1-4972-3e61-1307-300000135131","d9ac0aa1-4972-3e61-1307-300000135161","d9ac0aa1-4972-3e61-1307-300000135191","d9ac0aa1-4972-3e61-1307-300000135251","d9ac0aa1-4972-3e61-1307-300000135341","d9ac0aa1-4972-3e61-1307-300000138961","d9ac0aa1-4972-3e61-1307-300000138971","d9ac0aa1-4972-3e61-1307-300000139091","d9ac0aa1-4972-3e61-1307-300000139101"]}}},{"type":"Feature","geometry":{"type":"Point","coordinates":[-77.0210991,38.8753566]},"properties":{"access_code":"public","access_days_time":"24 hours daily","access_detail_code":null,"cards_accepted":null,"date_last_confirmed":"2025-04-23","expected_date":null,"fuel_type_code":"ELEC","groups_with_access_code":"Public","id":220303,"maximum_vehicle_class":null,"open_date":"2021-02-12","owner_type_code":null,"restricted_access":null,"status_code":"E","funding_sources":null,"facility_type":null,"station_name":"The Wharf Public Garage 3","station_phone":"888-998-2546","updated_at":"2025-04-23T00:19:23Z","geocode_status":"GPS","city":"Washington","country":"US","intersection_directions":null,"plus4":null,"state":"DC","street_address":"600 Water Street Southwest","zip":"20024","bd_blends":null,"cng_dispenser_num":null,"cng_fill_type_code":null,"cng_has_rng":null,"cng_psi":null,"cng_renewable_source":null,"cng_total_compression":null,"cng_total_storage":null,"cng_vehicle_class":null,"e85_blender_pump":null,"e85_other_ethanol_blends":null,"ev_connector_types":["J1772"],"ev_dc_fast_num":null,"ev_level1_evse_num":null,"ev_level2_evse_num":14,"ev_network":"Blink Network","ev_network_web":"https://blinkcharging.com","ev_other_evse":null,"ev_pricing":"FREE","ev_renewable_source":null,"ev_workplace_charging":false,"hy_is_retail":null,"hy_pressures":null,"hy_standards":null,"hy_status_link":null,"lng_has_rng":null,"lng_renewable_source":null,"lng_vehicle_class":null,"lpg_nozzle_types":null,"lpg_primary":null,"ng_fill_type_code":null,"ng_psi":null,"ng_vehicle_class":null,"rd_blended_with_biodiesel":null,"rd_blends":null,"rd_blends_fr":null,"rd_max_biodiesel_level":null,"nps_unit_name":null,"access_days_time_fr":null,"intersection_directions_fr":null,"bd_blends_fr":null,"groups_with_access_code_fr":"Public","ev_pricing_fr":null,"ev_network_ids":{"station":["d0e864cf-fb2a-3dbf-1307-c00000006164"],"posts":["d9ac0aa1-4972-3e61-1307-300000129901","d9ac0aa1-4972-3e61-1307-300000129911","d9ac0aa1-4972-3e61-1307-300000134971","d9ac0aa1-4972-3e61-1307-300000135141","d9ac0aa1-4972-3e61-1307-300000135181","d9ac0aa1-4972-3e61-1307-300000135331","d9ac0aa1-4972-3e61-1307-300000138991","d9ac0aa1-4972-3e61-1307-300000139031","d9ac0aa1-4972-3e61-1307-300000139041","d9ac0aa1-4972-3e61-1307-300000139071","d9ac0aa1-4972-3e61-1307-300000139111","d9ac0aa1-4972-3e61-1307-300000139121","d9ac0aa1-4972-3e61-1307-300000139131","d9ac0aa1-4972-3e61-1307-300000200581"]}}},{"type":"Feature","geometry":{"type":"Point","coordinates":[-77.0087047,38.8783202]},"properties":{"access_code":"public","access_days_time":"24 hours daily","access_detail_code":null,"cards_accepted":null,"date_last_confirmed":"2025-04-23","expected_date":null,"fuel_type_code":"ELEC","groups_with_access_code":"Public","id":220745,"maximum_vehicle_class":null,"open_date":"2021-11-12","owner_type_code":null,"restricted_access":null,"status_code":"E","funding_sources":null,"facility_type":null,"station_name":"1000 South Capitol","station_phone":"888-998-2546","updated_at":"2025-04-23T00:19:25Z","geocode_status":"GPS","city":"Washington","country":"US","intersection_directions":null,"plus4":null,"state":"DC","street_address":"1000 S Capitol St SE","zip":"20003","bd_blends":null,"cng_dispenser_num":null,"cng_fill_type_code":null,"cng_has_rng":null,"cng_psi":null,"cng_renewable_source":null,"cng_total_compression":null,"cng_total_storage":null,"cng_vehicle_class":null,"e85_blender_pump":null,"e85_other_ethanol_blends":null,"ev_connector_types":["J1772"],"ev_dc_fast_num":null,"ev_level1_evse_num":null,"ev_level2_evse_num":5,"ev_network":"Blink Network","ev_network_web":"https://blinkcharging.com","ev_other_evse":null,"ev_pricing":"FREE","ev_renewable_source":null,"ev_workplace_charging":false,"hy_is_retail":null,"hy_pressures":null,"hy_standards":null,"hy_status_link":null,"lng_has_rng":null,"lng_renewable_source":null,"lng_vehicle_class":null,"lpg_nozzle_types":null,"lpg_primary":null,"ng_fill_type_code":null,"ng_psi":null,"ng_vehicle_class":null,"rd_blended_with_biodiesel":null,"rd_blends":null,"rd_blends_fr":null,"rd_max_biodiesel_level":null,"nps_unit_name":null,"access_days_time_fr":null,"intersection_directions_fr":null,"bd_blends_fr":null,"groups_with_access_code_fr":"Public","ev_pricing_fr":null,"ev_network_ids":{"station":["d0e864cf-fb2a-3dbf-1307-c00000006177"],"posts":["d9ac0aa1-4972-3e61-1307-300000156511","d9ac0aa1-4972-3e61-1307-300000156521","d9ac0aa1-4972-3e61-1307-300000156531","d9ac0aa1-4972-3e61-1307-300000156541","d9ac0aa1-4972-3e61-1307-300000156551"]}}},{"type":"Feature","geometry":{"type":"Point","coordinates":[-76.980764,38.890927]},"properties":{"access_code":"public","access_days_time":"24 hours daily","access_detail_code":null,"cards_accepted":null,"date_last_confirmed":"2025-04-23","expected_date":null,"fuel_type_code":"ELEC","groups_with_access_code":"Public","id":221025,"maximum_vehicle_class":null,"open_date":"2021-04-13","owner_type_code":null,"restricted_access":null,"status_code":"E","funding_sources":null,"facility_type":null,"station_name":"Tribeca","station_phone":"888-998-2546","updated_at":"2025-04-23T00:19:26Z","geocode_status":"GPS","city":"Washington","country":"US","intersection_directions":null,"plus4":null,"state":"DC","street_address":"40N St. NE","zip":"20002","bd_blends":null,"cng_dispenser_num":null,"cng_fill_type_code":null,"cng_has_rng":null,"cng_psi":null,"cng_renewable_source":null,"cng_total_compression":null,"cng_total_storage":null,"cng_vehicle_class":null,"e85_blender_pump":null,"e85_other_ethanol_blends":null,"ev_connector_types":["J1772"],"ev_dc_fast_num":null,"ev_level1_evse_num":null,"ev_level2_evse_num":4,"ev_network":"Blink Network","ev_network_web":"https://blinkcharging.com","ev_other_evse":null,"ev_pricing":"FREE","ev_renewable_source":null,"ev_workplace_charging":false,"hy_is_retail":null,"hy_pressures":null,"hy_standards":null,"hy_status_link":null,"lng_has_rng":null,"lng_renewable_source":null,"lng_vehicle_class":null,"lpg_nozzle_types":null,"lpg_primary":null,"ng_fill_type_code":null,"ng_psi":null,"ng_vehicle_class":null,"rd_blended_with_biodiesel":null,"rd_blends":null,"rd_blends_fr":null,"rd_max_biodiesel_level":null,"nps_unit_name":null,"access_days_time_fr":null,"intersection_directions_fr":null,"bd_blends_fr":null,"groups_with_access_code_fr":"Public","ev_pricing_fr":null,"ev_network_ids":{"station":["d0e864cf-fb2a-3dbf-1307-c00000006190"],"posts":["d9ac0aa1-4972-3e61-1307-300000134801","d9ac0aa1-4972-3e61-1307-300000134811","d9ac0aa1-4972-3e61-1307-300000134821","d9ac0aa1-4972-3e61-1307-300000134831"]}}},{"type":"Feature","geometry":{"type":"Point","coordinates":[-77.047744,38.901559]},"properties":{"access_code":"public","access_days_time":"Mon 8:00pm - 12:00am; Tue 8:00pm - 12:00am; Wed 8:00pm - 12:00am; Thu 8:00pm - 12:00am; Fri 8:00pm - 12:00am; Sat 12:00am - 12:00am; Sun 12:00am - 12:00am","access_detail_code":null,"cards_accepted":null,"date_last_confirmed":"2025-04-23","expected_date":null,"fuel_type_code":"ELEC","groups_with_access_code":"Public","id":221244,"maximum_vehicle_class":null,"open_date":"2022-06-14","owner_type_code":null,"restricted_access":null,"status_code":"E","funding_sources":null,"facility_type":null,"station_name":"2112 PENN STATION 1","station_phone":"888-758-4389","updated_at":"2025-04-23T00:59:40Z","geocode_status":"GPS","city":"Washington","country":"US","intersection_directions":null,"plus4":null,"state":"DC","street_address":"2112 Pennsylvania Ave NW","zip":"20037","bd_blends":null,"cng_dispenser_num":null,"cng_fill_type_code":null,"cng_has_rng":null,"cng_psi":null,"cng_renewable_source":null,"cng_total_compression":null,"cng_total_storage":null,"cng_vehicle_class":null,"e85_blender_pump":null,"e85_other_ethanol_blends":null,"ev_connector_types":["J1772"],"ev_dc_fast_num":null,"ev_level1_evse_num":null,"ev_level2_evse_num":2,"ev_network":"ChargePoint Network","ev_network_web":"https://www.chargepoint.com","ev_other_evse":null,"ev_pricing":null,"ev_renewable_source":null,"ev_workplace_charging":false,"hy_is_retail":null,"hy_pressures":null,"hy_standards":null,"hy_status_link":null,"lng_has_rng":null,"lng_renewable_source":null,"lng_vehicle_class":null,"lpg_nozzle_types":null,"lpg_primary":null,"ng_fill_type_code":null,"ng_psi":null,"ng_vehicle_class":null,"rd_blended_with_biodiesel":null,"rd_blends":null,"rd_blends_fr":null,"rd_max_biodiesel_level":null,"nps_unit_name":null,"access_days_time_fr":null,"intersection_directions_fr":null,"bd_blends_fr":null,"groups_with_access_code_fr":"Public","ev_pricing_fr":null,"ev_network_ids":{"station":["USCPIL385521"],"posts":["523901","523911"]}}},{"type":"Feature","geometry":{"type":"Point","coordinates":[-77.055794,38.925524]},"properties":{"access_code":"public","access_days_time":"24 hours daily","access_detail_code":null,"cards_accepted":null,"date_last_confirmed":"2025-04-23","expected_date":null,"fuel_type_code":"ELEC","groups_with_access_code":"Public","id":221476,"maximum_vehicle_class":null,"open_date":"2022-06-18","owner_type_code":null,"restricted_access":null,"status_code":"E","funding_sources":null,"facility_type":null,"station_name":"WOODLEY P2 WOODLEY #1","station_phone":"888-758-4389","updated_at":"2025-04-23T00:47:41Z","geocode_status":"GPS","city":"Washington","country":"US","intersection_directions":"Located on level P2 of the garage","plus4":null,"state":"DC","street_address":"2700 Woodley Rd NW","zip":"20008","bd_blends":null,"cng_dispenser_num":null,"cng_fill_type_code":null,"cng_has_rng":null,"cng_psi":null,"cng_renewable_source":null,"cng_total_compression":null,"cng_total_storage":null,"cng_vehicle_class":null,"e85_blender_pump":null,"e85_other_ethanol_blends":null,"ev_connector_types":["J1772"],"ev_dc_fast_num":null,"ev_level1_evse_num":null,"ev_level2_evse_num":2,"ev_network":"ChargePoint Network","ev_network_web":"https://www.chargepoint.com","ev_other_evse":null,"ev_pricing":null,"ev_renewable_source":null,"ev_workplace_charging":false,"hy_is_retail":null,"hy_pressures":null,"hy_standards":null,"hy_status_link":null,"lng_has_rng":null,"lng_renewable_source":null,"lng_vehicle_class":null,"lpg_nozzle_types":null,"lpg_primary":null,"ng_fill_type_code":null,"ng_psi":null,"ng_vehicle_class":null,"rd_blended_with_biodiesel":null,"rd_blends":null,"rd_blends_fr":null,"rd_max_biodiesel_level":null,"nps_unit_name":null,"access_days_time_fr":null,"intersection_directions_fr":null,"bd_blends_fr":null,"groups_with_access_code_fr":"Public","ev_pricing_fr":null,"ev_network_ids":{"station":["USCPIL125197"],"posts":["22113891","22113901"]}}},{"type":"Feature","geometry":{"type":"Point","coordinates":[-76.998243,38.900253]},"properties":{"access_code":"public","access_days_time":"24 hours daily","access_detail_code":null,"cards_accepted":null,"date_last_confirmed":"2025-04-23","expected_date":null,"fuel_type_code":"ELEC","groups_with_access_code":"Public","id":222168,"maximum_vehicle_class":null,"open_date":"2022-06-29","owner_type_code":null,"restricted_access":null,"status_code":"E","funding_sources":null,"facility_type":null,"station_name":"The Apollo","station_phone":"888-998-2546","updated_at":"2025-04-23T00:29:22Z","geocode_status":"GPS","city":"Washington","country":"US","intersection_directions":null,"plus4":null,"state":"DC","street_address":"600 H St NE","zip":"20002","bd_blends":null,"cng_dispenser_num":null,"cng_fill_type_code":null,"cng_has_rng":null,"cng_psi":null,"cng_renewable_source":null,"cng_total_compression":null,"cng_total_storage":null,"cng_vehicle_class":null,"e85_blender_pump":null,"e85_other_ethanol_blends":null,"ev_connector_types":["J1772"],"ev_dc_fast_num":null,"ev_level1_evse_num":null,"ev_level2_evse_num":2,"ev_network":"Blink Network","ev_network_web":"https://blinkcharging.com","ev_other_evse":null,"ev_pricing":"Free","ev_renewable_source":null,"ev_workplace_charging":false,"hy_is_retail":null,"hy_pressures":null,"hy_standards":null,"hy_status_link":null,"lng_has_rng":null,"lng_renewable_source":null,"lng_vehicle_class":null,"lpg_nozzle_types":null,"lpg_primary":null,"ng_fill_type_code":null,"ng_psi":null,"ng_vehicle_class":null,"rd_blended_with_biodiesel":null,"rd_blends":null,"rd_blends_fr":null,"rd_max_biodiesel_level":null,"nps_unit_name":null,"access_days_time_fr":null,"intersection_directions_fr":null,"bd_blends_fr":null,"groups_with_access_code_fr":"Public","ev_pricing_fr":null,"ev_network_ids":{"station":["465ba1dd-d734-8158-93cc-330000737332"],"posts":["02bf2f42-7905-4e54-92ee-838a9095b82a","5b2c561a-bfb5-afe1-23ee-c61fd6336dad"]}}},{"type":"Feature","geometry":{"type":"Point","coordinates":[-76.992018,38.91948]},"properties":{"access_code":"public","access_days_time":"Mon 6:00am - 11:59pm; Tue 6:00am - 11:59pm; Wed 6:00am - 11:59pm; Thu 6:00am - 11:59pm; Fri 6:00am - 11:59pm; Sat 6:00am - 11:59pm; Sun 6:00am - 11:59pm","access_detail_code":null,"cards_accepted":null,"date_last_confirmed":"2025-04-23","expected_date":null,"fuel_type_code":"ELEC","groups_with_access_code":"Public","id":222823,"maximum_vehicle_class":"LD","open_date":"2022-07-01","owner_type_code":null,"restricted_access":false,"status_code":"E","funding_sources":null,"facility_type":null,"station_name":"Rhode Island Place Shopping Center","station_phone":"855-900-7584","updated_at":"2025-04-23T02:54:11Z","geocode_status":"GPS","city":"Washington","country":"US","intersection_directions":null,"plus4":null,"state":"DC","street_address":"1050 Brentwood Rd, NE","zip":"20018","bd_blends":null,"cng_dispenser_num":null,"cng_fill_type_code":null,"cng_has_rng":null,"cng_psi":null,"cng_renewable_source":null,"cng_total_compression":null,"cng_total_storage":null,"cng_vehicle_class":null,"e85_blender_pump":null,"e85_other_ethanol_blends":null,"ev_connector_types":["J1772"],"ev_dc_fast_num":null,"ev_level1_evse_num":null,"ev_level2_evse_num":2,"ev_network":"SHELL_RECHARGE","ev_network_web":"https://www.shell.us/motorist/electric-vehicle-charging.html","ev_other_evse":null,"ev_pricing":null,"ev_renewable_source":null,"ev_workplace_charging":false,"hy_is_retail":null,"hy_pressures":null,"hy_standards":null,"hy_status_link":null,"lng_has_rng":null,"lng_renewable_source":null,"lng_vehicle_class":null,"lpg_nozzle_types":null,"lpg_primary":null,"ng_fill_type_code":null,"ng_psi":null,"ng_vehicle_class":null,"rd_blended_with_biodiesel":null,"rd_blends":null,"rd_blends_fr":null,"rd_max_biodiesel_level":null,"nps_unit_name":null,"access_days_time_fr":null,"intersection_directions_fr":null,"bd_blends_fr":null,"groups_with_access_code_fr":"Public","ev_pricing_fr":null,"ev_network_ids":{"station":["5218"],"posts":["2GS8-01","2GS8-02"]}}},{"type":"Feature","geometry":{"type":"Point","coordinates":[-77.0225306,38.8777768]},"properties":{"access_code":"public","access_days_time":"24 hours daily","access_detail_code":null,"cards_accepted":null,"date_last_confirmed":"2025-04-23","expected_date":null,"fuel_type_code":"ELEC","groups_with_access_code":"Public","id":222854,"maximum_vehicle_class":null,"open_date":"2021-04-22","owner_type_code":null,"restricted_access":null,"status_code":"E","funding_sources":null,"facility_type":null,"station_name":"670 Maine Private Parking Nest","station_phone":"888-998-2546","updated_at":"2025-04-23T00:19:21Z","geocode_status":"GPS","city":"Washington","country":"US","intersection_directions":null,"plus4":null,"state":"DC","street_address":"670 Maine Ave SW, Washington DC 20024","zip":"20024","bd_blends":null,"cng_dispenser_num":null,"cng_fill_type_code":null,"cng_has_rng":null,"cng_psi":null,"cng_renewable_source":null,"cng_total_compression":null,"cng_total_storage":null,"cng_vehicle_class":null,"e85_blender_pump":null,"e85_other_ethanol_blends":null,"ev_connector_types":["J1772"],"ev_dc_fast_num":null,"ev_level1_evse_num":null,"ev_level2_evse_num":6,"ev_network":"Blink Network","ev_network_web":"https://blinkcharging.com","ev_other_evse":null,"ev_pricing":"FREE","ev_renewable_source":null,"ev_workplace_charging":false,"hy_is_retail":null,"hy_pressures":null,"hy_standards":null,"hy_status_link":null,"lng_has_rng":null,"lng_renewable_source":null,"lng_vehicle_class":null,"lpg_nozzle_types":null,"lpg_primary":null,"ng_fill_type_code":null,"ng_psi":null,"ng_vehicle_class":null,"rd_blended_with_biodiesel":null,"rd_blends":null,"rd_blends_fr":null,"rd_max_biodiesel_level":null,"nps_unit_name":null,"access_days_time_fr":null,"intersection_directions_fr":null,"bd_blends_fr":null,"groups_with_access_code_fr":"Public","ev_pricing_fr":null,"ev_network_ids":{"station":["d0e864cf-fb2a-3dbf-1307-c00000006146"],"posts":["d9ac0aa1-4972-3e61-1307-300000135001","d9ac0aa1-4972-3e61-1307-300000135021","d9ac0aa1-4972-3e61-1307-300000135201","d9ac0aa1-4972-3e61-1307-300000135271","d9ac0aa1-4972-3e61-1307-300000135301","d9ac0aa1-4972-3e61-1307-300000135421"]}}},{"type":"Feature","geometry":{"type":"Point","coordinates":[-77.00574017,38.880326]},"properties":{"access_code":"public","access_days_time":"24 hours daily","access_detail_code":null,"cards_accepted":null,"date_last_confirmed":"2025-04-23","expected_date":null,"fuel_type_code":"ELEC","groups_with_access_code":"Public","id":223387,"maximum_vehicle_class":null,"open_date":"2022-07-12","owner_type_code":null,"restricted_access":null,"status_code":"E","funding_sources":null,"facility_type":null,"station_name":"Capitol Riverfront","station_phone":"888-998-2546","updated_at":"2025-04-23T00:22:39Z","geocode_status":"GPS","city":"Washington","country":"US","intersection_directions":null,"plus4":null,"state":"DC","street_address":"861 New Jersey Ave SE","zip":"20003","bd_blends":null,"cng_dispenser_num":null,"cng_fill_type_code":null,"cng_has_rng":null,"cng_psi":null,"cng_renewable_source":null,"cng_total_compression":null,"cng_total_storage":null,"cng_vehicle_class":null,"e85_blender_pump":null,"e85_other_ethanol_blends":null,"ev_connector_types":["J1772"],"ev_dc_fast_num":null,"ev_level1_evse_num":null,"ev_level2_evse_num":6,"ev_network":"Blink Network","ev_network_web":"https://blinkcharging.com","ev_other_evse":null,"ev_pricing":"Free","ev_renewable_source":null,"ev_workplace_charging":false,"hy_is_retail":null,"hy_pressures":null,"hy_standards":null,"hy_status_link":null,"lng_has_rng":null,"lng_renewable_source":null,"lng_vehicle_class":null,"lpg_nozzle_types":null,"lpg_primary":null,"ng_fill_type_code":null,"ng_psi":null,"ng_vehicle_class":null,"rd_blended_with_biodiesel":null,"rd_blends":null,"rd_blends_fr":null,"rd_max_biodiesel_level":null,"nps_unit_name":null,"access_days_time_fr":null,"intersection_directions_fr":null,"bd_blends_fr":null,"groups_with_access_code_fr":"Public","ev_pricing_fr":null,"ev_network_ids":{"station":["465ba1dd-d734-8158-93cc-330000625830"],"posts":["4fe80da2-4da1-4c93-b653-995c142c2c92","65a599b5-f177-4b62-b9a8-1a17a4b50c9f","67fbdc9e-54f6-4866-9b99-c0da59196e1b","8f67e3ad-150e-447c-9aae-2a8756ab6418","b8a810be-03c7-4416-8424-1afaac527666","f94d3eeb-5c29-4f11-98f4-eb49a05feb63"]}}},{"type":"Feature","geometry":{"type":"Point","coordinates":[-77.0210991,38.8753566]},"properties":{"access_code":"public","access_days_time":"24 hours daily","access_detail_code":null,"cards_accepted":null,"date_last_confirmed":"2025-04-23","expected_date":null,"fuel_type_code":"ELEC","groups_with_access_code":"Public","id":224682,"maximum_vehicle_class":null,"open_date":"2021-04-22","owner_type_code":null,"restricted_access":null,"status_code":"E","funding_sources":null,"facility_type":null,"station_name":"600 Water Private Parking Nest","station_phone":"888-998-2546","updated_at":"2025-04-23T00:19:23Z","geocode_status":"GPS","city":"Washington","country":"US","intersection_directions":null,"plus4":null,"state":"DC","street_address":"600 Water Street Southwest","zip":"20024","bd_blends":null,"cng_dispenser_num":null,"cng_fill_type_code":null,"cng_has_rng":null,"cng_psi":null,"cng_renewable_source":null,"cng_total_compression":null,"cng_total_storage":null,"cng_vehicle_class":null,"e85_blender_pump":null,"e85_other_ethanol_blends":null,"ev_connector_types":["J1772"],"ev_dc_fast_num":null,"ev_level1_evse_num":null,"ev_level2_evse_num":5,"ev_network":"Blink Network","ev_network_web":"https://blinkcharging.com","ev_other_evse":null,"ev_pricing":"FREE","ev_renewable_source":null,"ev_workplace_charging":false,"hy_is_retail":null,"hy_pressures":null,"hy_standards":null,"hy_status_link":null,"lng_has_rng":null,"lng_renewable_source":null,"lng_vehicle_class":null,"lpg_nozzle_types":null,"lpg_primary":null,"ng_fill_type_code":null,"ng_psi":null,"ng_vehicle_class":null,"rd_blended_with_biodiesel":null,"rd_blends":null,"rd_blends_fr":null,"rd_max_biodiesel_level":null,"nps_unit_name":null,"access_days_time_fr":null,"intersection_directions_fr":null,"bd_blends_fr":null,"groups_with_access_code_fr":"Public","ev_pricing_fr":null,"ev_network_ids":{"station":["d0e864cf-fb2a-3dbf-1307-c00000006163"],"posts":["d9ac0aa1-4972-3e61-1307-300000135061","d9ac0aa1-4972-3e61-1307-300000135071","d9ac0aa1-4972-3e61-1307-300000135241","d9ac0aa1-4972-3e61-1307-300000139061","d9ac0aa1-4972-3e61-1307-300000139161"]}}},{"type":"Feature","geometry":{"type":"Point","coordinates":[-77.024307,38.899413]},"properties":{"access_code":"public","access_days_time":"24 hours daily","access_detail_code":null,"cards_accepted":null,"date_last_confirmed":"2025-04-23","expected_date":null,"fuel_type_code":"ELEC","groups_with_access_code":"Public","id":225296,"maximum_vehicle_class":null,"open_date":"2018-09-11","owner_type_code":null,"restricted_access":null,"status_code":"E","funding_sources":null,"facility_type":null,"station_name":"531710  650 Massachusetts Ave NW","station_phone":"888-998-2546","updated_at":"2025-04-23T00:02:44Z","geocode_status":"GPS","city":"Washington","country":"US","intersection_directions":null,"plus4":null,"state":"DC","street_address":"650 Massachusetts Ave NW","zip":"20001","bd_blends":null,"cng_dispenser_num":null,"cng_fill_type_code":null,"cng_has_rng":null,"cng_psi":null,"cng_renewable_source":null,"cng_total_compression":null,"cng_total_storage":null,"cng_vehicle_class":null,"e85_blender_pump":null,"e85_other_ethanol_blends":null,"ev_connector_types":["J1772"],"ev_dc_fast_num":null,"ev_level1_evse_num":null,"ev_level2_evse_num":6,"ev_network":"Blink Network","ev_network_web":"https://blinkcharging.com","ev_other_evse":null,"ev_pricing":"$0.00-$10.00/Hr Variable Parking Fee","ev_renewable_source":null,"ev_workplace_charging":false,"hy_is_retail":null,"hy_pressures":null,"hy_standards":null,"hy_status_link":null,"lng_has_rng":null,"lng_renewable_source":null,"lng_vehicle_class":null,"lpg_nozzle_types":null,"lpg_primary":null,"ng_fill_type_code":null,"ng_psi":null,"ng_vehicle_class":null,"rd_blended_with_biodiesel":null,"rd_blends":null,"rd_blends_fr":null,"rd_max_biodiesel_level":null,"nps_unit_name":null,"access_days_time_fr":null,"intersection_directions_fr":null,"bd_blends_fr":null,"groups_with_access_code_fr":"Public","ev_pricing_fr":null,"ev_network_ids":{"station":["d0e864cf-fb2a-3dbf-1307-c00000002627"],"posts":["a0779f20-e50e-4307-8d3f-1096967a9805","d9ac0aa1-4972-3e61-1307-300000072421","d9ac0aa1-4972-3e61-1307-300000072441","d9ac0aa1-4972-3e61-1307-300000072451","d9ac0aa1-4972-3e61-1307-300000144021","d9ac0aa1-4972-3e61-1307-300000144031"]}}},{"type":"Feature","geometry":{"type":"Point","coordinates":[-77.0299233,38.8976502]},"properties":{"access_code":"public","access_days_time":"24 hours daily","access_detail_code":null,"cards_accepted":null,"date_last_confirmed":"2025-04-23","expected_date":null,"fuel_type_code":"ELEC","groups_with_access_code":"Public","id":225297,"maximum_vehicle_class":null,"open_date":"2020-08-27","owner_type_code":null,"restricted_access":null,"status_code":"E","funding_sources":null,"facility_type":null,"station_name":"600 Thirteenth","station_phone":"888-998-2546","updated_at":"2025-04-23T00:32:27Z","geocode_status":"GPS","city":"Washington","country":"US","intersection_directions":null,"plus4":null,"state":"DC","street_address":"600 13th Street N.W.","zip":"20005","bd_blends":null,"cng_dispenser_num":null,"cng_fill_type_code":null,"cng_has_rng":null,"cng_psi":null,"cng_renewable_source":null,"cng_total_compression":null,"cng_total_storage":null,"cng_vehicle_class":null,"e85_blender_pump":null,"e85_other_ethanol_blends":null,"ev_connector_types":["J1772"],"ev_dc_fast_num":null,"ev_level1_evse_num":null,"ev_level2_evse_num":4,"ev_network":"Blink Network","ev_network_web":"https://blinkcharging.com","ev_other_evse":null,"ev_pricing":"$0.25/kWh Energy Fee","ev_renewable_source":null,"ev_workplace_charging":false,"hy_is_retail":null,"hy_pressures":null,"hy_standards":null,"hy_status_link":null,"lng_has_rng":null,"lng_renewable_source":null,"lng_vehicle_class":null,"lpg_nozzle_types":null,"lpg_primary":null,"ng_fill_type_code":null,"ng_psi":null,"ng_vehicle_class":null,"rd_blended_with_biodiesel":null,"rd_blends":null,"rd_blends_fr":null,"rd_max_biodiesel_level":null,"nps_unit_name":null,"access_days_time_fr":null,"intersection_directions_fr":null,"bd_blends_fr":null,"groups_with_access_code_fr":"Public","ev_pricing_fr":null,"ev_network_ids":{"station":["d0e864cf-fb2a-3dbf-1307-c00000004888"],"posts":["d9ac0aa1-4972-3e61-1307-300000118981","d9ac0aa1-4972-3e61-1307-300000118991","d9ac0aa1-4972-3e61-1307-300000119001","d9ac0aa1-4972-3e61-1307-300000119011"]}}},{"type":"Feature","geometry":{"type":"Point","coordinates":[-77.0213205,38.8773729]},"properties":{"access_code":"public","access_days_time":"24 hours daily","access_detail_code":null,"cards_accepted":null,"date_last_confirmed":"2025-04-23","expected_date":null,"fuel_type_code":"ELEC","groups_with_access_code":"Public","id":225298,"maximum_vehicle_class":null,"open_date":"2021-04-23","owner_type_code":null,"restricted_access":null,"status_code":"E","funding_sources":null,"facility_type":null,"station_name":"Garage 2B","station_phone":"888-998-2546","updated_at":"2025-04-23T00:19:21Z","geocode_status":"GPS","city":"Washington","country":"US","intersection_directions":null,"plus4":null,"state":"DC","street_address":"Parker Row SW, Washington, DC 20024","zip":"20024","bd_blends":null,"cng_dispenser_num":null,"cng_fill_type_code":null,"cng_has_rng":null,"cng_psi":null,"cng_renewable_source":null,"cng_total_compression":null,"cng_total_storage":null,"cng_vehicle_class":null,"e85_blender_pump":null,"e85_other_ethanol_blends":null,"ev_connector_types":["J1772"],"ev_dc_fast_num":null,"ev_level1_evse_num":null,"ev_level2_evse_num":4,"ev_network":"Blink Network","ev_network_web":"https://blinkcharging.com","ev_other_evse":null,"ev_pricing":"FREE","ev_renewable_source":null,"ev_workplace_charging":false,"hy_is_retail":null,"hy_pressures":null,"hy_standards":null,"hy_status_link":null,"lng_has_rng":null,"lng_renewable_source":null,"lng_vehicle_class":null,"lpg_nozzle_types":null,"lpg_primary":null,"ng_fill_type_code":null,"ng_psi":null,"ng_vehicle_class":null,"rd_blended_with_biodiesel":null,"rd_blends":null,"rd_blends_fr":null,"rd_max_biodiesel_level":null,"nps_unit_name":null,"access_days_time_fr":null,"intersection_directions_fr":null,"bd_blends_fr":null,"groups_with_access_code_fr":"Public","ev_pricing_fr":null,"ev_network_ids":{"station":["d0e864cf-fb2a-3dbf-1307-c00000006148"],"posts":["d9ac0aa1-4972-3e61-1307-300000135171","d9ac0aa1-4972-3e61-1307-300000135291","d9ac0aa1-4972-3e61-1307-300000139001","d9ac0aa1-4972-3e61-1307-300000139141"]}}},{"type":"Feature","geometry":{"type":"Point","coordinates":[-77.0086436,38.905762]},"properties":{"access_code":"public","access_days_time":"24 hours daily","access_detail_code":null,"cards_accepted":null,"date_last_confirmed":"2025-04-23","expected_date":"2022-09-09","fuel_type_code":"ELEC","groups_with_access_code":"TEMPORARILY UNAVAILABLE (Public)","id":225588,"maximum_vehicle_class":null,"open_date":"2012-02-23","owner_type_code":null,"restricted_access":null,"status_code":"T","funding_sources":null,"facility_type":null,"station_name":"2 M Street","station_phone":"888-998-2546","updated_at":"2025-04-23T00:14:26Z","geocode_status":"GPS","city":"Washington","country":"US","intersection_directions":null,"plus4":null,"state":"DC","street_address":"2 M Street, NE","zip":"20002","bd_blends":null,"cng_dispenser_num":null,"cng_fill_type_code":null,"cng_has_rng":null,"cng_psi":null,"cng_renewable_source":null,"cng_total_compression":null,"cng_total_storage":null,"cng_vehicle_class":null,"e85_blender_pump":null,"e85_other_ethanol_blends":null,"ev_connector_types":["J1772"],"ev_dc_fast_num":null,"ev_level1_evse_num":null,"ev_level2_evse_num":2,"ev_network":"Blink Network","ev_network_web":"https://blinkcharging.com","ev_other_evse":null,"ev_pricing":"FREE","ev_renewable_source":null,"ev_workplace_charging":false,"hy_is_retail":null,"hy_pressures":null,"hy_standards":null,"hy_status_link":null,"lng_has_rng":null,"lng_renewable_source":null,"lng_vehicle_class":null,"lpg_nozzle_types":null,"lpg_primary":null,"ng_fill_type_code":null,"ng_psi":null,"ng_vehicle_class":null,"rd_blended_with_biodiesel":null,"rd_blends":null,"rd_blends_fr":null,"rd_max_biodiesel_level":null,"nps_unit_name":null,"access_days_time_fr":null,"intersection_directions_fr":null,"bd_blends_fr":null,"groups_with_access_code_fr":"TEMPORAIREMENT SUSPENDU (Public)","ev_pricing_fr":null,"ev_network_ids":{"station":["d0e864cf-fb2a-3dbf-1307-c00000000839"],"posts":["d9ac0aa1-4972-3e61-1307-300000009031","d9ac0aa1-4972-3e61-1307-300000012661"]}}},{"type":"Feature","geometry":{"type":"Point","coordinates":[-77.032504,38.917564]},"properties":{"access_code":"public","access_days_time":"24 hours daily","access_detail_code":"CREDIT_CARD_ALWAYS","cards_accepted":"A ANDROID_PAY APPLE_PAY CREDIT D M","date_last_confirmed":"2023-01-10","expected_date":null,"fuel_type_code":"ELEC","groups_with_access_code":"Public - Credit card at all times","id":225630,"maximum_vehicle_class":"LD","open_date":"2022-08-12","owner_type_code":"SG","restricted_access":false,"status_code":"E","funding_sources":null,"facility_type":"STATE_GOV","station_name":"Franklin D. Reeves Building","station_phone":"NA","updated_at":"2025-01-28T21:18:14Z","geocode_status":"200-9","city":"Washington","country":"US","intersection_directions":null,"plus4":null,"state":"DC","street_address":"2000 14th St NW","zip":"20009","bd_blends":null,"cng_dispenser_num":null,"cng_fill_type_code":null,"cng_has_rng":null,"cng_psi":null,"cng_renewable_source":null,"cng_total_compression":null,"cng_total_storage":null,"cng_vehicle_class":null,"e85_blender_pump":null,"e85_other_ethanol_blends":null,"ev_connector_types":["J1772"],"ev_dc_fast_num":null,"ev_level1_evse_num":null,"ev_level2_evse_num":1,"ev_network":"Non-Networked","ev_network_web":null,"ev_other_evse":null,"ev_pricing":"$1 per hr 7am-10pm; $0.50 per hr 10pm-7am","ev_renewable_source":null,"ev_workplace_charging":false,"hy_is_retail":null,"hy_pressures":null,"hy_standards":null,"hy_status_link":null,"lng_has_rng":null,"lng_renewable_source":null,"lng_vehicle_class":null,"lpg_nozzle_types":null,"lpg_primary":null,"ng_fill_type_code":null,"ng_psi":null,"ng_vehicle_class":null,"rd_blended_with_biodiesel":null,"rd_blends":null,"rd_blends_fr":null,"rd_max_biodiesel_level":null,"nps_unit_name":null,"access_days_time_fr":null,"intersection_directions_fr":null,"bd_blends_fr":null,"groups_with_access_code_fr":"Public - Carte de crédit en tout temps","ev_pricing_fr":null}},{"type":"Feature","geometry":{"type":"Point","coordinates":[-76.9957982,38.8850381]},"properties":{"access_code":"public","access_days_time":"24 hours daily","access_detail_code":null,"cards_accepted":null,"date_last_confirmed":"2025-04-23","expected_date":"2025-04-13","fuel_type_code":"ELEC","groups_with_access_code":"TEMPORARILY UNAVAILABLE (Public)","id":226157,"maximum_vehicle_class":null,"open_date":"2016-12-05","owner_type_code":null,"restricted_access":null,"status_code":"T","funding_sources":null,"facility_type":null,"station_name":"700 Penn","station_phone":"888-998-2546","updated_at":"2025-04-23T00:06:38Z","geocode_status":"GPS","city":"Washington","country":"US","intersection_directions":null,"plus4":null,"state":"DC","street_address":"700 Pennsylvania Avenue Southeast","zip":"20003","bd_blends":null,"cng_dispenser_num":null,"cng_fill_type_code":null,"cng_has_rng":null,"cng_psi":null,"cng_renewable_source":null,"cng_total_compression":null,"cng_total_storage":null,"cng_vehicle_class":null,"e85_blender_pump":null,"e85_other_ethanol_blends":null,"ev_connector_types":["J1772"],"ev_dc_fast_num":null,"ev_level1_evse_num":null,"ev_level2_evse_num":3,"ev_network":"Blink Network","ev_network_web":"https://blinkcharging.com","ev_other_evse":null,"ev_pricing":"FREE","ev_renewable_source":null,"ev_workplace_charging":false,"hy_is_retail":null,"hy_pressures":null,"hy_standards":null,"hy_status_link":null,"lng_has_rng":null,"lng_renewable_source":null,"lng_vehicle_class":null,"lpg_nozzle_types":null,"lpg_primary":null,"ng_fill_type_code":null,"ng_psi":null,"ng_vehicle_class":null,"rd_blended_with_biodiesel":null,"rd_blends":null,"rd_blends_fr":null,"rd_max_biodiesel_level":null,"nps_unit_name":null,"access_days_time_fr":null,"intersection_directions_fr":null,"bd_blends_fr":null,"groups_with_access_code_fr":"TEMPORAIREMENT SUSPENDU (Public)","ev_pricing_fr":null,"ev_network_ids":{"station":["d0e864cf-fb2a-3dbf-1307-c00000003237"],"posts":["243ace95-c023-4ff0-9e46-99d9282ae870","d9ac0aa1-4972-3e61-1307-300000044841","d9ac0aa1-4972-3e61-1307-300000176501"]}}},{"type":"Feature","geometry":{"type":"Point","coordinates":[-77.0439431,38.906607]},"properties":{"access_code":"public","access_days_time":"24 hours daily","access_detail_code":null,"cards_accepted":null,"date_last_confirmed":"2025-04-22","expected_date":null,"fuel_type_code":"ELEC","groups_with_access_code":"Public","id":227473,"maximum_vehicle_class":null,"open_date":"2017-06-06","owner_type_code":null,"restricted_access":null,"status_code":"E","funding_sources":null,"facility_type":null,"station_name":"1220 19th St","station_phone":"888-998-2546","updated_at":"2025-04-23T00:00:07Z","geocode_status":"GPS","city":"Washington","country":"US","intersection_directions":null,"plus4":null,"state":"DC","street_address":"1220 19th Street Northwest","zip":"20036","bd_blends":null,"cng_dispenser_num":null,"cng_fill_type_code":null,"cng_has_rng":null,"cng_psi":null,"cng_renewable_source":null,"cng_total_compression":null,"cng_total_storage":null,"cng_vehicle_class":null,"e85_blender_pump":null,"e85_other_ethanol_blends":null,"ev_connector_types":["J1772"],"ev_dc_fast_num":null,"ev_level1_evse_num":null,"ev_level2_evse_num":2,"ev_network":"Blink Network","ev_network_web":"https://blinkcharging.com","ev_other_evse":null,"ev_pricing":"$1.50/Hr Parking Fee","ev_renewable_source":null,"ev_workplace_charging":false,"hy_is_retail":null,"hy_pressures":null,"hy_standards":null,"hy_status_link":null,"lng_has_rng":null,"lng_renewable_source":null,"lng_vehicle_class":null,"lpg_nozzle_types":null,"lpg_primary":null,"ng_fill_type_code":null,"ng_psi":null,"ng_vehicle_class":null,"rd_blended_with_biodiesel":null,"rd_blends":null,"rd_blends_fr":null,"rd_max_biodiesel_level":null,"nps_unit_name":null,"access_days_time_fr":null,"intersection_directions_fr":null,"bd_blends_fr":null,"groups_with_access_code_fr":"Public","ev_pricing_fr":null,"ev_network_ids":{"station":["d0e864cf-fb2a-3dbf-1307-c00000002145"],"posts":["d9ac0aa1-4972-3e61-1307-300000050951","d9ac0aa1-4972-3e61-1307-300000050961"]}}},{"type":"Feature","geometry":{"type":"Point","coordinates":[-77.02415,38.90014]},"properties":{"access_code":"public","access_days_time":"24 hours daily","access_detail_code":null,"cards_accepted":null,"date_last_confirmed":"2025-04-21","expected_date":null,"fuel_type_code":"ELEC","groups_with_access_code":"Public","id":228304,"maximum_vehicle_class":null,"open_date":"2014-06-01","owner_type_code":null,"restricted_access":null,"status_code":"E","funding_sources":null,"facility_type":null,"station_name":"CityCenterDC","station_phone":"877-455-3833","updated_at":"2025-04-21T23:58:49Z","geocode_status":"GPS","city":"Washington","country":"US","intersection_directions":null,"plus4":null,"state":"DC","street_address":"830 9th St NW","zip":"20001","bd_blends":null,"cng_dispenser_num":null,"cng_fill_type_code":null,"cng_has_rng":null,"cng_psi":null,"cng_renewable_source":null,"cng_total_compression":null,"cng_total_storage":null,"cng_vehicle_class":null,"e85_blender_pump":null,"e85_other_ethanol_blends":null,"ev_connector_types":["CHADEMO","J1772COMBO"],"ev_dc_fast_num":7,"ev_level1_evse_num":null,"ev_level2_evse_num":null,"ev_network":"eVgo Network","ev_network_web":"https://www.evgo.com","ev_other_evse":null,"ev_pricing":null,"ev_renewable_source":null,"ev_workplace_charging":false,"hy_is_retail":null,"hy_pressures":null,"hy_standards":null,"hy_status_link":null,"lng_has_rng":null,"lng_renewable_source":null,"lng_vehicle_class":null,"lpg_nozzle_types":null,"lpg_primary":null,"ng_fill_type_code":null,"ng_psi":null,"ng_vehicle_class":null,"rd_blended_with_biodiesel":null,"rd_blends":null,"rd_blends_fr":null,"rd_max_biodiesel_level":null,"nps_unit_name":null,"access_days_time_fr":null,"intersection_directions_fr":null,"bd_blends_fr":null,"groups_with_access_code_fr":"Public","ev_pricing_fr":null,"ev_network_ids":{"station":["397"],"posts":["1077","50983","50985","50987","50989","7858","7860"]}}},{"type":"Feature","geometry":{"type":"Point","coordinates":[-77.014524,38.9271737]},"properties":{"access_code":"public","access_days_time":"24 hours daily","access_detail_code":null,"cards_accepted":null,"date_last_confirmed":"2025-04-23","expected_date":null,"fuel_type_code":"ELEC","groups_with_access_code":"Public","id":228916,"maximum_vehicle_class":null,"open_date":"2021-01-25","owner_type_code":null,"restricted_access":null,"status_code":"E","funding_sources":null,"facility_type":null,"station_name":"Sheikh Zayed Campus (SZ)","station_phone":"888-998-2546","updated_at":"2025-04-23T00:37:29Z","geocode_status":"GPS","city":"Washington","country":"US","intersection_directions":null,"plus4":null,"state":"DC","street_address":"111 Michigan Avenue","zip":"20010","bd_blends":null,"cng_dispenser_num":null,"cng_fill_type_code":null,"cng_has_rng":null,"cng_psi":null,"cng_renewable_source":null,"cng_total_compression":null,"cng_total_storage":null,"cng_vehicle_class":null,"e85_blender_pump":null,"e85_other_ethanol_blends":null,"ev_connector_types":["J1772"],"ev_dc_fast_num":null,"ev_level1_evse_num":null,"ev_level2_evse_num":17,"ev_network":"Blink Network","ev_network_web":"https://blinkcharging.com","ev_other_evse":null,"ev_pricing":"FREE","ev_renewable_source":null,"ev_workplace_charging":false,"hy_is_retail":null,"hy_pressures":null,"hy_standards":null,"hy_status_link":null,"lng_has_rng":null,"lng_renewable_source":null,"lng_vehicle_class":null,"lpg_nozzle_types":null,"lpg_primary":null,"ng_fill_type_code":null,"ng_psi":null,"ng_vehicle_class":null,"rd_blended_with_biodiesel":null,"rd_blends":null,"rd_blends_fr":null,"rd_max_biodiesel_level":null,"nps_unit_name":null,"access_days_time_fr":null,"intersection_directions_fr":null,"bd_blends_fr":null,"groups_with_access_code_fr":"Public","ev_pricing_fr":null,"ev_network_ids":{"station":["d0e864cf-fb2a-3dbf-1307-c00000005813"],"posts":["3e7c5ced-110e-4a76-aa20-b7a75d14366f","d4c82ce2-b544-4316-99ba-1ee5333fb2e6","d6fd86cd-d2ca-4fdd-8cd3-5ec1f7b56336","d9ac0aa1-4972-3e61-1307-300000127791","d9ac0aa1-4972-3e61-1307-300000127801","d9ac0aa1-4972-3e61-1307-300000127811","d9ac0aa1-4972-3e61-1307-300000127831","d9ac0aa1-4972-3e61-1307-300000127841","d9ac0aa1-4972-3e61-1307-300000127851","d9ac0aa1-4972-3e61-1307-300000127861","d9ac0aa1-4972-3e61-1307-300000127871","d9ac0aa1-4972-3e61-1307-300000127891","d9ac0aa1-4972-3e61-1307-300000127911","d9ac0aa1-4972-3e61-1307-300000127921","d9ac0aa1-4972-3e61-1307-300000162081","d9ac0aa1-4972-3e61-1307-300000162091","d9ac0aa1-4972-3e61-1307-300000162121"]}}},{"type":"Feature","geometry":{"type":"Point","coordinates":[-77.073617,38.934392]},"properties":{"access_code":"public","access_days_time":"Mon 6:00am - 11:59pm; Tue 6:00am - 11:59pm; Wed 6:00am - 11:59pm; Thu 6:00am - 11:59pm; Fri 6:00am - 11:59pm; Sat 6:00am - 11:59pm; Sun 6:00am - 11:59pm","access_detail_code":null,"cards_accepted":null,"date_last_confirmed":"2025-04-23","expected_date":null,"fuel_type_code":"ELEC","groups_with_access_code":"Public","id":229354,"maximum_vehicle_class":"LD","open_date":"2022-08-15","owner_type_code":null,"restricted_access":false,"status_code":"E","funding_sources":null,"facility_type":null,"station_name":"Giant Food - Wisconsin Ave 3336 WDC","station_phone":"855-900-7584","updated_at":"2025-04-23T02:54:30Z","geocode_status":"GPS","city":"Washington","country":"US","intersection_directions":null,"plus4":null,"state":"DC","street_address":"3336 Wisconsin Ave., NW","zip":"20016","bd_blends":null,"cng_dispenser_num":null,"cng_fill_type_code":null,"cng_has_rng":null,"cng_psi":null,"cng_renewable_source":null,"cng_total_compression":null,"cng_total_storage":null,"cng_vehicle_class":null,"e85_blender_pump":null,"e85_other_ethanol_blends":null,"ev_connector_types":["J1772"],"ev_dc_fast_num":null,"ev_level1_evse_num":null,"ev_level2_evse_num":2,"ev_network":"SHELL_RECHARGE","ev_network_web":"https://www.shell.us/motorist/electric-vehicle-charging.html","ev_other_evse":null,"ev_pricing":null,"ev_renewable_source":null,"ev_workplace_charging":false,"hy_is_retail":null,"hy_pressures":null,"hy_standards":null,"hy_status_link":null,"lng_has_rng":null,"lng_renewable_source":null,"lng_vehicle_class":null,"lpg_nozzle_types":null,"lpg_primary":null,"ng_fill_type_code":null,"ng_psi":null,"ng_vehicle_class":null,"rd_blended_with_biodiesel":null,"rd_blends":null,"rd_blends_fr":null,"rd_max_biodiesel_level":null,"nps_unit_name":null,"access_days_time_fr":null,"intersection_directions_fr":null,"bd_blends_fr":null,"groups_with_access_code_fr":"Public","ev_pricing_fr":null,"ev_network_ids":{"station":["5309"],"posts":["2F96-01","2F96-02"]}}},{"type":"Feature","geometry":{"type":"Point","coordinates":[-77.035223,38.904943]},"properties":{"access_code":"public","access_days_time":"Contact station for hours of availability.","access_detail_code":"CREDIT_CARD_ALWAYS","cards_accepted":"A ANDROID_PAY APPLE_PAY CREDIT D M","date_last_confirmed":"2022-10-11","expected_date":null,"fuel_type_code":"ELEC","groups_with_access_code":"Public - Credit card at all times","id":229573,"maximum_vehicle_class":"LD","open_date":"2022-09-15","owner_type_code":"P","restricted_access":false,"status_code":"E","funding_sources":null,"facility_type":"PARKING_GARAGE","station_name":"1152 15th St NW","station_phone":"833-692-6787","updated_at":"2023-02-14T15:54:11Z","geocode_status":"200-9","city":"Washington","country":"US","intersection_directions":null,"plus4":null,"state":"DC","street_address":"1152 15th St NW","zip":"20005","bd_blends":null,"cng_dispenser_num":null,"cng_fill_type_code":null,"cng_has_rng":null,"cng_psi":null,"cng_renewable_source":null,"cng_total_compression":null,"cng_total_storage":null,"cng_vehicle_class":null,"e85_blender_pump":null,"e85_other_ethanol_blends":null,"ev_connector_types":["J1772"],"ev_dc_fast_num":null,"ev_level1_evse_num":null,"ev_level2_evse_num":2,"ev_network":"AMPUP","ev_network_web":"https://ampup.io","ev_other_evse":null,"ev_pricing":null,"ev_renewable_source":null,"ev_workplace_charging":false,"hy_is_retail":null,"hy_pressures":null,"hy_standards":null,"hy_status_link":null,"lng_has_rng":null,"lng_renewable_source":null,"lng_vehicle_class":null,"lpg_nozzle_types":null,"lpg_primary":null,"ng_fill_type_code":null,"ng_psi":null,"ng_vehicle_class":null,"rd_blended_with_biodiesel":null,"rd_blends":null,"rd_blends_fr":null,"rd_max_biodiesel_level":null,"nps_unit_name":null,"access_days_time_fr":null,"intersection_directions_fr":null,"bd_blends_fr":null,"groups_with_access_code_fr":"Public - Carte de crédit en tout temps","ev_pricing_fr":null}},{"type":"Feature","geometry":{"type":"Point","coordinates":[-76.97956,38.91735]},"properties":{"access_code":"public","access_days_time":"Contact station for hours of availability","access_detail_code":"CREDIT_CARD_ALWAYS","cards_accepted":"A ANDROID_PAY APPLE_PAY CREDIT D M","date_last_confirmed":"2022-11-10","expected_date":null,"fuel_type_code":"ELEC","groups_with_access_code":"Public - Credit card at all times","id":229574,"maximum_vehicle_class":"LD","open_date":"2022-09-15","owner_type_code":"P","restricted_access":false,"status_code":"E","funding_sources":null,"facility_type":"OFFICE_BLDG","station_name":"1700 NY Ave NW","station_phone":"833-692-6787","updated_at":"2023-02-14T15:54:11Z","geocode_status":"200-8","city":"Washington","country":"US","intersection_directions":null,"plus4":null,"state":"DC","street_address":"1700 New York Ave NE","zip":"20002","bd_blends":null,"cng_dispenser_num":null,"cng_fill_type_code":null,"cng_has_rng":null,"cng_psi":null,"cng_renewable_source":null,"cng_total_compression":null,"cng_total_storage":null,"cng_vehicle_class":null,"e85_blender_pump":null,"e85_other_ethanol_blends":null,"ev_connector_types":["J1772"],"ev_dc_fast_num":null,"ev_level1_evse_num":null,"ev_level2_evse_num":2,"ev_network":"AMPUP","ev_network_web":"https://ampup.io","ev_other_evse":null,"ev_pricing":null,"ev_renewable_source":null,"ev_workplace_charging":false,"hy_is_retail":null,"hy_pressures":null,"hy_standards":null,"hy_status_link":null,"lng_has_rng":null,"lng_renewable_source":null,"lng_vehicle_class":null,"lpg_nozzle_types":null,"lpg_primary":null,"ng_fill_type_code":null,"ng_psi":null,"ng_vehicle_class":null,"rd_blended_with_biodiesel":null,"rd_blends":null,"rd_blends_fr":null,"rd_max_biodiesel_level":null,"nps_unit_name":null,"access_days_time_fr":null,"intersection_directions_fr":null,"bd_blends_fr":null,"groups_with_access_code_fr":"Public - Carte de crédit en tout temps","ev_pricing_fr":null}},{"type":"Feature","geometry":{"type":"Point","coordinates":[-77.045258,38.90152]},"properties":{"access_code":"public","access_days_time":"Contact station for hours of availability.","access_detail_code":"CREDIT_CARD_ALWAYS","cards_accepted":"A ANDROID_PAY APPLE_PAY CREDIT D M","date_last_confirmed":"2022-10-11","expected_date":null,"fuel_type_code":"ELEC","groups_with_access_code":"Public - Credit card at all times","id":229575,"maximum_vehicle_class":"LD","open_date":"2022-09-15","owner_type_code":"P","restricted_access":false,"status_code":"E","funding_sources":null,"facility_type":"PARKING_GARAGE","station_name":"2001 Penn Ave NW","station_phone":"833-692-6787","updated_at":"2023-02-14T15:54:11Z","geocode_status":"200-9","city":"Washington","country":"US","intersection_directions":null,"plus4":null,"state":"DC","street_address":"2001 Pennsylvania Ave NW","zip":"20006","bd_blends":null,"cng_dispenser_num":null,"cng_fill_type_code":null,"cng_has_rng":null,"cng_psi":null,"cng_renewable_source":null,"cng_total_compression":null,"cng_total_storage":null,"cng_vehicle_class":null,"e85_blender_pump":null,"e85_other_ethanol_blends":null,"ev_connector_types":["J1772"],"ev_dc_fast_num":null,"ev_level1_evse_num":null,"ev_level2_evse_num":2,"ev_network":"AMPUP","ev_network_web":"https://ampup.io","ev_other_evse":null,"ev_pricing":null,"ev_renewable_source":null,"ev_workplace_charging":false,"hy_is_retail":null,"hy_pressures":null,"hy_standards":null,"hy_status_link":null,"lng_has_rng":null,"lng_renewable_source":null,"lng_vehicle_class":null,"lpg_nozzle_types":null,"lpg_primary":null,"ng_fill_type_code":null,"ng_psi":null,"ng_vehicle_class":null,"rd_blended_with_biodiesel":null,"rd_blends":null,"rd_blends_fr":null,"rd_max_biodiesel_level":null,"nps_unit_name":null,"access_days_time_fr":null,"intersection_directions_fr":null,"bd_blends_fr":null,"groups_with_access_code_fr":"Public - Carte de crédit en tout temps","ev_pricing_fr":null}},{"type":"Feature","geometry":{"type":"Point","coordinates":[-77.011767,38.905509]},"properties":{"access_code":"public","access_days_time":"Contact station for hours of availability.","access_detail_code":"CREDIT_CARD_ALWAYS","cards_accepted":"A ANDROID_PAY APPLE_PAY CREDIT D M","date_last_confirmed":"2022-10-11","expected_date":null,"fuel_type_code":"ELEC","groups_with_access_code":"Public - Credit card at all times","id":229576,"maximum_vehicle_class":"LD","open_date":"2022-09-15","owner_type_code":"P","restricted_access":false,"status_code":"E","funding_sources":null,"facility_type":"PARKING_GARAGE","station_name":"80 M St NW","station_phone":"833-692-6787","updated_at":"2023-02-14T15:54:11Z","geocode_status":"200-9","city":"Washington","country":"US","intersection_directions":null,"plus4":null,"state":"DC","street_address":"80 M St NW","zip":"20001","bd_blends":null,"cng_dispenser_num":null,"cng_fill_type_code":null,"cng_has_rng":null,"cng_psi":null,"cng_renewable_source":null,"cng_total_compression":null,"cng_total_storage":null,"cng_vehicle_class":null,"e85_blender_pump":null,"e85_other_ethanol_blends":null,"ev_connector_types":["J1772"],"ev_dc_fast_num":null,"ev_level1_evse_num":null,"ev_level2_evse_num":2,"ev_network":"AMPUP","ev_network_web":"https://ampup.io","ev_other_evse":null,"ev_pricing":null,"ev_renewable_source":null,"ev_workplace_charging":false,"hy_is_retail":null,"hy_pressures":null,"hy_standards":null,"hy_status_link":null,"lng_has_rng":null,"lng_renewable_source":null,"lng_vehicle_class":null,"lpg_nozzle_types":null,"lpg_primary":null,"ng_fill_type_code":null,"ng_psi":null,"ng_vehicle_class":null,"rd_blended_with_biodiesel":null,"rd_blends":null,"rd_blends_fr":null,"rd_max_biodiesel_level":null,"nps_unit_name":null,"access_days_time_fr":null,"intersection_directions_fr":null,"bd_blends_fr":null,"groups_with_access_code_fr":"Public - Carte de crédit en tout temps","ev_pricing_fr":null}},{"type":"Feature","geometry":{"type":"Point","coordinates":[-77.037466,38.903983]},"properties":{"access_code":"public","access_days_time":"Contact station for hours of availability.","access_detail_code":"CREDIT_CARD_ALWAYS","cards_accepted":"A ANDROID_PAY APPLE_PAY CREDIT D M","date_last_confirmed":"2022-10-11","expected_date":null,"fuel_type_code":"ELEC","groups_with_access_code":"Public - Credit card at all times","id":229577,"maximum_vehicle_class":"LD","open_date":"2022-09-15","owner_type_code":"P","restricted_access":false,"status_code":"E","funding_sources":null,"facility_type":"PARKING_GARAGE","station_name":"1615 L St","station_phone":"833-692-6787","updated_at":"2023-02-14T15:54:11Z","geocode_status":"200-9","city":"Washington","country":"US","intersection_directions":null,"plus4":null,"state":"DC","street_address":"1615 L St NW","zip":"20036","bd_blends":null,"cng_dispenser_num":null,"cng_fill_type_code":null,"cng_has_rng":null,"cng_psi":null,"cng_renewable_source":null,"cng_total_compression":null,"cng_total_storage":null,"cng_vehicle_class":null,"e85_blender_pump":null,"e85_other_ethanol_blends":null,"ev_connector_types":["J1772"],"ev_dc_fast_num":null,"ev_level1_evse_num":null,"ev_level2_evse_num":4,"ev_network":"AMPUP","ev_network_web":"https://ampup.io","ev_other_evse":null,"ev_pricing":null,"ev_renewable_source":null,"ev_workplace_charging":false,"hy_is_retail":null,"hy_pressures":null,"hy_standards":null,"hy_status_link":null,"lng_has_rng":null,"lng_renewable_source":null,"lng_vehicle_class":null,"lpg_nozzle_types":null,"lpg_primary":null,"ng_fill_type_code":null,"ng_psi":null,"ng_vehicle_class":null,"rd_blended_with_biodiesel":null,"rd_blends":null,"rd_blends_fr":null,"rd_max_biodiesel_level":null,"nps_unit_name":null,"access_days_time_fr":null,"intersection_directions_fr":null,"bd_blends_fr":null,"groups_with_access_code_fr":"Public - Carte de crédit en tout temps","ev_pricing_fr":null}},{"type":"Feature","geometry":{"type":"Point","coordinates":[-77.000326,38.908829]},"properties":{"access_code":"public","access_days_time":"Contact station for hours of availability.","access_detail_code":"CREDIT_CARD_ALWAYS","cards_accepted":"A ANDROID_PAY APPLE_PAY CREDIT D M","date_last_confirmed":"2022-10-11","expected_date":null,"fuel_type_code":"ELEC","groups_with_access_code":"Public - Credit card at all times","id":229578,"maximum_vehicle_class":"LD","open_date":"2022-09-15","owner_type_code":"P","restricted_access":false,"status_code":"E","funding_sources":null,"facility_type":"PARKING_GARAGE","station_name":"350 Morse St","station_phone":"833-692-6787","updated_at":"2023-02-14T15:54:11Z","geocode_status":"200-9","city":"Washington","country":"US","intersection_directions":null,"plus4":null,"state":"DC","street_address":"350 Morse St NE","zip":"20002","bd_blends":null,"cng_dispenser_num":null,"cng_fill_type_code":null,"cng_has_rng":null,"cng_psi":null,"cng_renewable_source":null,"cng_total_compression":null,"cng_total_storage":null,"cng_vehicle_class":null,"e85_blender_pump":null,"e85_other_ethanol_blends":null,"ev_connector_types":["J1772"],"ev_dc_fast_num":null,"ev_level1_evse_num":null,"ev_level2_evse_num":8,"ev_network":"AMPUP","ev_network_web":"https://ampup.io","ev_other_evse":null,"ev_pricing":null,"ev_renewable_source":null,"ev_workplace_charging":false,"hy_is_retail":null,"hy_pressures":null,"hy_standards":null,"hy_status_link":null,"lng_has_rng":null,"lng_renewable_source":null,"lng_vehicle_class":null,"lpg_nozzle_types":null,"lpg_primary":null,"ng_fill_type_code":null,"ng_psi":null,"ng_vehicle_class":null,"rd_blended_with_biodiesel":null,"rd_blends":null,"rd_blends_fr":null,"rd_max_biodiesel_level":null,"nps_unit_name":null,"access_days_time_fr":null,"intersection_directions_fr":null,"bd_blends_fr":null,"groups_with_access_code_fr":"Public - Carte de crédit en tout temps","ev_pricing_fr":null}},{"type":"Feature","geometry":{"type":"Point","coordinates":[-77.028774,38.896954]},"properties":{"access_code":"public","access_days_time":"Contact station for hours of availability.","access_detail_code":"CREDIT_CARD_ALWAYS","cards_accepted":"A ANDROID_PAY APPLE_PAY CREDIT D M","date_last_confirmed":"2022-10-11","expected_date":null,"fuel_type_code":"ELEC","groups_with_access_code":"Public - Credit card at all times","id":229579,"maximum_vehicle_class":"LD","open_date":"2022-09-15","owner_type_code":"P","restricted_access":false,"status_code":"E","funding_sources":null,"facility_type":"PARKING_GARAGE","station_name":"Hines - Columbia Square","station_phone":"833-692-6787","updated_at":"2023-02-14T15:54:11Z","geocode_status":"200-9","city":"Washington","country":"US","intersection_directions":null,"plus4":null,"state":"DC","street_address":"555 13th St NW","zip":"20004","bd_blends":null,"cng_dispenser_num":null,"cng_fill_type_code":null,"cng_has_rng":null,"cng_psi":null,"cng_renewable_source":null,"cng_total_compression":null,"cng_total_storage":null,"cng_vehicle_class":null,"e85_blender_pump":null,"e85_other_ethanol_blends":null,"ev_connector_types":["J1772"],"ev_dc_fast_num":null,"ev_level1_evse_num":null,"ev_level2_evse_num":8,"ev_network":"AMPUP","ev_network_web":"https://ampup.io","ev_other_evse":null,"ev_pricing":null,"ev_renewable_source":null,"ev_workplace_charging":false,"hy_is_retail":null,"hy_pressures":null,"hy_standards":null,"hy_status_link":null,"lng_has_rng":null,"lng_renewable_source":null,"lng_vehicle_class":null,"lpg_nozzle_types":null,"lpg_primary":null,"ng_fill_type_code":null,"ng_psi":null,"ng_vehicle_class":null,"rd_blended_with_biodiesel":null,"rd_blends":null,"rd_blends_fr":null,"rd_max_biodiesel_level":null,"nps_unit_name":null,"access_days_time_fr":null,"intersection_directions_fr":null,"bd_blends_fr":null,"groups_with_access_code_fr":"Public - Carte de crédit en tout temps","ev_pricing_fr":null}},{"type":"Feature","geometry":{"type":"Point","coordinates":[-77.025207,38.902893]},"properties":{"access_code":"public","access_days_time":"Contact station for hours of availability.","access_detail_code":"CREDIT_CARD_ALWAYS","cards_accepted":"A ANDROID_PAY APPLE_PAY CREDIT D M","date_last_confirmed":"2022-10-11","expected_date":null,"fuel_type_code":"ELEC","groups_with_access_code":"Public - Credit card at all times","id":229580,"maximum_vehicle_class":"LD","open_date":"2022-09-15","owner_type_code":"P","restricted_access":false,"status_code":"E","funding_sources":null,"facility_type":"PARKING_GARAGE","station_name":"901 K St NW","station_phone":"833-692-6787","updated_at":"2023-02-14T15:54:11Z","geocode_status":"200-9","city":"Washington","country":"US","intersection_directions":null,"plus4":null,"state":"DC","street_address":"901 K St NW","zip":"20001","bd_blends":null,"cng_dispenser_num":null,"cng_fill_type_code":null,"cng_has_rng":null,"cng_psi":null,"cng_renewable_source":null,"cng_total_compression":null,"cng_total_storage":null,"cng_vehicle_class":null,"e85_blender_pump":null,"e85_other_ethanol_blends":null,"ev_connector_types":["J1772"],"ev_dc_fast_num":null,"ev_level1_evse_num":null,"ev_level2_evse_num":8,"ev_network":"AMPUP","ev_network_web":"https://ampup.io","ev_other_evse":null,"ev_pricing":null,"ev_renewable_source":null,"ev_workplace_charging":false,"hy_is_retail":null,"hy_pressures":null,"hy_standards":null,"hy_status_link":null,"lng_has_rng":null,"lng_renewable_source":null,"lng_vehicle_class":null,"lpg_nozzle_types":null,"lpg_primary":null,"ng_fill_type_code":null,"ng_psi":null,"ng_vehicle_class":null,"rd_blended_with_biodiesel":null,"rd_blends":null,"rd_blends_fr":null,"rd_max_biodiesel_level":null,"nps_unit_name":null,"access_days_time_fr":null,"intersection_directions_fr":null,"bd_blends_fr":null,"groups_with_access_code_fr":"Public - Carte de crédit en tout temps","ev_pricing_fr":null}},{"type":"Feature","geometry":{"type":"Point","coordinates":[-76.998427,38.907427]},"properties":{"access_code":"public","access_days_time":"Contact station for hours of availability.","access_detail_code":"CREDIT_CARD_ALWAYS","cards_accepted":"A ANDROID_PAY APPLE_PAY CREDIT D M","date_last_confirmed":"2022-10-11","expected_date":null,"fuel_type_code":"ELEC","groups_with_access_code":"Public - Credit card at all times","id":229581,"maximum_vehicle_class":"LD","open_date":"2022-09-15","owner_type_code":"P","restricted_access":false,"status_code":"E","funding_sources":null,"facility_type":"MULTI_UNIT_DWELLING","station_name":"500 Morse","station_phone":"833-692-6787","updated_at":"2023-02-14T15:54:11Z","geocode_status":"200-9","city":"Washington","country":"US","intersection_directions":null,"plus4":null,"state":"DC","street_address":"500 Morse St NE","zip":"20002","bd_blends":null,"cng_dispenser_num":null,"cng_fill_type_code":null,"cng_has_rng":null,"cng_psi":null,"cng_renewable_source":null,"cng_total_compression":null,"cng_total_storage":null,"cng_vehicle_class":null,"e85_blender_pump":null,"e85_other_ethanol_blends":null,"ev_connector_types":["J1772"],"ev_dc_fast_num":null,"ev_level1_evse_num":null,"ev_level2_evse_num":10,"ev_network":"AMPUP","ev_network_web":"https://ampup.io","ev_other_evse":null,"ev_pricing":null,"ev_renewable_source":null,"ev_workplace_charging":false,"hy_is_retail":null,"hy_pressures":null,"hy_standards":null,"hy_status_link":null,"lng_has_rng":null,"lng_renewable_source":null,"lng_vehicle_class":null,"lpg_nozzle_types":null,"lpg_primary":null,"ng_fill_type_code":null,"ng_psi":null,"ng_vehicle_class":null,"rd_blended_with_biodiesel":null,"rd_blends":null,"rd_blends_fr":null,"rd_max_biodiesel_level":null,"nps_unit_name":null,"access_days_time_fr":null,"intersection_directions_fr":null,"bd_blends_fr":null,"groups_with_access_code_fr":"Public - Carte de crédit en tout temps","ev_pricing_fr":null}},{"type":"Feature","geometry":{"type":"Point","coordinates":[-77.006186,38.878881]},"properties":{"access_code":"public","access_days_time":"Contact station for hours of availability.","access_detail_code":"CREDIT_CARD_ALWAYS","cards_accepted":"A ANDROID_PAY APPLE_PAY CREDIT D M","date_last_confirmed":"2022-10-11","expected_date":null,"fuel_type_code":"ELEC","groups_with_access_code":"Public - Credit card at all times","id":230186,"maximum_vehicle_class":"LD","open_date":"2022-09-15","owner_type_code":"P","restricted_access":false,"status_code":"E","funding_sources":null,"facility_type":"MULTI_UNIT_DWELLING","station_name":"One Parking","station_phone":"833-692-6787","updated_at":"2023-02-14T15:54:11Z","geocode_status":"200-9","city":"Washington","country":"US","intersection_directions":null,"plus4":null,"state":"DC","street_address":"949 First St SE","zip":"20003","bd_blends":null,"cng_dispenser_num":null,"cng_fill_type_code":null,"cng_has_rng":null,"cng_psi":null,"cng_renewable_source":null,"cng_total_compression":null,"cng_total_storage":null,"cng_vehicle_class":null,"e85_blender_pump":null,"e85_other_ethanol_blends":null,"ev_connector_types":["J1772"],"ev_dc_fast_num":null,"ev_level1_evse_num":null,"ev_level2_evse_num":10,"ev_network":"AMPUP","ev_network_web":"https://ampup.io","ev_other_evse":null,"ev_pricing":null,"ev_renewable_source":null,"ev_workplace_charging":false,"hy_is_retail":null,"hy_pressures":null,"hy_standards":null,"hy_status_link":null,"lng_has_rng":null,"lng_renewable_source":null,"lng_vehicle_class":null,"lpg_nozzle_types":null,"lpg_primary":null,"ng_fill_type_code":null,"ng_psi":null,"ng_vehicle_class":null,"rd_blended_with_biodiesel":null,"rd_blends":null,"rd_blends_fr":null,"rd_max_biodiesel_level":null,"nps_unit_name":null,"access_days_time_fr":null,"intersection_directions_fr":null,"bd_blends_fr":null,"groups_with_access_code_fr":"Public - Carte de crédit en tout temps","ev_pricing_fr":null}},{"type":"Feature","geometry":{"type":"Point","coordinates":[-77.045393,38.902942]},"properties":{"access_code":"public","access_days_time":"Contact station for hours of availability.","access_detail_code":"CREDIT_CARD_ALWAYS","cards_accepted":"A ANDROID_PAY APPLE_PAY CREDIT D M","date_last_confirmed":"2022-10-11","expected_date":null,"fuel_type_code":"ELEC","groups_with_access_code":"Public - Credit card at all times","id":230193,"maximum_vehicle_class":"LD","open_date":"2022-09-15","owner_type_code":"P","restricted_access":false,"status_code":"E","funding_sources":null,"facility_type":"PARKING_GARAGE","station_name":"RockRose Dev Corp","station_phone":"833-692-6787","updated_at":"2023-02-14T15:54:11Z","geocode_status":"200-9","city":"Washington","country":"US","intersection_directions":null,"plus4":null,"state":"DC","street_address":"2001 K St NW","zip":"20006","bd_blends":null,"cng_dispenser_num":null,"cng_fill_type_code":null,"cng_has_rng":null,"cng_psi":null,"cng_renewable_source":null,"cng_total_compression":null,"cng_total_storage":null,"cng_vehicle_class":null,"e85_blender_pump":null,"e85_other_ethanol_blends":null,"ev_connector_types":["J1772"],"ev_dc_fast_num":null,"ev_level1_evse_num":null,"ev_level2_evse_num":6,"ev_network":"AMPUP","ev_network_web":"https://ampup.io","ev_other_evse":null,"ev_pricing":null,"ev_renewable_source":null,"ev_workplace_charging":false,"hy_is_retail":null,"hy_pressures":null,"hy_standards":null,"hy_status_link":null,"lng_has_rng":null,"lng_renewable_source":null,"lng_vehicle_class":null,"lpg_nozzle_types":null,"lpg_primary":null,"ng_fill_type_code":null,"ng_psi":null,"ng_vehicle_class":null,"rd_blended_with_biodiesel":null,"rd_blends":null,"rd_blends_fr":null,"rd_max_biodiesel_level":null,"nps_unit_name":null,"access_days_time_fr":null,"intersection_directions_fr":null,"bd_blends_fr":null,"groups_with_access_code_fr":"Public - Carte de crédit en tout temps","ev_pricing_fr":null}},{"type":"Feature","geometry":{"type":"Point","coordinates":[-77.000427,38.908325]},"properties":{"access_code":"public","access_days_time":"Contact station for hours of availability.","access_detail_code":"CREDIT_CARD_ALWAYS","cards_accepted":"A ANDROID_PAY APPLE_PAY CREDIT D M","date_last_confirmed":"2022-10-11","expected_date":null,"fuel_type_code":"ELEC","groups_with_access_code":"Public - Credit card at all times","id":230421,"maximum_vehicle_class":"LD","open_date":"2022-09-15","owner_type_code":"P","restricted_access":false,"status_code":"E","funding_sources":null,"facility_type":"MULTI_UNIT_DWELLING","station_name":"The Gantry","station_phone":"833-692-6787","updated_at":"2023-02-14T15:54:11Z","geocode_status":"200-9","city":"Washington","country":"US","intersection_directions":null,"plus4":null,"state":"DC","street_address":"300 Morse St NE","zip":"20002","bd_blends":null,"cng_dispenser_num":null,"cng_fill_type_code":null,"cng_has_rng":null,"cng_psi":null,"cng_renewable_source":null,"cng_total_compression":null,"cng_total_storage":null,"cng_vehicle_class":null,"e85_blender_pump":null,"e85_other_ethanol_blends":null,"ev_connector_types":["J1772"],"ev_dc_fast_num":null,"ev_level1_evse_num":null,"ev_level2_evse_num":14,"ev_network":"AMPUP","ev_network_web":"https://ampup.io","ev_other_evse":null,"ev_pricing":null,"ev_renewable_source":null,"ev_workplace_charging":false,"hy_is_retail":null,"hy_pressures":null,"hy_standards":null,"hy_status_link":null,"lng_has_rng":null,"lng_renewable_source":null,"lng_vehicle_class":null,"lpg_nozzle_types":null,"lpg_primary":null,"ng_fill_type_code":null,"ng_psi":null,"ng_vehicle_class":null,"rd_blended_with_biodiesel":null,"rd_blends":null,"rd_blends_fr":null,"rd_max_biodiesel_level":null,"nps_unit_name":null,"access_days_time_fr":null,"intersection_directions_fr":null,"bd_blends_fr":null,"groups_with_access_code_fr":"Public - Carte de crédit en tout temps","ev_pricing_fr":null}},{"type":"Feature","geometry":{"type":"Point","coordinates":[-77.02249,38.893963]},"properties":{"access_code":"public","access_days_time":"Contact station for hours of availability.","access_detail_code":"CREDIT_CARD_ALWAYS","cards_accepted":"A ANDROID_PAY APPLE_PAY CREDIT D M","date_last_confirmed":"2022-10-11","expected_date":null,"fuel_type_code":"ELEC","groups_with_access_code":"Public - Credit card at all times","id":230441,"maximum_vehicle_class":"LD","open_date":"2022-09-15","owner_type_code":"P","restricted_access":false,"status_code":"E","funding_sources":null,"facility_type":"MUNI_GOV","station_name":"WMATA HQ","station_phone":"833-692-6787","updated_at":"2024-09-06T13:52:11Z","geocode_status":"200-9","city":"Washington","country":"US","intersection_directions":null,"plus4":null,"state":"DC","street_address":"300 7th St NW","zip":"20004","bd_blends":null,"cng_dispenser_num":null,"cng_fill_type_code":null,"cng_has_rng":null,"cng_psi":null,"cng_renewable_source":null,"cng_total_compression":null,"cng_total_storage":null,"cng_vehicle_class":null,"e85_blender_pump":null,"e85_other_ethanol_blends":null,"ev_connector_types":["J1772"],"ev_dc_fast_num":null,"ev_level1_evse_num":null,"ev_level2_evse_num":4,"ev_network":"AMPUP","ev_network_web":"https://ampup.io","ev_other_evse":null,"ev_pricing":null,"ev_renewable_source":null,"ev_workplace_charging":false,"hy_is_retail":null,"hy_pressures":null,"hy_standards":null,"hy_status_link":null,"lng_has_rng":null,"lng_renewable_source":null,"lng_vehicle_class":null,"lpg_nozzle_types":null,"lpg_primary":null,"ng_fill_type_code":null,"ng_psi":null,"ng_vehicle_class":null,"rd_blended_with_biodiesel":null,"rd_blends":null,"rd_blends_fr":null,"rd_max_biodiesel_level":null,"nps_unit_name":"Pennsylvania Avenue National Historic Site","access_days_time_fr":null,"intersection_directions_fr":null,"bd_blends_fr":null,"groups_with_access_code_fr":"Public - Carte de crédit en tout temps","ev_pricing_fr":null}},{"type":"Feature","geometry":{"type":"Point","coordinates":[-77.043079,38.902913]},"properties":{"access_code":"private","access_days_time":"Contact station for hours of availability.","access_detail_code":null,"cards_accepted":null,"date_last_confirmed":"2023-08-10","expected_date":null,"fuel_type_code":"ELEC","groups_with_access_code":"Private","id":230659,"maximum_vehicle_class":"LD","open_date":"2022-09-15","owner_type_code":"P","restricted_access":null,"status_code":"E","funding_sources":null,"facility_type":"PARKING_GARAGE","station_name":"1875 K St NW","station_phone":null,"updated_at":"2024-01-31T22:07:01Z","geocode_status":"200-9","city":"Washington","country":"US","intersection_directions":null,"plus4":null,"state":"DC","street_address":"1875 K St NW","zip":"20006","bd_blends":null,"cng_dispenser_num":null,"cng_fill_type_code":null,"cng_has_rng":null,"cng_psi":null,"cng_renewable_source":null,"cng_total_compression":null,"cng_total_storage":null,"cng_vehicle_class":null,"e85_blender_pump":null,"e85_other_ethanol_blends":null,"ev_connector_types":["J1772"],"ev_dc_fast_num":null,"ev_level1_evse_num":null,"ev_level2_evse_num":2,"ev_network":"AMPUP","ev_network_web":"https://ampup.io","ev_other_evse":null,"ev_pricing":null,"ev_renewable_source":null,"ev_workplace_charging":false,"hy_is_retail":null,"hy_pressures":null,"hy_standards":null,"hy_status_link":null,"lng_has_rng":null,"lng_renewable_source":null,"lng_vehicle_class":null,"lpg_nozzle_types":null,"lpg_primary":null,"ng_fill_type_code":null,"ng_psi":null,"ng_vehicle_class":null,"rd_blended_with_biodiesel":null,"rd_blends":null,"rd_blends_fr":null,"rd_max_biodiesel_level":null,"nps_unit_name":null,"access_days_time_fr":null,"intersection_directions_fr":null,"bd_blends_fr":null,"groups_with_access_code_fr":"Privé","ev_pricing_fr":null}},{"type":"Feature","geometry":{"type":"Point","coordinates":[-77.0252236,38.9019902]},"properties":{"access_code":"public","access_days_time":"24 hours daily","access_detail_code":null,"cards_accepted":null,"date_last_confirmed":"2025-04-23","expected_date":null,"fuel_type_code":"ELEC","groups_with_access_code":"Public","id":233109,"maximum_vehicle_class":null,"open_date":"2022-08-16","owner_type_code":null,"restricted_access":null,"status_code":"E","funding_sources":null,"facility_type":null,"station_name":"NYA90","station_phone":"888-998-2546","updated_at":"2025-04-23T00:21:48Z","geocode_status":"GPS","city":"Washington","country":"US","intersection_directions":null,"plus4":null,"state":"DC","street_address":"901 New York Ave. NW","zip":"20001","bd_blends":null,"cng_dispenser_num":null,"cng_fill_type_code":null,"cng_has_rng":null,"cng_psi":null,"cng_renewable_source":null,"cng_total_compression":null,"cng_total_storage":null,"cng_vehicle_class":null,"e85_blender_pump":null,"e85_other_ethanol_blends":null,"ev_connector_types":["J1772"],"ev_dc_fast_num":null,"ev_level1_evse_num":null,"ev_level2_evse_num":4,"ev_network":"Blink Network","ev_network_web":"https://blinkcharging.com","ev_other_evse":null,"ev_pricing":"$1.00-$5.00/Hr Variable Parking Fee, $0.03/kWh Energy Fee","ev_renewable_source":null,"ev_workplace_charging":false,"hy_is_retail":null,"hy_pressures":null,"hy_standards":null,"hy_status_link":null,"lng_has_rng":null,"lng_renewable_source":null,"lng_vehicle_class":null,"lpg_nozzle_types":null,"lpg_primary":null,"ng_fill_type_code":null,"ng_psi":null,"ng_vehicle_class":null,"rd_blended_with_biodiesel":null,"rd_blends":null,"rd_blends_fr":null,"rd_max_biodiesel_level":null,"nps_unit_name":null,"access_days_time_fr":null,"intersection_directions_fr":null,"bd_blends_fr":null,"groups_with_access_code_fr":"Public","ev_pricing_fr":null,"ev_network_ids":{"station":["d0e864cf-fb2a-3dbf-1307-c00000006467"],"posts":["d9ac0aa1-4972-3e61-1307-300000202471","d9ac0aa1-4972-3e61-1307-300000202472","d9ac0aa1-4972-3e61-1307-300000202551","d9ac0aa1-4972-3e61-1307-300000202552"]}}},{"type":"Feature","geometry":{"type":"Point","coordinates":[-77.0552771,38.9709327]},"properties":{"access_code":"public","access_days_time":"24 hours daily","access_detail_code":null,"cards_accepted":null,"date_last_confirmed":"2025-04-23","expected_date":null,"fuel_type_code":"ELEC","groups_with_access_code":"Public","id":235302,"maximum_vehicle_class":null,"open_date":"2022-09-26","owner_type_code":null,"restricted_access":null,"status_code":"E","funding_sources":null,"facility_type":null,"station_name":"Knollwood Life Plan Community","station_phone":"888-998-2546","updated_at":"2025-04-23T00:20:48Z","geocode_status":"GPS","city":"Washington","country":"US","intersection_directions":null,"plus4":null,"state":"DC","street_address":"6200 Oregon Avenue, NW","zip":"20015","bd_blends":null,"cng_dispenser_num":null,"cng_fill_type_code":null,"cng_has_rng":null,"cng_psi":null,"cng_renewable_source":null,"cng_total_compression":null,"cng_total_storage":null,"cng_vehicle_class":null,"e85_blender_pump":null,"e85_other_ethanol_blends":null,"ev_connector_types":["J1772"],"ev_dc_fast_num":null,"ev_level1_evse_num":null,"ev_level2_evse_num":4,"ev_network":"Blink Network","ev_network_web":"https://blinkcharging.com","ev_other_evse":null,"ev_pricing":"$4.00/Hr Parking Fee , $0.25-$0.50/kWh Variable Energy Fee","ev_renewable_source":null,"ev_workplace_charging":false,"hy_is_retail":null,"hy_pressures":null,"hy_standards":null,"hy_status_link":null,"lng_has_rng":null,"lng_renewable_source":null,"lng_vehicle_class":null,"lpg_nozzle_types":null,"lpg_primary":null,"ng_fill_type_code":null,"ng_psi":null,"ng_vehicle_class":null,"rd_blended_with_biodiesel":null,"rd_blends":null,"rd_blends_fr":null,"rd_max_biodiesel_level":null,"nps_unit_name":null,"access_days_time_fr":null,"intersection_directions_fr":null,"bd_blends_fr":null,"groups_with_access_code_fr":"Public","ev_pricing_fr":null,"ev_network_ids":{"station":["d0e864cf-fb2a-3dbf-1307-c00000006574"],"posts":["d9ac0aa1-4972-3e61-1307-300000210921","d9ac0aa1-4972-3e61-1307-300000210922","d9ac0aa1-4972-3e61-1307-300000210971","d9ac0aa1-4972-3e61-1307-300000210972"]}}},{"type":"Feature","geometry":{"type":"Point","coordinates":[-77.04896501689177,38.90562790037026]},"properties":{"access_code":"public","access_days_time":"24 hours daily; guest use only","access_detail_code":"CREDIT_CARD_ALWAYS","cards_accepted":null,"date_last_confirmed":"2024-08-15","expected_date":null,"fuel_type_code":"ELEC","groups_with_access_code":"Public - Credit card at all times","id":236454,"maximum_vehicle_class":"LD","open_date":"2022-11-22","owner_type_code":"P","restricted_access":true,"status_code":"E","funding_sources":null,"facility_type":"HOTEL","station_name":"Hilton Garden Inn","station_phone":"202-974-6010","updated_at":"2025-02-12T00:16:32Z","geocode_status":"GPS","city":"Washington","country":"US","intersection_directions":null,"plus4":null,"state":"DC","street_address":"2201 M St NW","zip":"20037","bd_blends":null,"cng_dispenser_num":null,"cng_fill_type_code":null,"cng_has_rng":null,"cng_psi":null,"cng_renewable_source":null,"cng_total_compression":null,"cng_total_storage":null,"cng_vehicle_class":null,"e85_blender_pump":null,"e85_other_ethanol_blends":null,"ev_connector_types":["J1772"],"ev_dc_fast_num":null,"ev_level1_evse_num":null,"ev_level2_evse_num":2,"ev_network":"Non-Networked","ev_network_web":null,"ev_other_evse":null,"ev_pricing":"Free","ev_renewable_source":null,"ev_workplace_charging":false,"hy_is_retail":null,"hy_pressures":null,"hy_standards":null,"hy_status_link":null,"lng_has_rng":null,"lng_renewable_source":null,"lng_vehicle_class":null,"lpg_nozzle_types":null,"lpg_primary":null,"ng_fill_type_code":null,"ng_psi":null,"ng_vehicle_class":null,"rd_blended_with_biodiesel":null,"rd_blends":null,"rd_blends_fr":null,"rd_max_biodiesel_level":null,"nps_unit_name":null,"access_days_time_fr":null,"intersection_directions_fr":null,"bd_blends_fr":null,"groups_with_access_code_fr":"Public - Carte de crédit en tout temps","ev_pricing_fr":null}},{"type":"Feature","geometry":{"type":"Point","coordinates":[-77.0627761,38.9041479]},"properties":{"access_code":"public","access_days_time":"24 hours daily","access_detail_code":null,"cards_accepted":null,"date_last_confirmed":"2025-04-23","expected_date":null,"fuel_type_code":"ELEC","groups_with_access_code":"Public","id":236669,"maximum_vehicle_class":null,"open_date":"2022-06-17","owner_type_code":null,"restricted_access":null,"status_code":"E","funding_sources":null,"facility_type":null,"station_name":"1055 High Condominium","station_phone":"888-998-2546","updated_at":"2025-04-23T00:17:57Z","geocode_status":"GPS","city":"Washington","country":"US","intersection_directions":null,"plus4":null,"state":"DC","street_address":"1055 Wisconsin Avenue Northwest","zip":"20007","bd_blends":null,"cng_dispenser_num":null,"cng_fill_type_code":null,"cng_has_rng":null,"cng_psi":null,"cng_renewable_source":null,"cng_total_compression":null,"cng_total_storage":null,"cng_vehicle_class":null,"e85_blender_pump":null,"e85_other_ethanol_blends":null,"ev_connector_types":["J1772"],"ev_dc_fast_num":null,"ev_level1_evse_num":null,"ev_level2_evse_num":1,"ev_network":"Blink Network","ev_network_web":"https://blinkcharging.com","ev_other_evse":null,"ev_pricing":"FREE","ev_renewable_source":null,"ev_workplace_charging":false,"hy_is_retail":null,"hy_pressures":null,"hy_standards":null,"hy_status_link":null,"lng_has_rng":null,"lng_renewable_source":null,"lng_vehicle_class":null,"lpg_nozzle_types":null,"lpg_primary":null,"ng_fill_type_code":null,"ng_psi":null,"ng_vehicle_class":null,"rd_blended_with_biodiesel":null,"rd_blends":null,"rd_blends_fr":null,"rd_max_biodiesel_level":null,"nps_unit_name":null,"access_days_time_fr":null,"intersection_directions_fr":null,"bd_blends_fr":null,"groups_with_access_code_fr":"Public","ev_pricing_fr":null,"ev_network_ids":{"station":["d0e864cf-fb2a-3dbf-1307-c00000001687"],"posts":["d9ac0aa1-4972-3e61-1307-300000190911"]}}},{"type":"Feature","geometry":{"type":"Point","coordinates":[-77.0425038,38.9005059]},"properties":{"access_code":"public","access_days_time":"24 hours daily","access_detail_code":null,"cards_accepted":null,"date_last_confirmed":"2025-04-23","expected_date":"2024-12-05","fuel_type_code":"ELEC","groups_with_access_code":"TEMPORARILY UNAVAILABLE (Public)","id":236713,"maximum_vehicle_class":null,"open_date":"2020-11-09","owner_type_code":null,"restricted_access":null,"status_code":"T","funding_sources":null,"facility_type":null,"station_name":"1875 Pennsylvania Ave NW","station_phone":"888-998-2546","updated_at":"2025-04-23T00:35:01Z","geocode_status":"GPS","city":"Washington","country":"US","intersection_directions":null,"plus4":null,"state":"DC","street_address":"1875 Pennsylvania Avenue Northwest","zip":"20006","bd_blends":null,"cng_dispenser_num":null,"cng_fill_type_code":null,"cng_has_rng":null,"cng_psi":null,"cng_renewable_source":null,"cng_total_compression":null,"cng_total_storage":null,"cng_vehicle_class":null,"e85_blender_pump":null,"e85_other_ethanol_blends":null,"ev_connector_types":["J1772"],"ev_dc_fast_num":null,"ev_level1_evse_num":null,"ev_level2_evse_num":2,"ev_network":"Blink Network","ev_network_web":"https://blinkcharging.com","ev_other_evse":null,"ev_pricing":"FREE","ev_renewable_source":null,"ev_workplace_charging":false,"hy_is_retail":null,"hy_pressures":null,"hy_standards":null,"hy_status_link":null,"lng_has_rng":null,"lng_renewable_source":null,"lng_vehicle_class":null,"lpg_nozzle_types":null,"lpg_primary":null,"ng_fill_type_code":null,"ng_psi":null,"ng_vehicle_class":null,"rd_blended_with_biodiesel":null,"rd_blends":null,"rd_blends_fr":null,"rd_max_biodiesel_level":null,"nps_unit_name":null,"access_days_time_fr":null,"intersection_directions_fr":null,"bd_blends_fr":null,"groups_with_access_code_fr":"TEMPORAIREMENT SUSPENDU (Public)","ev_pricing_fr":null,"ev_network_ids":{"station":["d0e864cf-fb2a-3dbf-1307-c00000005470"],"posts":["d9ac0aa1-4972-3e61-1307-300000122511","d9ac0aa1-4972-3e61-1307-300000123261"]}}},{"type":"Feature","geometry":{"type":"Point","coordinates":[-77.0027427,38.8779161]},"properties":{"access_code":"public","access_days_time":"24 hours daily","access_detail_code":null,"cards_accepted":"A ANDROID_PAY APPLE_PAY CREDIT D M","date_last_confirmed":"2023-01-10","expected_date":null,"fuel_type_code":"ELEC","groups_with_access_code":"Public","id":237227,"maximum_vehicle_class":"LD","open_date":"2022-10-17","owner_type_code":"P","restricted_access":false,"status_code":"E","funding_sources":null,"facility_type":"PARK","station_name":"Canal Park","station_phone":"NA","updated_at":"2025-01-28T21:18:14Z","geocode_status":"GPS","city":"Washington","country":"US","intersection_directions":null,"plus4":null,"state":"DC","street_address":"1015 2nd Pl SE","zip":"20003","bd_blends":null,"cng_dispenser_num":null,"cng_fill_type_code":null,"cng_has_rng":null,"cng_psi":null,"cng_renewable_source":null,"cng_total_compression":null,"cng_total_storage":null,"cng_vehicle_class":null,"e85_blender_pump":null,"e85_other_ethanol_blends":null,"ev_connector_types":["J1772"],"ev_dc_fast_num":null,"ev_level1_evse_num":null,"ev_level2_evse_num":2,"ev_network":"Non-Networked","ev_network_web":null,"ev_other_evse":null,"ev_pricing":"Free","ev_renewable_source":null,"ev_workplace_charging":false,"hy_is_retail":null,"hy_pressures":null,"hy_standards":null,"hy_status_link":null,"lng_has_rng":null,"lng_renewable_source":null,"lng_vehicle_class":null,"lpg_nozzle_types":null,"lpg_primary":null,"ng_fill_type_code":null,"ng_psi":null,"ng_vehicle_class":null,"rd_blended_with_biodiesel":null,"rd_blends":null,"rd_blends_fr":null,"rd_max_biodiesel_level":null,"nps_unit_name":null,"access_days_time_fr":null,"intersection_directions_fr":null,"bd_blends_fr":null,"groups_with_access_code_fr":"Public","ev_pricing_fr":null}},{"type":"Feature","geometry":{"type":"Point","coordinates":[-77.0256163,38.8976556]},"properties":{"access_code":"public","access_days_time":"24 hours daily","access_detail_code":null,"cards_accepted":null,"date_last_confirmed":"2025-04-23","expected_date":"2024-08-23","fuel_type_code":"ELEC","groups_with_access_code":"TEMPORARILY UNAVAILABLE (Public)","id":237885,"maximum_vehicle_class":null,"open_date":"2022-11-17","owner_type_code":null,"restricted_access":null,"status_code":"T","funding_sources":null,"facility_type":null,"station_name":"Carroll Square","station_phone":"888-998-2546","updated_at":"2025-04-23T00:22:13Z","geocode_status":"GPS","city":"Washington","country":"US","intersection_directions":null,"plus4":null,"state":"DC","street_address":"975 F Street, NW","zip":"20004","bd_blends":null,"cng_dispenser_num":null,"cng_fill_type_code":null,"cng_has_rng":null,"cng_psi":null,"cng_renewable_source":null,"cng_total_compression":null,"cng_total_storage":null,"cng_vehicle_class":null,"e85_blender_pump":null,"e85_other_ethanol_blends":null,"ev_connector_types":["J1772"],"ev_dc_fast_num":null,"ev_level1_evse_num":null,"ev_level2_evse_num":2,"ev_network":"Blink Network","ev_network_web":"https://blinkcharging.com","ev_other_evse":null,"ev_pricing":null,"ev_renewable_source":null,"ev_workplace_charging":false,"hy_is_retail":null,"hy_pressures":null,"hy_standards":null,"hy_status_link":null,"lng_has_rng":null,"lng_renewable_source":null,"lng_vehicle_class":null,"lpg_nozzle_types":null,"lpg_primary":null,"ng_fill_type_code":null,"ng_psi":null,"ng_vehicle_class":null,"rd_blended_with_biodiesel":null,"rd_blends":null,"rd_blends_fr":null,"rd_max_biodiesel_level":null,"nps_unit_name":null,"access_days_time_fr":null,"intersection_directions_fr":null,"bd_blends_fr":null,"groups_with_access_code_fr":"TEMPORAIREMENT SUSPENDU (Public)","ev_pricing_fr":null,"ev_network_ids":{"station":["d0e864cf-fb2a-3dbf-1307-c00000006779"],"posts":["d9ac0aa1-4972-3e61-1307-300000224571","d9ac0aa1-4972-3e61-1307-300000224572"]}}},{"type":"Feature","geometry":{"type":"Point","coordinates":[-77.028574,38.901252]},"properties":{"access_code":"public","access_days_time":"24 hours daily","access_detail_code":null,"cards_accepted":null,"date_last_confirmed":"2025-04-23","expected_date":null,"fuel_type_code":"ELEC","groups_with_access_code":"Public","id":241228,"maximum_vehicle_class":null,"open_date":"2022-11-28","owner_type_code":null,"restricted_access":null,"status_code":"E","funding_sources":null,"facility_type":null,"station_name":"1201-1225 New York Avenue SPE","station_phone":"888-998-2546","updated_at":"2025-04-23T00:01:39Z","geocode_status":"GPS","city":"Washington","country":"US","intersection_directions":null,"plus4":null,"state":"DC","street_address":"1201 New York Avenue, NW","zip":"20005","bd_blends":null,"cng_dispenser_num":null,"cng_fill_type_code":null,"cng_has_rng":null,"cng_psi":null,"cng_renewable_source":null,"cng_total_compression":null,"cng_total_storage":null,"cng_vehicle_class":null,"e85_blender_pump":null,"e85_other_ethanol_blends":null,"ev_connector_types":["J1772"],"ev_dc_fast_num":null,"ev_level1_evse_num":null,"ev_level2_evse_num":2,"ev_network":"Blink Network","ev_network_web":"https://blinkcharging.com","ev_other_evse":null,"ev_pricing":"Free","ev_renewable_source":null,"ev_workplace_charging":false,"hy_is_retail":null,"hy_pressures":null,"hy_standards":null,"hy_status_link":null,"lng_has_rng":null,"lng_renewable_source":null,"lng_vehicle_class":null,"lpg_nozzle_types":null,"lpg_primary":null,"ng_fill_type_code":null,"ng_psi":null,"ng_vehicle_class":null,"rd_blended_with_biodiesel":null,"rd_blends":null,"rd_blends_fr":null,"rd_max_biodiesel_level":null,"nps_unit_name":null,"access_days_time_fr":null,"intersection_directions_fr":null,"bd_blends_fr":null,"groups_with_access_code_fr":"Public","ev_pricing_fr":null,"ev_network_ids":{"station":["fe77e0e5-7169-4266-9165-de51a769472d"],"posts":["b3e21add-fa4c-48bc-85a3-3ee94ae521fa","e187dafa-23b9-a8bd-03ad-1e0900841334"]}}},{"type":"Feature","geometry":{"type":"Point","coordinates":[-77.036949,38.900511]},"properties":{"access_code":"public","access_days_time":null,"access_detail_code":null,"cards_accepted":null,"date_last_confirmed":"2024-07-01","expected_date":null,"fuel_type_code":"ELEC","groups_with_access_code":"Public","id":250833,"maximum_vehicle_class":null,"open_date":"2015-06-02","owner_type_code":"P","restricted_access":null,"status_code":"E","funding_sources":null,"facility_type":null,"station_name":"The Hay-Adams - Tesla Destination","station_phone":"877-798-3752","updated_at":"2025-02-12T00:16:32Z","geocode_status":"GPS","city":"Washington","country":"US","intersection_directions":null,"plus4":null,"state":"DC","street_address":"800 16th St NW","zip":"20006","bd_blends":null,"cng_dispenser_num":null,"cng_fill_type_code":null,"cng_has_rng":null,"cng_psi":null,"cng_renewable_source":null,"cng_total_compression":null,"cng_total_storage":null,"cng_vehicle_class":null,"e85_blender_pump":null,"e85_other_ethanol_blends":null,"ev_connector_types":["TESLA"],"ev_dc_fast_num":null,"ev_level1_evse_num":null,"ev_level2_evse_num":1,"ev_network":"Tesla Destination","ev_network_web":"https://www.tesla.com/destination-charging","ev_other_evse":null,"ev_pricing":"Free","ev_renewable_source":null,"ev_workplace_charging":false,"hy_is_retail":null,"hy_pressures":null,"hy_standards":null,"hy_status_link":null,"lng_has_rng":null,"lng_renewable_source":null,"lng_vehicle_class":null,"lpg_nozzle_types":null,"lpg_primary":null,"ng_fill_type_code":null,"ng_psi":null,"ng_vehicle_class":null,"rd_blended_with_biodiesel":null,"rd_blends":null,"rd_blends_fr":null,"rd_max_biodiesel_level":null,"nps_unit_name":null,"access_days_time_fr":null,"intersection_directions_fr":null,"bd_blends_fr":null,"groups_with_access_code_fr":"Public","ev_pricing_fr":null}},{"type":"Feature","geometry":{"type":"Point","coordinates":[-77.0031,38.877744]},"properties":{"access_code":"public","access_days_time":"24 hours daily","access_detail_code":null,"cards_accepted":null,"date_last_confirmed":"2025-04-23","expected_date":null,"fuel_type_code":"ELEC","groups_with_access_code":"Public","id":251810,"maximum_vehicle_class":null,"open_date":"2023-01-25","owner_type_code":null,"restricted_access":null,"status_code":"E","funding_sources":null,"facility_type":null,"station_name":"REEVES CANAL CANAL PARK 1","station_phone":"888-758-4389","updated_at":"2025-04-23T01:46:38Z","geocode_status":"GPS","city":"Washington","country":"US","intersection_directions":null,"plus4":null,"state":"DC","street_address":"200 2nd PL St SE","zip":"20003","bd_blends":null,"cng_dispenser_num":null,"cng_fill_type_code":null,"cng_has_rng":null,"cng_psi":null,"cng_renewable_source":null,"cng_total_compression":null,"cng_total_storage":null,"cng_vehicle_class":null,"e85_blender_pump":null,"e85_other_ethanol_blends":null,"ev_connector_types":["J1772"],"ev_dc_fast_num":null,"ev_level1_evse_num":null,"ev_level2_evse_num":2,"ev_network":"ChargePoint Network","ev_network_web":"https://www.chargepoint.com","ev_other_evse":null,"ev_pricing":null,"ev_renewable_source":null,"ev_workplace_charging":false,"hy_is_retail":null,"hy_pressures":null,"hy_standards":null,"hy_status_link":null,"lng_has_rng":null,"lng_renewable_source":null,"lng_vehicle_class":null,"lpg_nozzle_types":null,"lpg_primary":null,"ng_fill_type_code":null,"ng_psi":null,"ng_vehicle_class":null,"rd_blended_with_biodiesel":null,"rd_blends":null,"rd_blends_fr":null,"rd_max_biodiesel_level":null,"nps_unit_name":"National Capital Parks","access_days_time_fr":null,"intersection_directions_fr":null,"bd_blends_fr":null,"groups_with_access_code_fr":"Public","ev_pricing_fr":null,"ev_network_ids":{"station":["USCPIL12972471"],"posts":["25686821","25686831"]}}},{"type":"Feature","geometry":{"type":"Point","coordinates":[-77.003032,38.877816]},"properties":{"access_code":"public","access_days_time":"24 hours daily","access_detail_code":null,"cards_accepted":null,"date_last_confirmed":"2025-04-23","expected_date":null,"fuel_type_code":"ELEC","groups_with_access_code":"Public","id":251820,"maximum_vehicle_class":null,"open_date":"2023-01-25","owner_type_code":null,"restricted_access":null,"status_code":"E","funding_sources":null,"facility_type":null,"station_name":"REEVES CANAL CANAL PARK 2","station_phone":"888-758-4389","updated_at":"2025-04-23T01:48:34Z","geocode_status":"GPS","city":"Washington","country":"US","intersection_directions":null,"plus4":null,"state":"DC","street_address":"200 2nd PL St SE","zip":"20003","bd_blends":null,"cng_dispenser_num":null,"cng_fill_type_code":null,"cng_has_rng":null,"cng_psi":null,"cng_renewable_source":null,"cng_total_compression":null,"cng_total_storage":null,"cng_vehicle_class":null,"e85_blender_pump":null,"e85_other_ethanol_blends":null,"ev_connector_types":["J1772"],"ev_dc_fast_num":null,"ev_level1_evse_num":null,"ev_level2_evse_num":2,"ev_network":"ChargePoint Network","ev_network_web":"https://www.chargepoint.com","ev_other_evse":null,"ev_pricing":null,"ev_renewable_source":null,"ev_workplace_charging":false,"hy_is_retail":null,"hy_pressures":null,"hy_standards":null,"hy_status_link":null,"lng_has_rng":null,"lng_renewable_source":null,"lng_vehicle_class":null,"lpg_nozzle_types":null,"lpg_primary":null,"ng_fill_type_code":null,"ng_psi":null,"ng_vehicle_class":null,"rd_blended_with_biodiesel":null,"rd_blends":null,"rd_blends_fr":null,"rd_max_biodiesel_level":null,"nps_unit_name":null,"access_days_time_fr":null,"intersection_directions_fr":null,"bd_blends_fr":null,"groups_with_access_code_fr":"Public","ev_pricing_fr":null,"ev_network_ids":{"station":["USCPIL13069621"],"posts":["22379171","22379181"]}}},{"type":"Feature","geometry":{"type":"Point","coordinates":[-77.032484,38.917572]},"properties":{"access_code":"public","access_days_time":"24 hours daily","access_detail_code":null,"cards_accepted":null,"date_last_confirmed":"2025-04-23","expected_date":null,"fuel_type_code":"ELEC","groups_with_access_code":"Public","id":251823,"maximum_vehicle_class":null,"open_date":"2023-01-25","owner_type_code":null,"restricted_access":null,"status_code":"E","funding_sources":null,"facility_type":null,"station_name":"REEVES CANAL REEVES CENTER","station_phone":"888-758-4389","updated_at":"2025-04-23T01:48:39Z","geocode_status":"GPS","city":"Washington","country":"US","intersection_directions":null,"plus4":null,"state":"DC","street_address":"2000 14th St NW","zip":"20009","bd_blends":null,"cng_dispenser_num":null,"cng_fill_type_code":null,"cng_has_rng":null,"cng_psi":null,"cng_renewable_source":null,"cng_total_compression":null,"cng_total_storage":null,"cng_vehicle_class":null,"e85_blender_pump":null,"e85_other_ethanol_blends":null,"ev_connector_types":["J1772"],"ev_dc_fast_num":null,"ev_level1_evse_num":null,"ev_level2_evse_num":2,"ev_network":"ChargePoint Network","ev_network_web":"https://www.chargepoint.com","ev_other_evse":null,"ev_pricing":null,"ev_renewable_source":null,"ev_workplace_charging":false,"hy_is_retail":null,"hy_pressures":null,"hy_standards":null,"hy_status_link":null,"lng_has_rng":null,"lng_renewable_source":null,"lng_vehicle_class":null,"lpg_nozzle_types":null,"lpg_primary":null,"ng_fill_type_code":null,"ng_psi":null,"ng_vehicle_class":null,"rd_blended_with_biodiesel":null,"rd_blends":null,"rd_blends_fr":null,"rd_max_biodiesel_level":null,"nps_unit_name":null,"access_days_time_fr":null,"intersection_directions_fr":null,"bd_blends_fr":null,"groups_with_access_code_fr":"Public","ev_pricing_fr":null,"ev_network_ids":{"station":["USCPIL13073781"],"posts":["22384261","22384271"]}}},{"type":"Feature","geometry":{"type":"Point","coordinates":[-77.00474236052381,38.9058177008843]},"properties":{"access_code":"public","access_days_time":"24 hours daily","access_detail_code":"CREDIT_CARD_ALWAYS","cards_accepted":"A D Debit M V","date_last_confirmed":"2023-08-10","expected_date":null,"fuel_type_code":"ELEC","groups_with_access_code":"Public - Credit card at all times","id":253270,"maximum_vehicle_class":"LD","open_date":"2023-02-01","owner_type_code":"P","restricted_access":false,"status_code":"E","funding_sources":null,"facility_type":"PARKING_GARAGE","station_name":"Harris Teeter Market","station_phone":"877-798-3752","updated_at":"2024-01-31T22:07:01Z","geocode_status":"GPS","city":"Washington","country":"US","intersection_directions":null,"plus4":null,"state":"DC","street_address":"130 M St NE","zip":"20002","bd_blends":null,"cng_dispenser_num":null,"cng_fill_type_code":null,"cng_has_rng":null,"cng_psi":null,"cng_renewable_source":null,"cng_total_compression":null,"cng_total_storage":null,"cng_vehicle_class":null,"e85_blender_pump":null,"e85_other_ethanol_blends":null,"ev_connector_types":["J1772"],"ev_dc_fast_num":null,"ev_level1_evse_num":null,"ev_level2_evse_num":2,"ev_network":"Non-Networked","ev_network_web":null,"ev_other_evse":null,"ev_pricing":null,"ev_renewable_source":null,"ev_workplace_charging":false,"hy_is_retail":null,"hy_pressures":null,"hy_standards":null,"hy_status_link":null,"lng_has_rng":null,"lng_renewable_source":null,"lng_vehicle_class":null,"lpg_nozzle_types":null,"lpg_primary":null,"ng_fill_type_code":null,"ng_psi":null,"ng_vehicle_class":null,"rd_blended_with_biodiesel":null,"rd_blends":null,"rd_blends_fr":null,"rd_max_biodiesel_level":null,"nps_unit_name":null,"access_days_time_fr":null,"intersection_directions_fr":null,"bd_blends_fr":null,"groups_with_access_code_fr":"Public - Carte de crédit en tout temps","ev_pricing_fr":null}},{"type":"Feature","geometry":{"type":"Point","coordinates":[-77.00506,38.90605]},"properties":{"access_code":"public","access_days_time":"24 hours daily. Please check Tesla's online station map to see if an adapter is required at this location.","access_detail_code":null,"cards_accepted":"A D Debit M V","date_last_confirmed":"2024-07-01","expected_date":null,"fuel_type_code":"ELEC","groups_with_access_code":"Public","id":253281,"maximum_vehicle_class":"LD","open_date":"2023-02-01","owner_type_code":"P","restricted_access":false,"status_code":"E","funding_sources":null,"facility_type":"PARKING_GARAGE","station_name":"Bozzuto - Tesla Supercharger","station_phone":"877-798-3752","updated_at":"2025-02-12T00:16:32Z","geocode_status":"GPS","city":"Washington","country":"US","intersection_directions":null,"plus4":null,"state":"DC","street_address":"130 M Street NE","zip":"20002","bd_blends":null,"cng_dispenser_num":null,"cng_fill_type_code":null,"cng_has_rng":null,"cng_psi":null,"cng_renewable_source":null,"cng_total_compression":null,"cng_total_storage":null,"cng_vehicle_class":null,"e85_blender_pump":null,"e85_other_ethanol_blends":null,"ev_connector_types":["TESLA"],"ev_dc_fast_num":8,"ev_level1_evse_num":null,"ev_level2_evse_num":null,"ev_network":"Tesla","ev_network_web":"https://www.tesla.com/supercharger","ev_other_evse":null,"ev_pricing":null,"ev_renewable_source":null,"ev_workplace_charging":false,"hy_is_retail":null,"hy_pressures":null,"hy_standards":null,"hy_status_link":null,"lng_has_rng":null,"lng_renewable_source":null,"lng_vehicle_class":null,"lpg_nozzle_types":null,"lpg_primary":null,"ng_fill_type_code":null,"ng_psi":null,"ng_vehicle_class":null,"rd_blended_with_biodiesel":null,"rd_blends":null,"rd_blends_fr":null,"rd_max_biodiesel_level":null,"nps_unit_name":null,"access_days_time_fr":null,"intersection_directions_fr":null,"bd_blends_fr":null,"groups_with_access_code_fr":"Public","ev_pricing_fr":null}},{"type":"Feature","geometry":{"type":"Point","coordinates":[-77.003839,38.911779]},"properties":{"access_code":"public","access_days_time":"24 hours daily","access_detail_code":null,"cards_accepted":null,"date_last_confirmed":"2025-04-23","expected_date":null,"fuel_type_code":"ELEC","groups_with_access_code":"Public","id":253409,"maximum_vehicle_class":null,"open_date":"2023-02-07","owner_type_code":null,"restricted_access":null,"status_code":"E","funding_sources":null,"facility_type":null,"station_name":"1625 NE CONDOS STATION 4","station_phone":"888-758-4389","updated_at":"2025-04-23T01:37:20Z","geocode_status":"GPS","city":"Washington","country":"US","intersection_directions":null,"plus4":null,"state":"DC","street_address":"1625 Eckington Pl NE","zip":"20002","bd_blends":null,"cng_dispenser_num":null,"cng_fill_type_code":null,"cng_has_rng":null,"cng_psi":null,"cng_renewable_source":null,"cng_total_compression":null,"cng_total_storage":null,"cng_vehicle_class":null,"e85_blender_pump":null,"e85_other_ethanol_blends":null,"ev_connector_types":["J1772"],"ev_dc_fast_num":null,"ev_level1_evse_num":null,"ev_level2_evse_num":2,"ev_network":"ChargePoint Network","ev_network_web":"https://www.chargepoint.com","ev_other_evse":null,"ev_pricing":null,"ev_renewable_source":null,"ev_workplace_charging":false,"hy_is_retail":null,"hy_pressures":null,"hy_standards":null,"hy_status_link":null,"lng_has_rng":null,"lng_renewable_source":null,"lng_vehicle_class":null,"lpg_nozzle_types":null,"lpg_primary":null,"ng_fill_type_code":null,"ng_psi":null,"ng_vehicle_class":null,"rd_blended_with_biodiesel":null,"rd_blends":null,"rd_blends_fr":null,"rd_max_biodiesel_level":null,"nps_unit_name":null,"access_days_time_fr":null,"intersection_directions_fr":null,"bd_blends_fr":null,"groups_with_access_code_fr":"Public","ev_pricing_fr":null,"ev_network_ids":{"station":["USCPIL11858381"],"posts":["20491231","20491241"]}}},{"type":"Feature","geometry":{"type":"Point","coordinates":[-76.966547,38.86094]},"properties":{"access_code":"public","access_days_time":"Mon 6:00am - 11:59pm; Tue 6:00am - 11:59pm; Wed 6:00am - 11:59pm; Thu 6:00am - 11:59pm; Fri 6:00am - 11:59pm; Sat 6:00am - 11:59pm; Sun 6:00am - 11:59pm","access_detail_code":null,"cards_accepted":null,"date_last_confirmed":"2025-04-23","expected_date":null,"fuel_type_code":"ELEC","groups_with_access_code":"Public","id":253512,"maximum_vehicle_class":null,"open_date":"2023-02-08","owner_type_code":null,"restricted_access":null,"status_code":"E","funding_sources":null,"facility_type":null,"station_name":"Skyland Town Center Starbucks","station_phone":"855-900-7584","updated_at":"2025-04-23T02:56:36Z","geocode_status":"GPS","city":"Washington","country":"US","intersection_directions":null,"plus4":null,"state":"DC","street_address":"2834 Alabama Avenue SE","zip":"20020","bd_blends":null,"cng_dispenser_num":null,"cng_fill_type_code":null,"cng_has_rng":null,"cng_psi":null,"cng_renewable_source":null,"cng_total_compression":null,"cng_total_storage":null,"cng_vehicle_class":null,"e85_blender_pump":null,"e85_other_ethanol_blends":null,"ev_connector_types":["J1772"],"ev_dc_fast_num":null,"ev_level1_evse_num":null,"ev_level2_evse_num":2,"ev_network":"SHELL_RECHARGE","ev_network_web":"https://www.shell.us/motorist/electric-vehicle-charging.html","ev_other_evse":null,"ev_pricing":null,"ev_renewable_source":null,"ev_workplace_charging":false,"hy_is_retail":null,"hy_pressures":null,"hy_standards":null,"hy_status_link":null,"lng_has_rng":null,"lng_renewable_source":null,"lng_vehicle_class":null,"lpg_nozzle_types":null,"lpg_primary":null,"ng_fill_type_code":null,"ng_psi":null,"ng_vehicle_class":null,"rd_blended_with_biodiesel":null,"rd_blends":null,"rd_blends_fr":null,"rd_max_biodiesel_level":null,"nps_unit_name":null,"access_days_time_fr":null,"intersection_directions_fr":null,"bd_blends_fr":null,"groups_with_access_code_fr":"Public","ev_pricing_fr":null,"ev_network_ids":{"station":["6172"],"posts":["2KRB-05","2KRB-06"]}}},{"type":"Feature","geometry":{"type":"Point","coordinates":[-76.967271,38.860967]},"properties":{"access_code":"public","access_days_time":"Mon 6:00am - 11:59pm; Tue 6:00am - 11:59pm; Wed 6:00am - 11:59pm; Thu 6:00am - 11:59pm; Fri 6:00am - 11:59pm; Sat 6:00am - 11:59pm; Sun 6:00am - 11:59pm","access_detail_code":null,"cards_accepted":null,"date_last_confirmed":"2025-04-23","expected_date":null,"fuel_type_code":"ELEC","groups_with_access_code":"Public","id":253528,"maximum_vehicle_class":null,"open_date":"2023-02-08","owner_type_code":null,"restricted_access":null,"status_code":"E","funding_sources":null,"facility_type":null,"station_name":"Skyland Town Center","station_phone":"855-900-7584","updated_at":"2025-04-23T02:56:35Z","geocode_status":"GPS","city":"Washington","country":"US","intersection_directions":null,"plus4":null,"state":"DC","street_address":"2834 Alabama Avenue SE","zip":"20020","bd_blends":null,"cng_dispenser_num":null,"cng_fill_type_code":null,"cng_has_rng":null,"cng_psi":null,"cng_renewable_source":null,"cng_total_compression":null,"cng_total_storage":null,"cng_vehicle_class":null,"e85_blender_pump":null,"e85_other_ethanol_blends":null,"ev_connector_types":["J1772"],"ev_dc_fast_num":null,"ev_level1_evse_num":null,"ev_level2_evse_num":4,"ev_network":"SHELL_RECHARGE","ev_network_web":"https://www.shell.us/motorist/electric-vehicle-charging.html","ev_other_evse":null,"ev_pricing":null,"ev_renewable_source":null,"ev_workplace_charging":false,"hy_is_retail":null,"hy_pressures":null,"hy_standards":null,"hy_status_link":null,"lng_has_rng":null,"lng_renewable_source":null,"lng_vehicle_class":null,"lpg_nozzle_types":null,"lpg_primary":null,"ng_fill_type_code":null,"ng_psi":null,"ng_vehicle_class":null,"rd_blended_with_biodiesel":null,"rd_blends":null,"rd_blends_fr":null,"rd_max_biodiesel_level":null,"nps_unit_name":null,"access_days_time_fr":null,"intersection_directions_fr":null,"bd_blends_fr":null,"groups_with_access_code_fr":"Public","ev_pricing_fr":null,"ev_network_ids":{"station":["6171"],"posts":["2KRB-01","2KRB-02","2KRB-03","2KRB-04"]}}},{"type":"Feature","geometry":{"type":"Point","coordinates":[-76.996935,38.910556]},"properties":{"access_code":"public","access_days_time":"24 hours daily","access_detail_code":null,"cards_accepted":null,"date_last_confirmed":"2025-04-23","expected_date":null,"fuel_type_code":"ELEC","groups_with_access_code":"Public","id":253972,"maximum_vehicle_class":null,"open_date":"2023-02-14","owner_type_code":null,"restricted_access":null,"status_code":"E","funding_sources":null,"facility_type":null,"station_name":"UDR THE MO #1","station_phone":"888-758-4389","updated_at":"2025-04-23T01:55:50Z","geocode_status":"GPS","city":"Washington","country":"US","intersection_directions":"garage level p3","plus4":null,"state":"DC","street_address":"440 Penn St NE","zip":"20002","bd_blends":null,"cng_dispenser_num":null,"cng_fill_type_code":null,"cng_has_rng":null,"cng_psi":null,"cng_renewable_source":null,"cng_total_compression":null,"cng_total_storage":null,"cng_vehicle_class":null,"e85_blender_pump":null,"e85_other_ethanol_blends":null,"ev_connector_types":["J1772"],"ev_dc_fast_num":null,"ev_level1_evse_num":null,"ev_level2_evse_num":2,"ev_network":"ChargePoint Network","ev_network_web":"https://www.chargepoint.com","ev_other_evse":null,"ev_pricing":null,"ev_renewable_source":null,"ev_workplace_charging":false,"hy_is_retail":null,"hy_pressures":null,"hy_standards":null,"hy_status_link":null,"lng_has_rng":null,"lng_renewable_source":null,"lng_vehicle_class":null,"lpg_nozzle_types":null,"lpg_primary":null,"ng_fill_type_code":null,"ng_psi":null,"ng_vehicle_class":null,"rd_blended_with_biodiesel":null,"rd_blends":null,"rd_blends_fr":null,"rd_max_biodiesel_level":null,"nps_unit_name":null,"access_days_time_fr":null,"intersection_directions_fr":null,"bd_blends_fr":null,"groups_with_access_code_fr":"Public","ev_pricing_fr":null,"ev_network_ids":{"station":["USCPIL13432791"],"posts":["22797371","22797381"]}}},{"type":"Feature","geometry":{"type":"Point","coordinates":[-76.996913,38.910557]},"properties":{"access_code":"public","access_days_time":"24 hours daily","access_detail_code":null,"cards_accepted":null,"date_last_confirmed":"2025-04-23","expected_date":null,"fuel_type_code":"ELEC","groups_with_access_code":"Public","id":253973,"maximum_vehicle_class":null,"open_date":"2023-02-14","owner_type_code":null,"restricted_access":null,"status_code":"E","funding_sources":null,"facility_type":null,"station_name":"UDR THE MO #4","station_phone":"888-758-4389","updated_at":"2025-04-23T01:55:52Z","geocode_status":"GPS","city":"Washington","country":"US","intersection_directions":null,"plus4":null,"state":"DC","street_address":"440 Penn St NE","zip":"20002","bd_blends":null,"cng_dispenser_num":null,"cng_fill_type_code":null,"cng_has_rng":null,"cng_psi":null,"cng_renewable_source":null,"cng_total_compression":null,"cng_total_storage":null,"cng_vehicle_class":null,"e85_blender_pump":null,"e85_other_ethanol_blends":null,"ev_connector_types":["J1772"],"ev_dc_fast_num":null,"ev_level1_evse_num":null,"ev_level2_evse_num":2,"ev_network":"ChargePoint Network","ev_network_web":"https://www.chargepoint.com","ev_other_evse":null,"ev_pricing":null,"ev_renewable_source":null,"ev_workplace_charging":false,"hy_is_retail":null,"hy_pressures":null,"hy_standards":null,"hy_status_link":null,"lng_has_rng":null,"lng_renewable_source":null,"lng_vehicle_class":null,"lpg_nozzle_types":null,"lpg_primary":null,"ng_fill_type_code":null,"ng_psi":null,"ng_vehicle_class":null,"rd_blended_with_biodiesel":null,"rd_blends":null,"rd_blends_fr":null,"rd_max_biodiesel_level":null,"nps_unit_name":null,"access_days_time_fr":null,"intersection_directions_fr":null,"bd_blends_fr":null,"groups_with_access_code_fr":"Public","ev_pricing_fr":null,"ev_network_ids":{"station":["USCPIL13434421"],"posts":["22799341","22799351"]}}},{"type":"Feature","geometry":{"type":"Point","coordinates":[-76.996937,38.910575]},"properties":{"access_code":"public","access_days_time":"24 hours daily","access_detail_code":null,"cards_accepted":null,"date_last_confirmed":"2025-04-23","expected_date":null,"fuel_type_code":"ELEC","groups_with_access_code":"Public","id":254050,"maximum_vehicle_class":null,"open_date":"2023-02-15","owner_type_code":null,"restricted_access":null,"status_code":"E","funding_sources":null,"facility_type":null,"station_name":"UDR THE MO #5","station_phone":"888-758-4389","updated_at":"2025-04-23T01:55:50Z","geocode_status":"GPS","city":"Washington","country":"US","intersection_directions":null,"plus4":null,"state":"DC","street_address":"440 Penn St NE","zip":"20002","bd_blends":null,"cng_dispenser_num":null,"cng_fill_type_code":null,"cng_has_rng":null,"cng_psi":null,"cng_renewable_source":null,"cng_total_compression":null,"cng_total_storage":null,"cng_vehicle_class":null,"e85_blender_pump":null,"e85_other_ethanol_blends":null,"ev_connector_types":["J1772"],"ev_dc_fast_num":null,"ev_level1_evse_num":null,"ev_level2_evse_num":2,"ev_network":"ChargePoint Network","ev_network_web":"https://www.chargepoint.com","ev_other_evse":null,"ev_pricing":null,"ev_renewable_source":null,"ev_workplace_charging":false,"hy_is_retail":null,"hy_pressures":null,"hy_standards":null,"hy_status_link":null,"lng_has_rng":null,"lng_renewable_source":null,"lng_vehicle_class":null,"lpg_nozzle_types":null,"lpg_primary":null,"ng_fill_type_code":null,"ng_psi":null,"ng_vehicle_class":null,"rd_blended_with_biodiesel":null,"rd_blends":null,"rd_blends_fr":null,"rd_max_biodiesel_level":null,"nps_unit_name":null,"access_days_time_fr":null,"intersection_directions_fr":null,"bd_blends_fr":null,"groups_with_access_code_fr":"Public","ev_pricing_fr":null,"ev_network_ids":{"station":["USCPIL13432871"],"posts":["22797461","22797471"]}}},{"type":"Feature","geometry":{"type":"Point","coordinates":[-76.996932,38.910613]},"properties":{"access_code":"public","access_days_time":"24 hours daily","access_detail_code":null,"cards_accepted":null,"date_last_confirmed":"2025-04-23","expected_date":null,"fuel_type_code":"ELEC","groups_with_access_code":"Public","id":254051,"maximum_vehicle_class":null,"open_date":"2023-02-15","owner_type_code":null,"restricted_access":null,"status_code":"E","funding_sources":null,"facility_type":null,"station_name":"UDR THE MO #3","station_phone":"888-758-4389","updated_at":"2025-04-23T01:55:50Z","geocode_status":"GPS","city":"Washington","country":"US","intersection_directions":null,"plus4":null,"state":"DC","street_address":"500 Penn St NE","zip":"20002","bd_blends":null,"cng_dispenser_num":null,"cng_fill_type_code":null,"cng_has_rng":null,"cng_psi":null,"cng_renewable_source":null,"cng_total_compression":null,"cng_total_storage":null,"cng_vehicle_class":null,"e85_blender_pump":null,"e85_other_ethanol_blends":null,"ev_connector_types":["J1772"],"ev_dc_fast_num":null,"ev_level1_evse_num":null,"ev_level2_evse_num":2,"ev_network":"ChargePoint Network","ev_network_web":"https://www.chargepoint.com","ev_other_evse":null,"ev_pricing":null,"ev_renewable_source":null,"ev_workplace_charging":false,"hy_is_retail":null,"hy_pressures":null,"hy_standards":null,"hy_status_link":null,"lng_has_rng":null,"lng_renewable_source":null,"lng_vehicle_class":null,"lpg_nozzle_types":null,"lpg_primary":null,"ng_fill_type_code":null,"ng_psi":null,"ng_vehicle_class":null,"rd_blended_with_biodiesel":null,"rd_blends":null,"rd_blends_fr":null,"rd_max_biodiesel_level":null,"nps_unit_name":null,"access_days_time_fr":null,"intersection_directions_fr":null,"bd_blends_fr":null,"groups_with_access_code_fr":"Public","ev_pricing_fr":null,"ev_network_ids":{"station":["USCPIL13433051"],"posts":["22797681","22797691"]}}},{"type":"Feature","geometry":{"type":"Point","coordinates":[-76.996922,38.91055]},"properties":{"access_code":"public","access_days_time":"24 hours daily","access_detail_code":null,"cards_accepted":null,"date_last_confirmed":"2025-04-23","expected_date":null,"fuel_type_code":"ELEC","groups_with_access_code":"Public","id":254119,"maximum_vehicle_class":null,"open_date":"2023-02-16","owner_type_code":null,"restricted_access":null,"status_code":"E","funding_sources":null,"facility_type":null,"station_name":"UDR THE MO #6","station_phone":"888-758-4389","updated_at":"2025-04-23T01:55:34Z","geocode_status":"GPS","city":"Washington","country":"US","intersection_directions":null,"plus4":null,"state":"DC","street_address":"440 Penn St NE","zip":"20002","bd_blends":null,"cng_dispenser_num":null,"cng_fill_type_code":null,"cng_has_rng":null,"cng_psi":null,"cng_renewable_source":null,"cng_total_compression":null,"cng_total_storage":null,"cng_vehicle_class":null,"e85_blender_pump":null,"e85_other_ethanol_blends":null,"ev_connector_types":["J1772"],"ev_dc_fast_num":null,"ev_level1_evse_num":null,"ev_level2_evse_num":2,"ev_network":"ChargePoint Network","ev_network_web":"https://www.chargepoint.com","ev_other_evse":null,"ev_pricing":null,"ev_renewable_source":null,"ev_workplace_charging":false,"hy_is_retail":null,"hy_pressures":null,"hy_standards":null,"hy_status_link":null,"lng_has_rng":null,"lng_renewable_source":null,"lng_vehicle_class":null,"lpg_nozzle_types":null,"lpg_primary":null,"ng_fill_type_code":null,"ng_psi":null,"ng_vehicle_class":null,"rd_blended_with_biodiesel":null,"rd_blends":null,"rd_blends_fr":null,"rd_max_biodiesel_level":null,"nps_unit_name":null,"access_days_time_fr":null,"intersection_directions_fr":null,"bd_blends_fr":null,"groups_with_access_code_fr":"Public","ev_pricing_fr":null,"ev_network_ids":{"station":["USCPIL13425501"],"posts":["22789061","22789071"]}}},{"type":"Feature","geometry":{"type":"Point","coordinates":[-76.996921,38.910563]},"properties":{"access_code":"public","access_days_time":"24 hours daily","access_detail_code":null,"cards_accepted":null,"date_last_confirmed":"2025-04-23","expected_date":null,"fuel_type_code":"ELEC","groups_with_access_code":"Public","id":254120,"maximum_vehicle_class":null,"open_date":"2023-02-16","owner_type_code":null,"restricted_access":null,"status_code":"E","funding_sources":null,"facility_type":null,"station_name":"UDR THE MO #7","station_phone":"888-758-4389","updated_at":"2025-04-23T01:55:50Z","geocode_status":"GPS","city":"Washington","country":"US","intersection_directions":null,"plus4":null,"state":"DC","street_address":"440 Penn St NE","zip":"20002","bd_blends":null,"cng_dispenser_num":null,"cng_fill_type_code":null,"cng_has_rng":null,"cng_psi":null,"cng_renewable_source":null,"cng_total_compression":null,"cng_total_storage":null,"cng_vehicle_class":null,"e85_blender_pump":null,"e85_other_ethanol_blends":null,"ev_connector_types":["J1772"],"ev_dc_fast_num":null,"ev_level1_evse_num":null,"ev_level2_evse_num":2,"ev_network":"ChargePoint Network","ev_network_web":"https://www.chargepoint.com","ev_other_evse":null,"ev_pricing":null,"ev_renewable_source":null,"ev_workplace_charging":false,"hy_is_retail":null,"hy_pressures":null,"hy_standards":null,"hy_status_link":null,"lng_has_rng":null,"lng_renewable_source":null,"lng_vehicle_class":null,"lpg_nozzle_types":null,"lpg_primary":null,"ng_fill_type_code":null,"ng_psi":null,"ng_vehicle_class":null,"rd_blended_with_biodiesel":null,"rd_blends":null,"rd_blends_fr":null,"rd_max_biodiesel_level":null,"nps_unit_name":null,"access_days_time_fr":null,"intersection_directions_fr":null,"bd_blends_fr":null,"groups_with_access_code_fr":"Public","ev_pricing_fr":null,"ev_network_ids":{"station":["USCPIL13432761"],"posts":["22797321","22797331"]}}},{"type":"Feature","geometry":{"type":"Point","coordinates":[-77.028211,38.901662]},"properties":{"access_code":"public","access_days_time":"24 hours daily","access_detail_code":null,"cards_accepted":null,"date_last_confirmed":"2025-04-23","expected_date":null,"fuel_type_code":"ELEC","groups_with_access_code":"Public","id":254192,"maximum_vehicle_class":null,"open_date":"2023-02-17","owner_type_code":null,"restricted_access":null,"status_code":"E","funding_sources":null,"facility_type":null,"station_name":"1201 CHARGER 1201 I ST","station_phone":"888-758-4389","updated_at":"2025-04-23T01:47:10Z","geocode_status":"GPS","city":"Washington","country":"US","intersection_directions":null,"plus4":null,"state":"DC","street_address":"1201 I St NW","zip":"20005","bd_blends":null,"cng_dispenser_num":null,"cng_fill_type_code":null,"cng_has_rng":null,"cng_psi":null,"cng_renewable_source":null,"cng_total_compression":null,"cng_total_storage":null,"cng_vehicle_class":null,"e85_blender_pump":null,"e85_other_ethanol_blends":null,"ev_connector_types":["J1772"],"ev_dc_fast_num":null,"ev_level1_evse_num":null,"ev_level2_evse_num":2,"ev_network":"ChargePoint Network","ev_network_web":"https://www.chargepoint.com","ev_other_evse":null,"ev_pricing":null,"ev_renewable_source":null,"ev_workplace_charging":false,"hy_is_retail":null,"hy_pressures":null,"hy_standards":null,"hy_status_link":null,"lng_has_rng":null,"lng_renewable_source":null,"lng_vehicle_class":null,"lpg_nozzle_types":null,"lpg_primary":null,"ng_fill_type_code":null,"ng_psi":null,"ng_vehicle_class":null,"rd_blended_with_biodiesel":null,"rd_blends":null,"rd_blends_fr":null,"rd_max_biodiesel_level":null,"nps_unit_name":null,"access_days_time_fr":null,"intersection_directions_fr":null,"bd_blends_fr":null,"groups_with_access_code_fr":"Public","ev_pricing_fr":null,"ev_network_ids":{"station":["USCPIL12994591"],"posts":["22292241","22292251"]}}},{"type":"Feature","geometry":{"type":"Point","coordinates":[-77.032251,38.903557]},"properties":{"access_code":"public","access_days_time":"24 hours daily","access_detail_code":null,"cards_accepted":null,"date_last_confirmed":"2025-04-23","expected_date":null,"fuel_type_code":"ELEC","groups_with_access_code":"Public","id":254506,"maximum_vehicle_class":null,"open_date":"2023-02-24","owner_type_code":null,"restricted_access":null,"status_code":"E","funding_sources":null,"facility_type":null,"station_name":"THE ALECK STATION 1","station_phone":"888-758-4389","updated_at":"2025-04-23T01:54:12Z","geocode_status":"GPS","city":"Washington","country":"US","intersection_directions":null,"plus4":null,"state":"DC","street_address":"1400 L St NW","zip":"20005","bd_blends":null,"cng_dispenser_num":null,"cng_fill_type_code":null,"cng_has_rng":null,"cng_psi":null,"cng_renewable_source":null,"cng_total_compression":null,"cng_total_storage":null,"cng_vehicle_class":null,"e85_blender_pump":null,"e85_other_ethanol_blends":null,"ev_connector_types":["J1772"],"ev_dc_fast_num":null,"ev_level1_evse_num":null,"ev_level2_evse_num":2,"ev_network":"ChargePoint Network","ev_network_web":"https://www.chargepoint.com","ev_other_evse":null,"ev_pricing":null,"ev_renewable_source":null,"ev_workplace_charging":false,"hy_is_retail":null,"hy_pressures":null,"hy_standards":null,"hy_status_link":null,"lng_has_rng":null,"lng_renewable_source":null,"lng_vehicle_class":null,"lpg_nozzle_types":null,"lpg_primary":null,"ng_fill_type_code":null,"ng_psi":null,"ng_vehicle_class":null,"rd_blended_with_biodiesel":null,"rd_blends":null,"rd_blends_fr":null,"rd_max_biodiesel_level":null,"nps_unit_name":null,"access_days_time_fr":null,"intersection_directions_fr":null,"bd_blends_fr":null,"groups_with_access_code_fr":"Public","ev_pricing_fr":null,"ev_network_ids":{"station":["USCPIL13335331"],"posts":["22686841","22686851"]}}},{"type":"Feature","geometry":{"type":"Point","coordinates":[-77.0050036,38.8796881]},"properties":{"access_code":"public","access_days_time":"24 hours daily","access_detail_code":null,"cards_accepted":null,"date_last_confirmed":"2025-04-23","expected_date":"2023-09-11","fuel_type_code":"ELEC","groups_with_access_code":"TEMPORARILY UNAVAILABLE (Public)","id":255069,"maximum_vehicle_class":null,"open_date":"2015-10-27","owner_type_code":null,"restricted_access":null,"status_code":"T","funding_sources":null,"facility_type":null,"station_name":"Park Chelsea","station_phone":"888-998-2546","updated_at":"2025-04-23T00:16:48Z","geocode_status":"GPS","city":"Washington","country":"US","intersection_directions":null,"plus4":null,"state":"DC","street_address":"880 New Jersey Avenue Southeast","zip":"20003","bd_blends":null,"cng_dispenser_num":null,"cng_fill_type_code":null,"cng_has_rng":null,"cng_psi":null,"cng_renewable_source":null,"cng_total_compression":null,"cng_total_storage":null,"cng_vehicle_class":null,"e85_blender_pump":null,"e85_other_ethanol_blends":null,"ev_connector_types":["J1772"],"ev_dc_fast_num":null,"ev_level1_evse_num":null,"ev_level2_evse_num":6,"ev_network":"Blink Network","ev_network_web":"https://blinkcharging.com","ev_other_evse":null,"ev_pricing":null,"ev_renewable_source":null,"ev_workplace_charging":false,"hy_is_retail":null,"hy_pressures":null,"hy_standards":null,"hy_status_link":null,"lng_has_rng":null,"lng_renewable_source":null,"lng_vehicle_class":null,"lpg_nozzle_types":null,"lpg_primary":null,"ng_fill_type_code":null,"ng_psi":null,"ng_vehicle_class":null,"rd_blended_with_biodiesel":null,"rd_blends":null,"rd_blends_fr":null,"rd_max_biodiesel_level":null,"nps_unit_name":null,"access_days_time_fr":null,"intersection_directions_fr":null,"bd_blends_fr":null,"groups_with_access_code_fr":"TEMPORAIREMENT SUSPENDU (Public)","ev_pricing_fr":null,"ev_network_ids":{"station":["d0e864cf-fb2a-3dbf-1307-c00000001524"],"posts":["d9ac0aa1-4972-3e61-1307-300000029691","d9ac0aa1-4972-3e61-1307-300000035821","d9ac0aa1-4972-3e61-1307-300000043171","d9ac0aa1-4972-3e61-1307-300000045871","d9ac0aa1-4972-3e61-1307-300000045881","d9ac0aa1-4972-3e61-1307-300000165511"]}}},{"type":"Feature","geometry":{"type":"Point","coordinates":[-77.0038655,38.8794884]},"properties":{"access_code":"public","access_days_time":"24 hours daily","access_detail_code":null,"cards_accepted":null,"date_last_confirmed":"2025-04-23","expected_date":"2025-04-11","fuel_type_code":"ELEC","groups_with_access_code":"TEMPORARILY UNAVAILABLE (Public)","id":255070,"maximum_vehicle_class":null,"open_date":"2019-10-30","owner_type_code":null,"restricted_access":null,"status_code":"T","funding_sources":null,"facility_type":null,"station_name":"The Garrett at The Collective","station_phone":"888-998-2546","updated_at":"2025-04-23T00:31:06Z","geocode_status":"GPS","city":"Washington","country":"US","intersection_directions":null,"plus4":null,"state":"DC","street_address":"150 I Street Southeast","zip":"20003","bd_blends":null,"cng_dispenser_num":null,"cng_fill_type_code":null,"cng_has_rng":null,"cng_psi":null,"cng_renewable_source":null,"cng_total_compression":null,"cng_total_storage":null,"cng_vehicle_class":null,"e85_blender_pump":null,"e85_other_ethanol_blends":null,"ev_connector_types":["J1772"],"ev_dc_fast_num":null,"ev_level1_evse_num":null,"ev_level2_evse_num":7,"ev_network":"Blink Network","ev_network_web":"https://blinkcharging.com","ev_other_evse":null,"ev_pricing":null,"ev_renewable_source":null,"ev_workplace_charging":false,"hy_is_retail":null,"hy_pressures":null,"hy_standards":null,"hy_status_link":null,"lng_has_rng":null,"lng_renewable_source":null,"lng_vehicle_class":null,"lpg_nozzle_types":null,"lpg_primary":null,"ng_fill_type_code":null,"ng_psi":null,"ng_vehicle_class":null,"rd_blended_with_biodiesel":null,"rd_blends":null,"rd_blends_fr":null,"rd_max_biodiesel_level":null,"nps_unit_name":null,"access_days_time_fr":null,"intersection_directions_fr":null,"bd_blends_fr":null,"groups_with_access_code_fr":"TEMPORAIREMENT SUSPENDU (Public)","ev_pricing_fr":null,"ev_network_ids":{"station":["d0e864cf-fb2a-3dbf-1307-c00000004663"],"posts":["d9ac0aa1-4972-3e61-1307-300000102721","d9ac0aa1-4972-3e61-1307-300000102731","d9ac0aa1-4972-3e61-1307-300000102741","d9ac0aa1-4972-3e61-1307-300000102751","d9ac0aa1-4972-3e61-1307-300000102761","d9ac0aa1-4972-3e61-1307-300000102771","d9ac0aa1-4972-3e61-1307-300000102781"]}}},{"type":"Feature","geometry":{"type":"Point","coordinates":[-77.0053454,38.8803225]},"properties":{"access_code":"public","access_days_time":"24 hours daily","access_detail_code":null,"cards_accepted":null,"date_last_confirmed":"2025-04-23","expected_date":"2023-09-11","fuel_type_code":"ELEC","groups_with_access_code":"TEMPORARILY UNAVAILABLE (Public)","id":255071,"maximum_vehicle_class":null,"open_date":"2017-06-20","owner_type_code":null,"restricted_access":null,"status_code":"T","funding_sources":null,"facility_type":null,"station_name":"Agora Apartments","station_phone":"888-998-2546","updated_at":"2025-04-23T00:01:25Z","geocode_status":"GPS","city":"Washington","country":"US","intersection_directions":null,"plus4":null,"state":"DC","street_address":"800 New Jersey Avenue Southeast","zip":"20003","bd_blends":null,"cng_dispenser_num":null,"cng_fill_type_code":null,"cng_has_rng":null,"cng_psi":null,"cng_renewable_source":null,"cng_total_compression":null,"cng_total_storage":null,"cng_vehicle_class":null,"e85_blender_pump":null,"e85_other_ethanol_blends":null,"ev_connector_types":["J1772"],"ev_dc_fast_num":null,"ev_level1_evse_num":null,"ev_level2_evse_num":13,"ev_network":"Blink Network","ev_network_web":"https://blinkcharging.com","ev_other_evse":null,"ev_pricing":null,"ev_renewable_source":null,"ev_workplace_charging":false,"hy_is_retail":null,"hy_pressures":null,"hy_standards":null,"hy_status_link":null,"lng_has_rng":null,"lng_renewable_source":null,"lng_vehicle_class":null,"lpg_nozzle_types":null,"lpg_primary":null,"ng_fill_type_code":null,"ng_psi":null,"ng_vehicle_class":null,"rd_blended_with_biodiesel":null,"rd_blends":null,"rd_blends_fr":null,"rd_max_biodiesel_level":null,"nps_unit_name":null,"access_days_time_fr":null,"intersection_directions_fr":null,"bd_blends_fr":null,"groups_with_access_code_fr":"TEMPORAIREMENT SUSPENDU (Public)","ev_pricing_fr":null,"ev_network_ids":{"station":["d0e864cf-fb2a-3dbf-1307-c00000002375"],"posts":["d9ac0aa1-4972-3e61-1307-300000051511","d9ac0aa1-4972-3e61-1307-300000051521","d9ac0aa1-4972-3e61-1307-300000051531","d9ac0aa1-4972-3e61-1307-300000051541","d9ac0aa1-4972-3e61-1307-300000051551","d9ac0aa1-4972-3e61-1307-300000051561","d9ac0aa1-4972-3e61-1307-300000051571","d9ac0aa1-4972-3e61-1307-300000051581","d9ac0aa1-4972-3e61-1307-300000051591","d9ac0aa1-4972-3e61-1307-300000051601","d9ac0aa1-4972-3e61-1307-300000051611","d9ac0aa1-4972-3e61-1307-300000051621","d9ac0aa1-4972-3e61-1307-300000051631"]}}},{"type":"Feature","geometry":{"type":"Point","coordinates":[-76.993784,38.89988]},"properties":{"access_code":"public","access_days_time":"24 hours daily","access_detail_code":null,"cards_accepted":null,"date_last_confirmed":"2025-04-23","expected_date":"2025-01-07","fuel_type_code":"ELEC","groups_with_access_code":"TEMPORARILY UNAVAILABLE (Public)","id":255072,"maximum_vehicle_class":null,"open_date":"2019-08-27","owner_type_code":null,"restricted_access":null,"status_code":"T","funding_sources":null,"facility_type":null,"station_name":"AVEC on H","station_phone":"888-998-2546","updated_at":"2025-04-23T00:29:54Z","geocode_status":"GPS","city":"Washington","country":"US","intersection_directions":null,"plus4":null,"state":"DC","street_address":"901 H Street NE","zip":"20002","bd_blends":null,"cng_dispenser_num":null,"cng_fill_type_code":null,"cng_has_rng":null,"cng_psi":null,"cng_renewable_source":null,"cng_total_compression":null,"cng_total_storage":null,"cng_vehicle_class":null,"e85_blender_pump":null,"e85_other_ethanol_blends":null,"ev_connector_types":["J1772"],"ev_dc_fast_num":null,"ev_level1_evse_num":null,"ev_level2_evse_num":4,"ev_network":"Blink Network","ev_network_web":"https://blinkcharging.com","ev_other_evse":null,"ev_pricing":null,"ev_renewable_source":null,"ev_workplace_charging":false,"hy_is_retail":null,"hy_pressures":null,"hy_standards":null,"hy_status_link":null,"lng_has_rng":null,"lng_renewable_source":null,"lng_vehicle_class":null,"lpg_nozzle_types":null,"lpg_primary":null,"ng_fill_type_code":null,"ng_psi":null,"ng_vehicle_class":null,"rd_blended_with_biodiesel":null,"rd_blends":null,"rd_blends_fr":null,"rd_max_biodiesel_level":null,"nps_unit_name":null,"access_days_time_fr":null,"intersection_directions_fr":null,"bd_blends_fr":null,"groups_with_access_code_fr":"TEMPORAIREMENT SUSPENDU (Public)","ev_pricing_fr":null,"ev_network_ids":{"station":["d0e864cf-fb2a-3dbf-1307-c00000004355"],"posts":["d9ac0aa1-4972-3e61-1307-300000098781","d9ac0aa1-4972-3e61-1307-300000100811","d9ac0aa1-4972-3e61-1307-300000100821","d9ac0aa1-4972-3e61-1307-300000100831"]}}},{"type":"Feature","geometry":{"type":"Point","coordinates":[-77.039742,38.904969]},"properties":{"access_code":"public","access_days_time":"24 hours daily","access_detail_code":null,"cards_accepted":null,"date_last_confirmed":"2025-04-23","expected_date":null,"fuel_type_code":"ELEC","groups_with_access_code":"Public","id":255163,"maximum_vehicle_class":null,"open_date":"2012-03-28","owner_type_code":null,"restricted_access":null,"status_code":"E","funding_sources":null,"facility_type":null,"station_name":"1615 M Street","station_phone":"888-998-2546","updated_at":"2025-04-23T00:11:56Z","geocode_status":"GPS","city":"Washington","country":"US","intersection_directions":null,"plus4":null,"state":"DC","street_address":"1725 DeSales Street, NW, Suite 200","zip":"20036","bd_blends":null,"cng_dispenser_num":null,"cng_fill_type_code":null,"cng_has_rng":null,"cng_psi":null,"cng_renewable_source":null,"cng_total_compression":null,"cng_total_storage":null,"cng_vehicle_class":null,"e85_blender_pump":null,"e85_other_ethanol_blends":null,"ev_connector_types":["J1772"],"ev_dc_fast_num":null,"ev_level1_evse_num":null,"ev_level2_evse_num":2,"ev_network":"Blink Network","ev_network_web":"https://blinkcharging.com","ev_other_evse":null,"ev_pricing":null,"ev_renewable_source":null,"ev_workplace_charging":false,"hy_is_retail":null,"hy_pressures":null,"hy_standards":null,"hy_status_link":null,"lng_has_rng":null,"lng_renewable_source":null,"lng_vehicle_class":null,"lpg_nozzle_types":null,"lpg_primary":null,"ng_fill_type_code":null,"ng_psi":null,"ng_vehicle_class":null,"rd_blended_with_biodiesel":null,"rd_blends":null,"rd_blends_fr":null,"rd_max_biodiesel_level":null,"nps_unit_name":null,"access_days_time_fr":null,"intersection_directions_fr":null,"bd_blends_fr":null,"groups_with_access_code_fr":"Public","ev_pricing_fr":null,"ev_network_ids":{"station":["d0e864cf-fb2a-3dbf-1307-c00000000563"],"posts":["d9ac0aa1-4972-3e61-1307-300000128881","d9ac0aa1-4972-3e61-1307-300000247801"]}}},{"type":"Feature","geometry":{"type":"Point","coordinates":[-76.9965695,38.9220634]},"properties":{"access_code":"public","access_days_time":"24 hours daily","access_detail_code":null,"cards_accepted":null,"date_last_confirmed":"2025-04-23","expected_date":null,"fuel_type_code":"ELEC","groups_with_access_code":"Public","id":255222,"maximum_vehicle_class":null,"open_date":"2022-11-07","owner_type_code":null,"restricted_access":null,"status_code":"E","funding_sources":null,"facility_type":null,"station_name":"The Chase on Bryant St","station_phone":"888-998-2546","updated_at":"2025-04-23T00:23:29Z","geocode_status":"GPS","city":"Washington","country":"US","intersection_directions":null,"plus4":null,"state":"DC","street_address":"670 Rhode Island Ave NE","zip":"20002","bd_blends":null,"cng_dispenser_num":null,"cng_fill_type_code":null,"cng_has_rng":null,"cng_psi":null,"cng_renewable_source":null,"cng_total_compression":null,"cng_total_storage":null,"cng_vehicle_class":null,"e85_blender_pump":null,"e85_other_ethanol_blends":null,"ev_connector_types":["J1772"],"ev_dc_fast_num":null,"ev_level1_evse_num":null,"ev_level2_evse_num":2,"ev_network":"Blink Network","ev_network_web":"https://blinkcharging.com","ev_other_evse":null,"ev_pricing":null,"ev_renewable_source":null,"ev_workplace_charging":false,"hy_is_retail":null,"hy_pressures":null,"hy_standards":null,"hy_status_link":null,"lng_has_rng":null,"lng_renewable_source":null,"lng_vehicle_class":null,"lpg_nozzle_types":null,"lpg_primary":null,"ng_fill_type_code":null,"ng_psi":null,"ng_vehicle_class":null,"rd_blended_with_biodiesel":null,"rd_blends":null,"rd_blends_fr":null,"rd_max_biodiesel_level":null,"nps_unit_name":null,"access_days_time_fr":null,"intersection_directions_fr":null,"bd_blends_fr":null,"groups_with_access_code_fr":"Public","ev_pricing_fr":null,"ev_network_ids":{"station":["d0e864cf-fb2a-3dbf-1307-c00000006926"],"posts":["d9ac0aa1-4972-3e61-1307-300000221291","d9ac0aa1-4972-3e61-1307-300000221292"]}}},{"type":"Feature","geometry":{"type":"Point","coordinates":[-76.9968757,38.921913]},"properties":{"access_code":"public","access_days_time":"24 hours daily","access_detail_code":null,"cards_accepted":null,"date_last_confirmed":"2025-04-23","expected_date":null,"fuel_type_code":"ELEC","groups_with_access_code":"Public","id":255276,"maximum_vehicle_class":null,"open_date":"2022-12-08","owner_type_code":null,"restricted_access":null,"status_code":"E","funding_sources":null,"facility_type":null,"station_name":"Bryant Venture Phase 1-A&C,LLC","station_phone":"888-998-2546","updated_at":"2025-04-23T00:23:28Z","geocode_status":"GPS","city":"Washington","country":"US","intersection_directions":null,"plus4":null,"state":"DC","street_address":"Master Association 680 Rhode Island Ave NE","zip":"20002","bd_blends":null,"cng_dispenser_num":null,"cng_fill_type_code":null,"cng_has_rng":null,"cng_psi":null,"cng_renewable_source":null,"cng_total_compression":null,"cng_total_storage":null,"cng_vehicle_class":null,"e85_blender_pump":null,"e85_other_ethanol_blends":null,"ev_connector_types":["J1772"],"ev_dc_fast_num":null,"ev_level1_evse_num":null,"ev_level2_evse_num":2,"ev_network":"Blink Network","ev_network_web":"https://blinkcharging.com","ev_other_evse":null,"ev_pricing":null,"ev_renewable_source":null,"ev_workplace_charging":false,"hy_is_retail":null,"hy_pressures":null,"hy_standards":null,"hy_status_link":null,"lng_has_rng":null,"lng_renewable_source":null,"lng_vehicle_class":null,"lpg_nozzle_types":null,"lpg_primary":null,"ng_fill_type_code":null,"ng_psi":null,"ng_vehicle_class":null,"rd_blended_with_biodiesel":null,"rd_blends":null,"rd_blends_fr":null,"rd_max_biodiesel_level":null,"nps_unit_name":null,"access_days_time_fr":null,"intersection_directions_fr":null,"bd_blends_fr":null,"groups_with_access_code_fr":"Public","ev_pricing_fr":null,"ev_network_ids":{"station":["d0e864cf-fb2a-3dbf-1307-c00000006924"],"posts":["d9ac0aa1-4972-3e61-1307-300000228511","d9ac0aa1-4972-3e61-1307-300000228512"]}}},{"type":"Feature","geometry":{"type":"Point","coordinates":[-77.025527,38.883525]},"properties":{"access_code":"public","access_days_time":"24 hours daily","access_detail_code":null,"cards_accepted":null,"date_last_confirmed":"2025-04-23","expected_date":null,"fuel_type_code":"ELEC","groups_with_access_code":"Public","id":257461,"maximum_vehicle_class":null,"open_date":"2022-10-20","owner_type_code":null,"restricted_access":null,"status_code":"E","funding_sources":null,"facility_type":null,"station_name":"JBG - LEnfant Plaza - Washington DC","station_phone":"888-998-2546","updated_at":"2025-04-23T00:16:09Z","geocode_status":"GPS","city":"Washington","country":"US","intersection_directions":null,"plus4":null,"state":"DC","street_address":"480 L'Enfant Plaza Southwest","zip":"20024","bd_blends":null,"cng_dispenser_num":null,"cng_fill_type_code":null,"cng_has_rng":null,"cng_psi":null,"cng_renewable_source":null,"cng_total_compression":null,"cng_total_storage":null,"cng_vehicle_class":null,"e85_blender_pump":null,"e85_other_ethanol_blends":null,"ev_connector_types":["J1772"],"ev_dc_fast_num":null,"ev_level1_evse_num":null,"ev_level2_evse_num":2,"ev_network":"Blink Network","ev_network_web":"https://blinkcharging.com","ev_other_evse":null,"ev_pricing":null,"ev_renewable_source":null,"ev_workplace_charging":false,"hy_is_retail":null,"hy_pressures":null,"hy_standards":null,"hy_status_link":null,"lng_has_rng":null,"lng_renewable_source":null,"lng_vehicle_class":null,"lpg_nozzle_types":null,"lpg_primary":null,"ng_fill_type_code":null,"ng_psi":null,"ng_vehicle_class":null,"rd_blended_with_biodiesel":null,"rd_blends":null,"rd_blends_fr":null,"rd_max_biodiesel_level":null,"nps_unit_name":null,"access_days_time_fr":null,"intersection_directions_fr":null,"bd_blends_fr":null,"groups_with_access_code_fr":"Public","ev_pricing_fr":null,"ev_network_ids":{"station":["465ba1dd-d734-8158-93cc-330000172430"],"posts":["325d1e71-5b60-45c5-8062-632a38340306","e948fb20-cc4c-ed05-8919-edf99cff217b"]}}},{"type":"Feature","geometry":{"type":"Point","coordinates":[-77.036063,38.903948]},"properties":{"access_code":"public","access_days_time":"24 hours daily","access_detail_code":null,"cards_accepted":null,"date_last_confirmed":"2025-04-23","expected_date":"2024-08-31","fuel_type_code":"ELEC","groups_with_access_code":"TEMPORARILY UNAVAILABLE (Public)","id":257921,"maximum_vehicle_class":null,"open_date":"2023-02-15","owner_type_code":null,"restricted_access":null,"status_code":"T","funding_sources":null,"facility_type":null,"station_name":"1101 16th Street","station_phone":"888-998-2546","updated_at":"2025-04-23T00:25:46Z","geocode_status":"GPS","city":"Washington","country":"US","intersection_directions":null,"plus4":null,"state":"DC","street_address":"1101 16th Street NW","zip":"20036","bd_blends":null,"cng_dispenser_num":null,"cng_fill_type_code":null,"cng_has_rng":null,"cng_psi":null,"cng_renewable_source":null,"cng_total_compression":null,"cng_total_storage":null,"cng_vehicle_class":null,"e85_blender_pump":null,"e85_other_ethanol_blends":null,"ev_connector_types":["J1772"],"ev_dc_fast_num":null,"ev_level1_evse_num":null,"ev_level2_evse_num":2,"ev_network":"Blink Network","ev_network_web":"https://blinkcharging.com","ev_other_evse":null,"ev_pricing":null,"ev_renewable_source":null,"ev_workplace_charging":false,"hy_is_retail":null,"hy_pressures":null,"hy_standards":null,"hy_status_link":null,"lng_has_rng":null,"lng_renewable_source":null,"lng_vehicle_class":null,"lpg_nozzle_types":null,"lpg_primary":null,"ng_fill_type_code":null,"ng_psi":null,"ng_vehicle_class":null,"rd_blended_with_biodiesel":null,"rd_blends":null,"rd_blends_fr":null,"rd_max_biodiesel_level":null,"nps_unit_name":null,"access_days_time_fr":null,"intersection_directions_fr":null,"bd_blends_fr":null,"groups_with_access_code_fr":"TEMPORAIREMENT SUSPENDU (Public)","ev_pricing_fr":null,"ev_network_ids":{"station":["d0e864cf-fb2a-3dbf-1307-c00000007221"],"posts":["d9ac0aa1-4972-3e61-1307-300000243801","d9ac0aa1-4972-3e61-1307-300000243802"]}}},{"type":"Feature","geometry":{"type":"Point","coordinates":[-76.99126,38.84783]},"properties":{"access_code":"public","access_days_time":"24 hours daily","access_detail_code":null,"cards_accepted":null,"date_last_confirmed":"2025-04-23","expected_date":null,"fuel_type_code":"ELEC","groups_with_access_code":"Public","id":257932,"maximum_vehicle_class":null,"open_date":"2023-04-06","owner_type_code":null,"restricted_access":null,"status_code":"E","funding_sources":null,"facility_type":null,"station_name":"ST. ELIZABETH P CHARGER-004","station_phone":"888-758-4389","updated_at":"2025-04-23T01:39:07Z","geocode_status":"GPS","city":"Washington","country":"US","intersection_directions":"P-1","plus4":null,"state":"DC","street_address":"1100 Oak Dr SE","zip":"20020","bd_blends":null,"cng_dispenser_num":null,"cng_fill_type_code":null,"cng_has_rng":null,"cng_psi":null,"cng_renewable_source":null,"cng_total_compression":null,"cng_total_storage":null,"cng_vehicle_class":null,"e85_blender_pump":null,"e85_other_ethanol_blends":null,"ev_connector_types":["J1772"],"ev_dc_fast_num":null,"ev_level1_evse_num":null,"ev_level2_evse_num":2,"ev_network":"ChargePoint Network","ev_network_web":"https://www.chargepoint.com","ev_other_evse":null,"ev_pricing":null,"ev_renewable_source":null,"ev_workplace_charging":false,"hy_is_retail":null,"hy_pressures":null,"hy_standards":null,"hy_status_link":null,"lng_has_rng":null,"lng_renewable_source":null,"lng_vehicle_class":null,"lpg_nozzle_types":null,"lpg_primary":null,"ng_fill_type_code":null,"ng_psi":null,"ng_vehicle_class":null,"rd_blended_with_biodiesel":null,"rd_blends":null,"rd_blends_fr":null,"rd_max_biodiesel_level":null,"nps_unit_name":null,"access_days_time_fr":null,"intersection_directions_fr":null,"bd_blends_fr":null,"groups_with_access_code_fr":"Public","ev_pricing_fr":null,"ev_network_ids":{"station":["USCPIL12424591"],"posts":["21548921","21548931"]}}},{"type":"Feature","geometry":{"type":"Point","coordinates":[-76.99127,38.84784]},"properties":{"access_code":"public","access_days_time":"24 hours daily","access_detail_code":null,"cards_accepted":null,"date_last_confirmed":"2025-04-23","expected_date":null,"fuel_type_code":"ELEC","groups_with_access_code":"Public","id":257933,"maximum_vehicle_class":null,"open_date":"2023-04-06","owner_type_code":null,"restricted_access":null,"status_code":"E","funding_sources":null,"facility_type":null,"station_name":"ST. ELIZABETH P CHARGER-006","station_phone":"888-758-4389","updated_at":"2025-04-23T01:39:08Z","geocode_status":"GPS","city":"Washington","country":"US","intersection_directions":"P-1","plus4":null,"state":"DC","street_address":"1100 Oak Dr SE","zip":"20020","bd_blends":null,"cng_dispenser_num":null,"cng_fill_type_code":null,"cng_has_rng":null,"cng_psi":null,"cng_renewable_source":null,"cng_total_compression":null,"cng_total_storage":null,"cng_vehicle_class":null,"e85_blender_pump":null,"e85_other_ethanol_blends":null,"ev_connector_types":["J1772"],"ev_dc_fast_num":null,"ev_level1_evse_num":null,"ev_level2_evse_num":2,"ev_network":"ChargePoint Network","ev_network_web":"https://www.chargepoint.com","ev_other_evse":null,"ev_pricing":null,"ev_renewable_source":null,"ev_workplace_charging":false,"hy_is_retail":null,"hy_pressures":null,"hy_standards":null,"hy_status_link":null,"lng_has_rng":null,"lng_renewable_source":null,"lng_vehicle_class":null,"lpg_nozzle_types":null,"lpg_primary":null,"ng_fill_type_code":null,"ng_psi":null,"ng_vehicle_class":null,"rd_blended_with_biodiesel":null,"rd_blends":null,"rd_blends_fr":null,"rd_max_biodiesel_level":null,"nps_unit_name":null,"access_days_time_fr":null,"intersection_directions_fr":null,"bd_blends_fr":null,"groups_with_access_code_fr":"Public","ev_pricing_fr":null,"ev_network_ids":{"station":["USCPIL12424621"],"posts":["21548981","21548991"]}}},{"type":"Feature","geometry":{"type":"Point","coordinates":[-76.99125,38.84782]},"properties":{"access_code":"public","access_days_time":"24 hours daily","access_detail_code":null,"cards_accepted":null,"date_last_confirmed":"2025-04-23","expected_date":null,"fuel_type_code":"ELEC","groups_with_access_code":"Public","id":257934,"maximum_vehicle_class":null,"open_date":"2023-04-06","owner_type_code":null,"restricted_access":null,"status_code":"E","funding_sources":null,"facility_type":null,"station_name":"ST. ELIZABETH P CHARGER-005","station_phone":"888-758-4389","updated_at":"2025-04-23T01:39:08Z","geocode_status":"GPS","city":"Washington","country":"US","intersection_directions":"P-1","plus4":null,"state":"DC","street_address":"1100 Oak Dr SE","zip":"20020","bd_blends":null,"cng_dispenser_num":null,"cng_fill_type_code":null,"cng_has_rng":null,"cng_psi":null,"cng_renewable_source":null,"cng_total_compression":null,"cng_total_storage":null,"cng_vehicle_class":null,"e85_blender_pump":null,"e85_other_ethanol_blends":null,"ev_connector_types":["J1772"],"ev_dc_fast_num":null,"ev_level1_evse_num":null,"ev_level2_evse_num":2,"ev_network":"ChargePoint Network","ev_network_web":"https://www.chargepoint.com","ev_other_evse":null,"ev_pricing":null,"ev_renewable_source":null,"ev_workplace_charging":false,"hy_is_retail":null,"hy_pressures":null,"hy_standards":null,"hy_status_link":null,"lng_has_rng":null,"lng_renewable_source":null,"lng_vehicle_class":null,"lpg_nozzle_types":null,"lpg_primary":null,"ng_fill_type_code":null,"ng_psi":null,"ng_vehicle_class":null,"rd_blended_with_biodiesel":null,"rd_blends":null,"rd_blends_fr":null,"rd_max_biodiesel_level":null,"nps_unit_name":null,"access_days_time_fr":null,"intersection_directions_fr":null,"bd_blends_fr":null,"groups_with_access_code_fr":"Public","ev_pricing_fr":null,"ev_network_ids":{"station":["USCPIL12424631"],"posts":["21549001","21549011"]}}},{"type":"Feature","geometry":{"type":"Point","coordinates":[-76.99129,38.84786]},"properties":{"access_code":"public","access_days_time":"24 hours daily","access_detail_code":null,"cards_accepted":null,"date_last_confirmed":"2025-04-23","expected_date":null,"fuel_type_code":"ELEC","groups_with_access_code":"Public","id":257935,"maximum_vehicle_class":null,"open_date":"2023-04-06","owner_type_code":null,"restricted_access":null,"status_code":"E","funding_sources":null,"facility_type":null,"station_name":"ST. ELIZABETH P CHARGER 001","station_phone":"888-758-4389","updated_at":"2025-04-23T01:39:11Z","geocode_status":"GPS","city":"Washington","country":"US","intersection_directions":"P-1","plus4":null,"state":"DC","street_address":"1100 Oak Dr SE","zip":"20020","bd_blends":null,"cng_dispenser_num":null,"cng_fill_type_code":null,"cng_has_rng":null,"cng_psi":null,"cng_renewable_source":null,"cng_total_compression":null,"cng_total_storage":null,"cng_vehicle_class":null,"e85_blender_pump":null,"e85_other_ethanol_blends":null,"ev_connector_types":["J1772"],"ev_dc_fast_num":null,"ev_level1_evse_num":null,"ev_level2_evse_num":2,"ev_network":"ChargePoint Network","ev_network_web":"https://www.chargepoint.com","ev_other_evse":null,"ev_pricing":null,"ev_renewable_source":null,"ev_workplace_charging":false,"hy_is_retail":null,"hy_pressures":null,"hy_standards":null,"hy_status_link":null,"lng_has_rng":null,"lng_renewable_source":null,"lng_vehicle_class":null,"lpg_nozzle_types":null,"lpg_primary":null,"ng_fill_type_code":null,"ng_psi":null,"ng_vehicle_class":null,"rd_blended_with_biodiesel":null,"rd_blends":null,"rd_blends_fr":null,"rd_max_biodiesel_level":null,"nps_unit_name":null,"access_days_time_fr":null,"intersection_directions_fr":null,"bd_blends_fr":null,"groups_with_access_code_fr":"Public","ev_pricing_fr":null,"ev_network_ids":{"station":["USCPIL12426301"],"posts":["21551071","21551081"]}}},{"type":"Feature","geometry":{"type":"Point","coordinates":[-76.996952,38.910541]},"properties":{"access_code":"public","access_days_time":"24 hours daily","access_detail_code":null,"cards_accepted":null,"date_last_confirmed":"2025-04-23","expected_date":null,"fuel_type_code":"ELEC","groups_with_access_code":"Public","id":259884,"maximum_vehicle_class":null,"open_date":"2023-04-26","owner_type_code":null,"restricted_access":null,"status_code":"E","funding_sources":null,"facility_type":null,"station_name":"UDR THE MO #8","station_phone":"888-758-4389","updated_at":"2025-04-23T01:55:58Z","geocode_status":"GPS","city":"Washington","country":"US","intersection_directions":null,"plus4":null,"state":"DC","street_address":"440 Penn St NE","zip":"20002","bd_blends":null,"cng_dispenser_num":null,"cng_fill_type_code":null,"cng_has_rng":null,"cng_psi":null,"cng_renewable_source":null,"cng_total_compression":null,"cng_total_storage":null,"cng_vehicle_class":null,"e85_blender_pump":null,"e85_other_ethanol_blends":null,"ev_connector_types":["J1772"],"ev_dc_fast_num":null,"ev_level1_evse_num":null,"ev_level2_evse_num":2,"ev_network":"ChargePoint Network","ev_network_web":"https://www.chargepoint.com","ev_other_evse":null,"ev_pricing":null,"ev_renewable_source":null,"ev_workplace_charging":false,"hy_is_retail":null,"hy_pressures":null,"hy_standards":null,"hy_status_link":null,"lng_has_rng":null,"lng_renewable_source":null,"lng_vehicle_class":null,"lpg_nozzle_types":null,"lpg_primary":null,"ng_fill_type_code":null,"ng_psi":null,"ng_vehicle_class":null,"rd_blended_with_biodiesel":null,"rd_blends":null,"rd_blends_fr":null,"rd_max_biodiesel_level":null,"nps_unit_name":null,"access_days_time_fr":null,"intersection_directions_fr":null,"bd_blends_fr":null,"groups_with_access_code_fr":"Public","ev_pricing_fr":null,"ev_network_ids":{"station":["USCPIL13443501"],"posts":["22809031","22809041"]}}},{"type":"Feature","geometry":{"type":"Point","coordinates":[-77.0298326,38.8988961]},"properties":{"access_code":"public","access_days_time":"Contact station for hours of availability","access_detail_code":"CREDIT_CARD_ALWAYS","cards_accepted":"A ANDROID_PAY APPLE_PAY CREDIT D M","date_last_confirmed":"2023-06-12","expected_date":null,"fuel_type_code":"ELEC","groups_with_access_code":"Public - Credit card at all times","id":262098,"maximum_vehicle_class":"LD","open_date":"2023-01-18","owner_type_code":"P","restricted_access":false,"status_code":"E","funding_sources":null,"facility_type":"OFFICE_BLDG","station_name":"Hines","station_phone":"202-393-6810","updated_at":"2024-01-31T22:07:01Z","geocode_status":"GPS","city":"Washington","country":"US","intersection_directions":null,"plus4":null,"state":"DC","street_address":"700 13th St NW","zip":"20005","bd_blends":null,"cng_dispenser_num":null,"cng_fill_type_code":null,"cng_has_rng":null,"cng_psi":null,"cng_renewable_source":null,"cng_total_compression":null,"cng_total_storage":null,"cng_vehicle_class":null,"e85_blender_pump":null,"e85_other_ethanol_blends":null,"ev_connector_types":["J1772"],"ev_dc_fast_num":null,"ev_level1_evse_num":null,"ev_level2_evse_num":4,"ev_network":"AMPUP","ev_network_web":"https://ampup.io","ev_other_evse":null,"ev_pricing":null,"ev_renewable_source":null,"ev_workplace_charging":true,"hy_is_retail":null,"hy_pressures":null,"hy_standards":null,"hy_status_link":null,"lng_has_rng":null,"lng_renewable_source":null,"lng_vehicle_class":null,"lpg_nozzle_types":null,"lpg_primary":null,"ng_fill_type_code":null,"ng_psi":null,"ng_vehicle_class":null,"rd_blended_with_biodiesel":null,"rd_blends":null,"rd_blends_fr":null,"rd_max_biodiesel_level":null,"nps_unit_name":null,"access_days_time_fr":null,"intersection_directions_fr":null,"bd_blends_fr":null,"groups_with_access_code_fr":"Public - Carte de crédit en tout temps","ev_pricing_fr":null}},{"type":"Feature","geometry":{"type":"Point","coordinates":[-76.9825538,38.9447343]},"properties":{"access_code":"private","access_days_time":"Contact station for hours of availability","access_detail_code":null,"cards_accepted":null,"date_last_confirmed":"2023-06-12","expected_date":null,"fuel_type_code":"ELEC","groups_with_access_code":"Private","id":262189,"maximum_vehicle_class":"LD","open_date":"2023-04-19","owner_type_code":"P","restricted_access":null,"status_code":"E","funding_sources":null,"facility_type":"PLACE_OF_WORSHIP","station_name":"Whitefriars Hall","station_phone":null,"updated_at":"2024-01-31T22:07:01Z","geocode_status":"GPS","city":"Washington","country":"US","intersection_directions":null,"plus4":null,"state":"DC","street_address":"1600 Webster St NE","zip":"20017","bd_blends":null,"cng_dispenser_num":null,"cng_fill_type_code":null,"cng_has_rng":null,"cng_psi":null,"cng_renewable_source":null,"cng_total_compression":null,"cng_total_storage":null,"cng_vehicle_class":null,"e85_blender_pump":null,"e85_other_ethanol_blends":null,"ev_connector_types":["J1772"],"ev_dc_fast_num":null,"ev_level1_evse_num":null,"ev_level2_evse_num":2,"ev_network":"AMPUP","ev_network_web":"https://ampup.io","ev_other_evse":null,"ev_pricing":null,"ev_renewable_source":null,"ev_workplace_charging":false,"hy_is_retail":null,"hy_pressures":null,"hy_standards":null,"hy_status_link":null,"lng_has_rng":null,"lng_renewable_source":null,"lng_vehicle_class":null,"lpg_nozzle_types":null,"lpg_primary":null,"ng_fill_type_code":null,"ng_psi":null,"ng_vehicle_class":null,"rd_blended_with_biodiesel":null,"rd_blends":null,"rd_blends_fr":null,"rd_max_biodiesel_level":null,"nps_unit_name":null,"access_days_time_fr":null,"intersection_directions_fr":null,"bd_blends_fr":null,"groups_with_access_code_fr":"Privé","ev_pricing_fr":null}},{"type":"Feature","geometry":{"type":"Point","coordinates":[-76.996901,38.910565]},"properties":{"access_code":"public","access_days_time":"24 hours daily","access_detail_code":null,"cards_accepted":null,"date_last_confirmed":"2025-04-23","expected_date":null,"fuel_type_code":"ELEC","groups_with_access_code":"Public","id":262279,"maximum_vehicle_class":null,"open_date":"2023-06-07","owner_type_code":null,"restricted_access":null,"status_code":"E","funding_sources":null,"facility_type":null,"station_name":"UDR THE MO #2","station_phone":"888-758-4389","updated_at":"2025-04-23T01:55:50Z","geocode_status":"GPS","city":"Washington","country":"US","intersection_directions":null,"plus4":null,"state":"DC","street_address":"440 Penn St NE","zip":"20002","bd_blends":null,"cng_dispenser_num":null,"cng_fill_type_code":null,"cng_has_rng":null,"cng_psi":null,"cng_renewable_source":null,"cng_total_compression":null,"cng_total_storage":null,"cng_vehicle_class":null,"e85_blender_pump":null,"e85_other_ethanol_blends":null,"ev_connector_types":["J1772"],"ev_dc_fast_num":null,"ev_level1_evse_num":null,"ev_level2_evse_num":2,"ev_network":"ChargePoint Network","ev_network_web":"https://www.chargepoint.com","ev_other_evse":null,"ev_pricing":null,"ev_renewable_source":null,"ev_workplace_charging":false,"hy_is_retail":null,"hy_pressures":null,"hy_standards":null,"hy_status_link":null,"lng_has_rng":null,"lng_renewable_source":null,"lng_vehicle_class":null,"lpg_nozzle_types":null,"lpg_primary":null,"ng_fill_type_code":null,"ng_psi":null,"ng_vehicle_class":null,"rd_blended_with_biodiesel":null,"rd_blends":null,"rd_blends_fr":null,"rd_max_biodiesel_level":null,"nps_unit_name":null,"access_days_time_fr":null,"intersection_directions_fr":null,"bd_blends_fr":null,"groups_with_access_code_fr":"Public","ev_pricing_fr":null,"ev_network_ids":{"station":["USCPIL13432781"],"posts":["22797351","22797361"]}}},{"type":"Feature","geometry":{"type":"Point","coordinates":[-77.0101875,38.8680254]},"properties":{"access_code":"public","access_days_time":"24 hours daily","access_detail_code":null,"cards_accepted":null,"date_last_confirmed":"2025-04-23","expected_date":null,"fuel_type_code":"ELEC","groups_with_access_code":"Public","id":262821,"maximum_vehicle_class":null,"open_date":"2022-11-02","owner_type_code":null,"restricted_access":null,"status_code":"E","funding_sources":null,"facility_type":null,"station_name":"Verge","station_phone":"888-998-2546","updated_at":"2025-04-23T00:27:24Z","geocode_status":"GPS","city":"Washington","country":"US","intersection_directions":null,"plus4":null,"state":"DC","street_address":"1800 Half Street SW Washington, DC 20024","zip":"20024","bd_blends":null,"cng_dispenser_num":null,"cng_fill_type_code":null,"cng_has_rng":null,"cng_psi":null,"cng_renewable_source":null,"cng_total_compression":null,"cng_total_storage":null,"cng_vehicle_class":null,"e85_blender_pump":null,"e85_other_ethanol_blends":null,"ev_connector_types":["J1772"],"ev_dc_fast_num":null,"ev_level1_evse_num":null,"ev_level2_evse_num":4,"ev_network":"Blink Network","ev_network_web":"https://blinkcharging.com","ev_other_evse":null,"ev_pricing":null,"ev_renewable_source":null,"ev_workplace_charging":false,"hy_is_retail":null,"hy_pressures":null,"hy_standards":null,"hy_status_link":null,"lng_has_rng":null,"lng_renewable_source":null,"lng_vehicle_class":null,"lpg_nozzle_types":null,"lpg_primary":null,"ng_fill_type_code":null,"ng_psi":null,"ng_vehicle_class":null,"rd_blended_with_biodiesel":null,"rd_blends":null,"rd_blends_fr":null,"rd_max_biodiesel_level":null,"nps_unit_name":null,"access_days_time_fr":null,"intersection_directions_fr":null,"bd_blends_fr":null,"groups_with_access_code_fr":"Public","ev_pricing_fr":null,"ev_network_ids":{"station":["d0e864cf-fb2a-3dbf-1307-c00000007437"],"posts":["d9ac0aa1-4972-3e61-1307-300000219921","d9ac0aa1-4972-3e61-1307-300000220061","d9ac0aa1-4972-3e61-1307-300000220121","d9ac0aa1-4972-3e61-1307-300000220221"]}}},{"type":"Feature","geometry":{"type":"Point","coordinates":[-77.0632,38.905]},"properties":{"access_code":"public","access_days_time":"24 hours daily","access_detail_code":null,"cards_accepted":null,"date_last_confirmed":"2025-04-23","expected_date":null,"fuel_type_code":"ELEC","groups_with_access_code":"Public","id":279381,"maximum_vehicle_class":null,"open_date":"2023-06-22","owner_type_code":null,"restricted_access":null,"status_code":"E","funding_sources":null,"facility_type":null,"station_name":"Jamestown Georgetown Park Garage (Washington, DC)","station_phone":"833-632-2778","updated_at":"2025-04-23T03:02:15Z","geocode_status":"GPS","city":"Washington","country":"US","intersection_directions":null,"plus4":null,"state":"DC","street_address":"3222 M St NW","zip":"20007","bd_blends":null,"cng_dispenser_num":null,"cng_fill_type_code":null,"cng_has_rng":null,"cng_psi":null,"cng_renewable_source":null,"cng_total_compression":null,"cng_total_storage":null,"cng_vehicle_class":null,"e85_blender_pump":null,"e85_other_ethanol_blends":null,"ev_connector_types":["J1772COMBO"],"ev_dc_fast_num":6,"ev_level1_evse_num":null,"ev_level2_evse_num":null,"ev_network":"Electrify America","ev_network_web":"https://www.electrifyamerica.com","ev_other_evse":null,"ev_pricing":null,"ev_renewable_source":null,"ev_workplace_charging":false,"hy_is_retail":null,"hy_pressures":null,"hy_standards":null,"hy_status_link":null,"lng_has_rng":null,"lng_renewable_source":null,"lng_vehicle_class":null,"lpg_nozzle_types":null,"lpg_primary":null,"ng_fill_type_code":null,"ng_psi":null,"ng_vehicle_class":null,"rd_blended_with_biodiesel":null,"rd_blends":null,"rd_blends_fr":null,"rd_max_biodiesel_level":null,"nps_unit_name":null,"access_days_time_fr":null,"intersection_directions_fr":null,"bd_blends_fr":null,"groups_with_access_code_fr":"Public","ev_pricing_fr":null,"ev_network_ids":{"station":["220120"],"posts":["220120-01","220120-02","220120-03","220120-04","220120-05","220120-06"]}}},{"type":"Feature","geometry":{"type":"Point","coordinates":[-77.022677,38.898909]},"properties":{"access_code":"public","access_days_time":"24 hours daily","access_detail_code":null,"cards_accepted":null,"date_last_confirmed":"2025-04-23","expected_date":null,"fuel_type_code":"ELEC","groups_with_access_code":"Public","id":298826,"maximum_vehicle_class":null,"open_date":"2023-06-29","owner_type_code":null,"restricted_access":null,"status_code":"E","funding_sources":null,"facility_type":null,"station_name":"PORTRAIT BLDG EXPRESS250","station_phone":"888-758-4389","updated_at":"2025-04-23T01:54:30Z","geocode_status":"GPS","city":"Washington","country":"US","intersection_directions":"Garage","plus4":null,"state":"DC","street_address":"701 8th St NW","zip":"20001","bd_blends":null,"cng_dispenser_num":null,"cng_fill_type_code":null,"cng_has_rng":null,"cng_psi":null,"cng_renewable_source":null,"cng_total_compression":null,"cng_total_storage":null,"cng_vehicle_class":null,"e85_blender_pump":null,"e85_other_ethanol_blends":null,"ev_connector_types":["J1772"],"ev_dc_fast_num":null,"ev_level1_evse_num":null,"ev_level2_evse_num":2,"ev_network":"ChargePoint Network","ev_network_web":"https://www.chargepoint.com","ev_other_evse":null,"ev_pricing":null,"ev_renewable_source":null,"ev_workplace_charging":false,"hy_is_retail":null,"hy_pressures":null,"hy_standards":null,"hy_status_link":null,"lng_has_rng":null,"lng_renewable_source":null,"lng_vehicle_class":null,"lpg_nozzle_types":null,"lpg_primary":null,"ng_fill_type_code":null,"ng_psi":null,"ng_vehicle_class":null,"rd_blended_with_biodiesel":null,"rd_blends":null,"rd_blends_fr":null,"rd_max_biodiesel_level":null,"nps_unit_name":null,"access_days_time_fr":null,"intersection_directions_fr":null,"bd_blends_fr":null,"groups_with_access_code_fr":"Public","ev_pricing_fr":null,"ev_network_ids":{"station":["USCPIL13353821"],"posts":["22708231","22708241"]}}},{"type":"Feature","geometry":{"type":"Point","coordinates":[-77.026333,38.968882]},"properties":{"access_code":"public","access_days_time":"24 hours daily","access_detail_code":null,"cards_accepted":null,"date_last_confirmed":"2025-04-21","expected_date":null,"fuel_type_code":"ELEC","groups_with_access_code":"Public","id":301675,"maximum_vehicle_class":null,"open_date":"2023-06-29","owner_type_code":null,"restricted_access":null,"status_code":"E","funding_sources":null,"facility_type":null,"station_name":"Safeway Washington #1276","station_phone":"877-455-3833","updated_at":"2025-04-21T23:58:12Z","geocode_status":"GPS","city":"Washington","country":"US","intersection_directions":null,"plus4":null,"state":"DC","street_address":"6500 Piney Branch Rd NW","zip":"20012","bd_blends":null,"cng_dispenser_num":null,"cng_fill_type_code":null,"cng_has_rng":null,"cng_psi":null,"cng_renewable_source":null,"cng_total_compression":null,"cng_total_storage":null,"cng_vehicle_class":null,"e85_blender_pump":null,"e85_other_ethanol_blends":null,"ev_connector_types":["CHADEMO","J1772COMBO"],"ev_dc_fast_num":4,"ev_level1_evse_num":null,"ev_level2_evse_num":null,"ev_network":"eVgo Network","ev_network_web":"https://www.evgo.com","ev_other_evse":null,"ev_pricing":null,"ev_renewable_source":null,"ev_workplace_charging":false,"hy_is_retail":null,"hy_pressures":null,"hy_standards":null,"hy_status_link":null,"lng_has_rng":null,"lng_renewable_source":null,"lng_vehicle_class":null,"lpg_nozzle_types":null,"lpg_primary":null,"ng_fill_type_code":null,"ng_psi":null,"ng_vehicle_class":null,"rd_blended_with_biodiesel":null,"rd_blends":null,"rd_blends_fr":null,"rd_max_biodiesel_level":null,"nps_unit_name":null,"access_days_time_fr":null,"intersection_directions_fr":null,"bd_blends_fr":null,"groups_with_access_code_fr":"Public","ev_pricing_fr":null,"ev_network_ids":{"station":["53469"],"posts":["115567","115569","115573","115574"]}}},{"type":"Feature","geometry":{"type":"Point","coordinates":[-77.042768,38.903546]},"properties":{"access_code":"public","access_days_time":"24 hours daily","access_detail_code":null,"cards_accepted":null,"date_last_confirmed":"2025-04-23","expected_date":null,"fuel_type_code":"ELEC","groups_with_access_code":"Public","id":307866,"maximum_vehicle_class":null,"open_date":"2023-08-25","owner_type_code":null,"restricted_access":null,"status_code":"E","funding_sources":null,"facility_type":null,"station_name":"TOWER COMPANIES 1828 L ST #3","station_phone":"888-758-4389","updated_at":"2025-04-23T02:05:34Z","geocode_status":"GPS","city":"Washington","country":"US","intersection_directions":"Closed on the weekend","plus4":null,"state":"DC","street_address":"1828 L St NW","zip":"20036","bd_blends":null,"cng_dispenser_num":null,"cng_fill_type_code":null,"cng_has_rng":null,"cng_psi":null,"cng_renewable_source":null,"cng_total_compression":null,"cng_total_storage":null,"cng_vehicle_class":null,"e85_blender_pump":null,"e85_other_ethanol_blends":null,"ev_connector_types":["J1772"],"ev_dc_fast_num":null,"ev_level1_evse_num":null,"ev_level2_evse_num":2,"ev_network":"ChargePoint Network","ev_network_web":"https://www.chargepoint.com","ev_other_evse":null,"ev_pricing":null,"ev_renewable_source":null,"ev_workplace_charging":false,"hy_is_retail":null,"hy_pressures":null,"hy_standards":null,"hy_status_link":null,"lng_has_rng":null,"lng_renewable_source":null,"lng_vehicle_class":null,"lpg_nozzle_types":null,"lpg_primary":null,"ng_fill_type_code":null,"ng_psi":null,"ng_vehicle_class":null,"rd_blended_with_biodiesel":null,"rd_blends":null,"rd_blends_fr":null,"rd_max_biodiesel_level":null,"nps_unit_name":null,"access_days_time_fr":null,"intersection_directions_fr":null,"bd_blends_fr":null,"groups_with_access_code_fr":"Public","ev_pricing_fr":null,"ev_network_ids":{"station":["USCPIL13986081"],"posts":["23443301","23443311"]}}},{"type":"Feature","geometry":{"type":"Point","coordinates":[-77.04278,38.90352]},"properties":{"access_code":"public","access_days_time":"24 hours daily","access_detail_code":null,"cards_accepted":null,"date_last_confirmed":"2025-04-23","expected_date":null,"fuel_type_code":"ELEC","groups_with_access_code":"Public","id":307876,"maximum_vehicle_class":null,"open_date":"2023-08-25","owner_type_code":null,"restricted_access":null,"status_code":"E","funding_sources":null,"facility_type":null,"station_name":"TOWER COMPANIES 1828 L ST #2","station_phone":"888-758-4389","updated_at":"2025-04-23T02:05:52Z","geocode_status":"GPS","city":"Washington","country":"US","intersection_directions":"Closed on the weekend","plus4":null,"state":"DC","street_address":"1828 L St NW","zip":"20036","bd_blends":null,"cng_dispenser_num":null,"cng_fill_type_code":null,"cng_has_rng":null,"cng_psi":null,"cng_renewable_source":null,"cng_total_compression":null,"cng_total_storage":null,"cng_vehicle_class":null,"e85_blender_pump":null,"e85_other_ethanol_blends":null,"ev_connector_types":["J1772"],"ev_dc_fast_num":null,"ev_level1_evse_num":null,"ev_level2_evse_num":2,"ev_network":"ChargePoint Network","ev_network_web":"https://www.chargepoint.com","ev_other_evse":null,"ev_pricing":null,"ev_renewable_source":null,"ev_workplace_charging":false,"hy_is_retail":null,"hy_pressures":null,"hy_standards":null,"hy_status_link":null,"lng_has_rng":null,"lng_renewable_source":null,"lng_vehicle_class":null,"lpg_nozzle_types":null,"lpg_primary":null,"ng_fill_type_code":null,"ng_psi":null,"ng_vehicle_class":null,"rd_blended_with_biodiesel":null,"rd_blends":null,"rd_blends_fr":null,"rd_max_biodiesel_level":null,"nps_unit_name":null,"access_days_time_fr":null,"intersection_directions_fr":null,"bd_blends_fr":null,"groups_with_access_code_fr":"Public","ev_pricing_fr":null,"ev_network_ids":{"station":["USCPIL14008311"],"posts":["23469671","23469681"]}}},{"type":"Feature","geometry":{"type":"Point","coordinates":[-77.02581167221071,38.89703541952763]},"properties":{"access_code":"public","access_days_time":"Mon 6:00am - 12:00am; Tue 6:00am - 12:00am; Wed 6:00am - 12:00am; Thu 6:00am - 12:00am; Fri 6:00am - 1:00am; Sat 8:00am - 1:00am; Sun 8:00am - 12:00am","access_detail_code":null,"cards_accepted":"A D M V","date_last_confirmed":"2025-04-23","expected_date":null,"fuel_type_code":"ELEC","groups_with_access_code":"Public","id":307984,"maximum_vehicle_class":null,"open_date":"2023-08-26","owner_type_code":null,"restricted_access":null,"status_code":"E","funding_sources":null,"facility_type":"PUBLIC","station_name":"The Atlantic Building Garage","station_phone":"855-223-5351","updated_at":"2025-04-23T03:23:02Z","geocode_status":"GPS","city":"Washington","country":"US","intersection_directions":null,"plus4":null,"state":"DC","street_address":"545 10th St. NW.","zip":"20004","bd_blends":null,"cng_dispenser_num":null,"cng_fill_type_code":null,"cng_has_rng":null,"cng_psi":null,"cng_renewable_source":null,"cng_total_compression":null,"cng_total_storage":null,"cng_vehicle_class":null,"e85_blender_pump":null,"e85_other_ethanol_blends":null,"ev_connector_types":["J1772"],"ev_dc_fast_num":null,"ev_level1_evse_num":null,"ev_level2_evse_num":6,"ev_network":"FLASH","ev_network_web":"https://www.flashparking.com/products/diversify-parking-revenue/ev-charging-as-a-revenue-stream/","ev_other_evse":null,"ev_pricing":null,"ev_renewable_source":null,"ev_workplace_charging":false,"hy_is_retail":null,"hy_pressures":null,"hy_standards":null,"hy_status_link":null,"lng_has_rng":null,"lng_renewable_source":null,"lng_vehicle_class":null,"lpg_nozzle_types":null,"lpg_primary":null,"ng_fill_type_code":null,"ng_psi":null,"ng_vehicle_class":null,"rd_blended_with_biodiesel":null,"rd_blends":null,"rd_blends_fr":null,"rd_max_biodiesel_level":null,"nps_unit_name":null,"access_days_time_fr":null,"intersection_directions_fr":null,"bd_blends_fr":null,"groups_with_access_code_fr":"Public","ev_pricing_fr":null,"ev_network_ids":{"station":["51466"],"posts":["AX48-ENKL","AX48-IAYB","AX48-IXJZ","AX48-KHAK","AX48-LLQY","AX48-YYEU"]}}},{"type":"Feature","geometry":{"type":"Point","coordinates":[-77.00275003910066,38.90451879231134]},"properties":{"access_code":"public","access_days_time":"Mon 6:00am - 9:00pm; Tue 6:00am - 9:00pm; Wed 6:00am - 9:00pm; Thu 6:00am - 9:00pm; Fri 6:00am - 12:00am; Sat 9:00am - 12:00am; Sun 9:00am - 7:00pm","access_detail_code":null,"cards_accepted":"A D M V","date_last_confirmed":"2025-04-23","expected_date":null,"fuel_type_code":"ELEC","groups_with_access_code":"Public","id":308509,"maximum_vehicle_class":null,"open_date":"2023-09-02","owner_type_code":null,"restricted_access":null,"status_code":"E","funding_sources":null,"facility_type":"PUBLIC","station_name":"Uline Arena Garage","station_phone":"855-223-5351","updated_at":"2025-04-23T03:23:29Z","geocode_status":"GPS","city":"Washington","country":"US","intersection_directions":null,"plus4":null,"state":"DC","street_address":"1199 Congress St. NE.","zip":"20002","bd_blends":null,"cng_dispenser_num":null,"cng_fill_type_code":null,"cng_has_rng":null,"cng_psi":null,"cng_renewable_source":null,"cng_total_compression":null,"cng_total_storage":null,"cng_vehicle_class":null,"e85_blender_pump":null,"e85_other_ethanol_blends":null,"ev_connector_types":["J1772"],"ev_dc_fast_num":null,"ev_level1_evse_num":null,"ev_level2_evse_num":6,"ev_network":"FLASH","ev_network_web":"https://www.flashparking.com/products/diversify-parking-revenue/ev-charging-as-a-revenue-stream/","ev_other_evse":null,"ev_pricing":null,"ev_renewable_source":null,"ev_workplace_charging":false,"hy_is_retail":null,"hy_pressures":null,"hy_standards":null,"hy_status_link":null,"lng_has_rng":null,"lng_renewable_source":null,"lng_vehicle_class":null,"lpg_nozzle_types":null,"lpg_primary":null,"ng_fill_type_code":null,"ng_psi":null,"ng_vehicle_class":null,"rd_blended_with_biodiesel":null,"rd_blends":null,"rd_blends_fr":null,"rd_max_biodiesel_level":null,"nps_unit_name":null,"access_days_time_fr":null,"intersection_directions_fr":null,"bd_blends_fr":null,"groups_with_access_code_fr":"Public","ev_pricing_fr":null,"ev_network_ids":{"station":["51486"],"posts":["AX48-EAJW","AX48-GPVA","AX48-JYXD","AX48-PQNF","AX48-XMQW","AX48-XXII"]}}},{"type":"Feature","geometry":{"type":"Point","coordinates":[-77.0245976,38.8790341]},"properties":{"access_code":"public","access_days_time":"24 hours daily","access_detail_code":null,"cards_accepted":null,"date_last_confirmed":"2025-04-22","expected_date":null,"fuel_type_code":"ELEC","groups_with_access_code":"Public","id":308890,"maximum_vehicle_class":null,"open_date":"2017-08-23","owner_type_code":null,"restricted_access":null,"status_code":"E","funding_sources":null,"facility_type":null,"station_name":"VIO Resident Garage","station_phone":"888-998-2546","updated_at":"2025-04-23T00:00:03Z","geocode_status":"GPS","city":"Washington","country":"US","intersection_directions":null,"plus4":null,"state":"DC","street_address":"45 Sutton Square SW","zip":"20024","bd_blends":null,"cng_dispenser_num":null,"cng_fill_type_code":null,"cng_has_rng":null,"cng_psi":null,"cng_renewable_source":null,"cng_total_compression":null,"cng_total_storage":null,"cng_vehicle_class":null,"e85_blender_pump":null,"e85_other_ethanol_blends":null,"ev_connector_types":["J1772"],"ev_dc_fast_num":null,"ev_level1_evse_num":null,"ev_level2_evse_num":9,"ev_network":"Blink Network","ev_network_web":"https://blinkcharging.com","ev_other_evse":null,"ev_pricing":null,"ev_renewable_source":null,"ev_workplace_charging":false,"hy_is_retail":null,"hy_pressures":null,"hy_standards":null,"hy_status_link":null,"lng_has_rng":null,"lng_renewable_source":null,"lng_vehicle_class":null,"lpg_nozzle_types":null,"lpg_primary":null,"ng_fill_type_code":null,"ng_psi":null,"ng_vehicle_class":null,"rd_blended_with_biodiesel":null,"rd_blends":null,"rd_blends_fr":null,"rd_max_biodiesel_level":null,"nps_unit_name":null,"access_days_time_fr":null,"intersection_directions_fr":null,"bd_blends_fr":null,"groups_with_access_code_fr":"Public","ev_pricing_fr":null,"ev_network_ids":{"station":["d0e864cf-fb2a-3dbf-1307-c00000002105"],"posts":["d9ac0aa1-4972-3e61-1307-300000053891","d9ac0aa1-4972-3e61-1307-300000053901","d9ac0aa1-4972-3e61-1307-300000053931","d9ac0aa1-4972-3e61-1307-300000053941","d9ac0aa1-4972-3e61-1307-300000053951","d9ac0aa1-4972-3e61-1307-300000053991","d9ac0aa1-4972-3e61-1307-300000056721","d9ac0aa1-4972-3e61-1307-300000195491","d9ac0aa1-4972-3e61-1307-300000195521"]}}},{"type":"Feature","geometry":{"type":"Point","coordinates":[-77.024342,38.899383]},"properties":{"access_code":"public","access_days_time":"24 hours daily","access_detail_code":null,"cards_accepted":null,"date_last_confirmed":"2025-04-22","expected_date":null,"fuel_type_code":"ELEC","groups_with_access_code":"Public","id":308891,"maximum_vehicle_class":null,"open_date":"2017-09-29","owner_type_code":null,"restricted_access":null,"status_code":"E","funding_sources":null,"facility_type":null,"station_name":"Victor Building","station_phone":"888-998-2546","updated_at":"2025-04-23T00:00:04Z","geocode_status":"GPS","city":"Washington","country":"US","intersection_directions":null,"plus4":null,"state":"DC","street_address":"750 9th Street Northwest","zip":"20001","bd_blends":null,"cng_dispenser_num":null,"cng_fill_type_code":null,"cng_has_rng":null,"cng_psi":null,"cng_renewable_source":null,"cng_total_compression":null,"cng_total_storage":null,"cng_vehicle_class":null,"e85_blender_pump":null,"e85_other_ethanol_blends":null,"ev_connector_types":["J1772"],"ev_dc_fast_num":null,"ev_level1_evse_num":null,"ev_level2_evse_num":5,"ev_network":"Blink Network","ev_network_web":"https://blinkcharging.com","ev_other_evse":null,"ev_pricing":null,"ev_renewable_source":null,"ev_workplace_charging":false,"hy_is_retail":null,"hy_pressures":null,"hy_standards":null,"hy_status_link":null,"lng_has_rng":null,"lng_renewable_source":null,"lng_vehicle_class":null,"lpg_nozzle_types":null,"lpg_primary":null,"ng_fill_type_code":null,"ng_psi":null,"ng_vehicle_class":null,"rd_blended_with_biodiesel":null,"rd_blends":null,"rd_blends_fr":null,"rd_max_biodiesel_level":null,"nps_unit_name":null,"access_days_time_fr":null,"intersection_directions_fr":null,"bd_blends_fr":null,"groups_with_access_code_fr":"Public","ev_pricing_fr":null,"ev_network_ids":{"station":["d0e864cf-fb2a-3dbf-1307-c00000002111"],"posts":["d9ac0aa1-4972-3e61-1307-300000056881","d9ac0aa1-4972-3e61-1307-300000056891","d9ac0aa1-4972-3e61-1307-300000056901","d9ac0aa1-4972-3e61-1307-300000161581","d9ac0aa1-4972-3e61-1307-300000161651"]}}},{"type":"Feature","geometry":{"type":"Point","coordinates":[-77.0063357,38.9020512]},"properties":{"access_code":"public","access_days_time":"Mon 6:00am - 7:00pm; Tue 6:00am - 7:00pm; Wed 6:00am - 7:00pm; Thu 6:00am - 7:00pm; Fri 6:00am - 7:00pm; Sat 12:00am - 12:00am; Sun 12:00am - 12:00am","access_detail_code":null,"cards_accepted":null,"date_last_confirmed":"2025-04-23","expected_date":null,"fuel_type_code":"ELEC","groups_with_access_code":"Public","id":308998,"maximum_vehicle_class":null,"open_date":"2017-01-10","owner_type_code":null,"restricted_access":null,"status_code":"E","funding_sources":null,"facility_type":null,"station_name":"531709 - 77 K Street NE","station_phone":"888-998-2546","updated_at":"2025-04-23T00:01:28Z","geocode_status":"GPS","city":"Washington","country":"US","intersection_directions":null,"plus4":null,"state":"DC","street_address":"77 K St NE","zip":"20002","bd_blends":null,"cng_dispenser_num":null,"cng_fill_type_code":null,"cng_has_rng":null,"cng_psi":null,"cng_renewable_source":null,"cng_total_compression":null,"cng_total_storage":null,"cng_vehicle_class":null,"e85_blender_pump":null,"e85_other_ethanol_blends":null,"ev_connector_types":["J1772"],"ev_dc_fast_num":null,"ev_level1_evse_num":null,"ev_level2_evse_num":6,"ev_network":"Blink Network","ev_network_web":"https://blinkcharging.com","ev_other_evse":null,"ev_pricing":null,"ev_renewable_source":null,"ev_workplace_charging":false,"hy_is_retail":null,"hy_pressures":null,"hy_standards":null,"hy_status_link":null,"lng_has_rng":null,"lng_renewable_source":null,"lng_vehicle_class":null,"lpg_nozzle_types":null,"lpg_primary":null,"ng_fill_type_code":null,"ng_psi":null,"ng_vehicle_class":null,"rd_blended_with_biodiesel":null,"rd_blends":null,"rd_blends_fr":null,"rd_max_biodiesel_level":null,"nps_unit_name":null,"access_days_time_fr":null,"intersection_directions_fr":null,"bd_blends_fr":null,"groups_with_access_code_fr":"Public","ev_pricing_fr":null,"ev_network_ids":{"station":["d0e864cf-fb2a-3dbf-1307-c00000002497"],"posts":["6355770e-786e-4629-bd6d-1555b02e616a","d9ac0aa1-4972-3e61-1307-300000047451","d9ac0aa1-4972-3e61-1307-300000068901","d9ac0aa1-4972-3e61-1307-300000074401","d9ac0aa1-4972-3e61-1307-300000078751","d9ac0aa1-4972-3e61-1307-300000119311"]}}},{"type":"Feature","geometry":{"type":"Point","coordinates":[-77.014609,38.8759]},"properties":{"access_code":"public","access_days_time":"24 hours daily","access_detail_code":null,"cards_accepted":null,"date_last_confirmed":"2025-04-23","expected_date":null,"fuel_type_code":"ELEC","groups_with_access_code":"Public","id":309009,"maximum_vehicle_class":null,"open_date":"2018-02-07","owner_type_code":null,"restricted_access":null,"status_code":"E","funding_sources":null,"facility_type":null,"station_name":"Valo Apartments","station_phone":"888-998-2546","updated_at":"2025-04-23T00:01:36Z","geocode_status":"GPS","city":"Washington","country":"US","intersection_directions":null,"plus4":null,"state":"DC","street_address":"222 M St SW","zip":"20024","bd_blends":null,"cng_dispenser_num":null,"cng_fill_type_code":null,"cng_has_rng":null,"cng_psi":null,"cng_renewable_source":null,"cng_total_compression":null,"cng_total_storage":null,"cng_vehicle_class":null,"e85_blender_pump":null,"e85_other_ethanol_blends":null,"ev_connector_types":["J1772"],"ev_dc_fast_num":null,"ev_level1_evse_num":null,"ev_level2_evse_num":4,"ev_network":"Blink Network","ev_network_web":"https://blinkcharging.com","ev_other_evse":null,"ev_pricing":null,"ev_renewable_source":null,"ev_workplace_charging":false,"hy_is_retail":null,"hy_pressures":null,"hy_standards":null,"hy_status_link":null,"lng_has_rng":null,"lng_renewable_source":null,"lng_vehicle_class":null,"lpg_nozzle_types":null,"lpg_primary":null,"ng_fill_type_code":null,"ng_psi":null,"ng_vehicle_class":null,"rd_blended_with_biodiesel":null,"rd_blends":null,"rd_blends_fr":null,"rd_max_biodiesel_level":null,"nps_unit_name":null,"access_days_time_fr":null,"intersection_directions_fr":null,"bd_blends_fr":null,"groups_with_access_code_fr":"Public","ev_pricing_fr":null,"ev_network_ids":{"station":["d0e864cf-fb2a-3dbf-1307-c00000002595"],"posts":["d9ac0aa1-4972-3e61-1307-300000062671","d9ac0aa1-4972-3e61-1307-300000062681","d9ac0aa1-4972-3e61-1307-300000062691","d9ac0aa1-4972-3e61-1307-300000075861"]}}},{"type":"Feature","geometry":{"type":"Point","coordinates":[-77.0430436,38.9066664]},"properties":{"access_code":"public","access_days_time":"24 hours daily","access_detail_code":null,"cards_accepted":null,"date_last_confirmed":"2025-04-23","expected_date":"2024-07-02","fuel_type_code":"ELEC","groups_with_access_code":"TEMPORARILY UNAVAILABLE (Public)","id":309134,"maximum_vehicle_class":null,"open_date":"2016-06-27","owner_type_code":null,"restricted_access":null,"status_code":"T","funding_sources":null,"facility_type":null,"station_name":"DC Jefferson Building","station_phone":"888-998-2546","updated_at":"2025-04-23T00:02:54Z","geocode_status":"GPS","city":"Washington","country":"US","intersection_directions":null,"plus4":null,"state":"DC","street_address":"1225 19th Street Northwest","zip":"20036","bd_blends":null,"cng_dispenser_num":null,"cng_fill_type_code":null,"cng_has_rng":null,"cng_psi":null,"cng_renewable_source":null,"cng_total_compression":null,"cng_total_storage":null,"cng_vehicle_class":null,"e85_blender_pump":null,"e85_other_ethanol_blends":null,"ev_connector_types":["J1772"],"ev_dc_fast_num":null,"ev_level1_evse_num":null,"ev_level2_evse_num":1,"ev_network":"Blink Network","ev_network_web":"https://blinkcharging.com","ev_other_evse":null,"ev_pricing":null,"ev_renewable_source":null,"ev_workplace_charging":false,"hy_is_retail":null,"hy_pressures":null,"hy_standards":null,"hy_status_link":null,"lng_has_rng":null,"lng_renewable_source":null,"lng_vehicle_class":null,"lpg_nozzle_types":null,"lpg_primary":null,"ng_fill_type_code":null,"ng_psi":null,"ng_vehicle_class":null,"rd_blended_with_biodiesel":null,"rd_blends":null,"rd_blends_fr":null,"rd_max_biodiesel_level":null,"nps_unit_name":null,"access_days_time_fr":null,"intersection_directions_fr":null,"bd_blends_fr":null,"groups_with_access_code_fr":"TEMPORAIREMENT SUSPENDU (Public)","ev_pricing_fr":null,"ev_network_ids":{"station":["d0e864cf-fb2a-3dbf-1307-c00000002757"],"posts":["d9ac0aa1-4972-3e61-1307-300000036801"]}}},{"type":"Feature","geometry":{"type":"Point","coordinates":[-77.02149562,38.87645066]},"properties":{"access_code":"public","access_days_time":"24 hours daily","access_detail_code":null,"cards_accepted":null,"date_last_confirmed":"2025-04-23","expected_date":null,"fuel_type_code":"ELEC","groups_with_access_code":"Public","id":309303,"maximum_vehicle_class":null,"open_date":"2022-05-19","owner_type_code":null,"restricted_access":null,"status_code":"E","funding_sources":null,"facility_type":null,"station_name":"DC-L","station_phone":"888-998-2546","updated_at":"2025-04-23T00:23:11Z","geocode_status":"GPS","city":"Washington","country":"US","intersection_directions":null,"plus4":null,"state":"DC","street_address":"601 Wharf St SW","zip":"20024","bd_blends":null,"cng_dispenser_num":null,"cng_fill_type_code":null,"cng_has_rng":null,"cng_psi":null,"cng_renewable_source":null,"cng_total_compression":null,"cng_total_storage":null,"cng_vehicle_class":null,"e85_blender_pump":null,"e85_other_ethanol_blends":null,"ev_connector_types":["J1772"],"ev_dc_fast_num":null,"ev_level1_evse_num":null,"ev_level2_evse_num":1,"ev_network":"Blink Network","ev_network_web":"https://blinkcharging.com","ev_other_evse":null,"ev_pricing":null,"ev_renewable_source":null,"ev_workplace_charging":false,"hy_is_retail":null,"hy_pressures":null,"hy_standards":null,"hy_status_link":null,"lng_has_rng":null,"lng_renewable_source":null,"lng_vehicle_class":null,"lpg_nozzle_types":null,"lpg_primary":null,"ng_fill_type_code":null,"ng_psi":null,"ng_vehicle_class":null,"rd_blended_with_biodiesel":null,"rd_blends":null,"rd_blends_fr":null,"rd_max_biodiesel_level":null,"nps_unit_name":null,"access_days_time_fr":null,"intersection_directions_fr":null,"bd_blends_fr":null,"groups_with_access_code_fr":"Public","ev_pricing_fr":null,"ev_network_ids":{"station":["d0e864cf-fb2a-3dbf-1307-c00000006818"],"posts":["de132212-e7ce-4f58-985e-5994fe63bc3a"]}}},{"type":"Feature","geometry":{"type":"Point","coordinates":[-77.0470223,38.9011081]},"properties":{"access_code":"public","access_days_time":"24 hours daily","access_detail_code":null,"cards_accepted":null,"date_last_confirmed":"2025-04-23","expected_date":null,"fuel_type_code":"ELEC","groups_with_access_code":"Public","id":309318,"maximum_vehicle_class":null,"open_date":"2021-11-03","owner_type_code":null,"restricted_access":null,"status_code":"E","funding_sources":null,"facility_type":null,"station_name":"2100 Penn","station_phone":"888-998-2546","updated_at":"2025-04-23T00:23:19Z","geocode_status":"GPS","city":"Washington","country":"US","intersection_directions":null,"plus4":null,"state":"DC","street_address":"2100 Pennsylvania Avenue Northwest","zip":"20037","bd_blends":null,"cng_dispenser_num":null,"cng_fill_type_code":null,"cng_has_rng":null,"cng_psi":null,"cng_renewable_source":null,"cng_total_compression":null,"cng_total_storage":null,"cng_vehicle_class":null,"e85_blender_pump":null,"e85_other_ethanol_blends":null,"ev_connector_types":["J1772"],"ev_dc_fast_num":null,"ev_level1_evse_num":null,"ev_level2_evse_num":5,"ev_network":"Blink Network","ev_network_web":"https://blinkcharging.com","ev_other_evse":null,"ev_pricing":null,"ev_renewable_source":null,"ev_workplace_charging":false,"hy_is_retail":null,"hy_pressures":null,"hy_standards":null,"hy_status_link":null,"lng_has_rng":null,"lng_renewable_source":null,"lng_vehicle_class":null,"lpg_nozzle_types":null,"lpg_primary":null,"ng_fill_type_code":null,"ng_psi":null,"ng_vehicle_class":null,"rd_blended_with_biodiesel":null,"rd_blends":null,"rd_blends_fr":null,"rd_max_biodiesel_level":null,"nps_unit_name":null,"access_days_time_fr":null,"intersection_directions_fr":null,"bd_blends_fr":null,"groups_with_access_code_fr":"Public","ev_pricing_fr":null,"ev_network_ids":{"station":["d0e864cf-fb2a-3dbf-1307-c00000006868"],"posts":["d9ac0aa1-4972-3e61-1307-300000155081","d9ac0aa1-4972-3e61-1307-300000155091","d9ac0aa1-4972-3e61-1307-300000155111","d9ac0aa1-4972-3e61-1307-300000155121","d9ac0aa1-4972-3e61-1307-300000155131"]}}},{"type":"Feature","geometry":{"type":"Point","coordinates":[-77.08182946,38.93357433]},"properties":{"access_code":"public","access_days_time":"24 hours daily","access_detail_code":null,"cards_accepted":null,"date_last_confirmed":"2025-04-23","expected_date":null,"fuel_type_code":"ELEC","groups_with_access_code":"Public","id":309383,"maximum_vehicle_class":null,"open_date":"2019-02-07","owner_type_code":null,"restricted_access":null,"status_code":"E","funding_sources":null,"facility_type":null,"station_name":"431702  Avalon at Foxhall","station_phone":"888-998-2546","updated_at":"2025-04-23T00:06:32Z","geocode_status":"GPS","city":"Washington","country":"US","intersection_directions":null,"plus4":null,"state":"DC","street_address":"4100 Massachusetts Avenue Northwest","zip":"20016","bd_blends":null,"cng_dispenser_num":null,"cng_fill_type_code":null,"cng_has_rng":null,"cng_psi":null,"cng_renewable_source":null,"cng_total_compression":null,"cng_total_storage":null,"cng_vehicle_class":null,"e85_blender_pump":null,"e85_other_ethanol_blends":null,"ev_connector_types":["J1772"],"ev_dc_fast_num":null,"ev_level1_evse_num":null,"ev_level2_evse_num":4,"ev_network":"Blink Network","ev_network_web":"https://blinkcharging.com","ev_other_evse":null,"ev_pricing":null,"ev_renewable_source":null,"ev_workplace_charging":false,"hy_is_retail":null,"hy_pressures":null,"hy_standards":null,"hy_status_link":null,"lng_has_rng":null,"lng_renewable_source":null,"lng_vehicle_class":null,"lpg_nozzle_types":null,"lpg_primary":null,"ng_fill_type_code":null,"ng_psi":null,"ng_vehicle_class":null,"rd_blended_with_biodiesel":null,"rd_blends":null,"rd_blends_fr":null,"rd_max_biodiesel_level":null,"nps_unit_name":null,"access_days_time_fr":null,"intersection_directions_fr":null,"bd_blends_fr":null,"groups_with_access_code_fr":"Public","ev_pricing_fr":null,"ev_network_ids":{"station":["d0e864cf-fb2a-3dbf-1307-c00000003005"],"posts":["d9ac0aa1-4972-3e61-1307-300000084601","d9ac0aa1-4972-3e61-1307-300000084611","d9ac0aa1-4972-3e61-1307-300000084621","d9ac0aa1-4972-3e61-1307-300000084631"]}}},{"type":"Feature","geometry":{"type":"Point","coordinates":[-77.0191846,38.8988895]},"properties":{"access_code":"public","access_days_time":"24 hours daily","access_detail_code":null,"cards_accepted":null,"date_last_confirmed":"2025-04-23","expected_date":null,"fuel_type_code":"ELEC","groups_with_access_code":"Public","id":309422,"maximum_vehicle_class":null,"open_date":"2019-05-08","owner_type_code":null,"restricted_access":null,"status_code":"E","funding_sources":null,"facility_type":null,"station_name":"431701  Avalon at Gallery Place","station_phone":"888-998-2546","updated_at":"2025-04-23T00:05:24Z","geocode_status":"GPS","city":"Washington","country":"US","intersection_directions":null,"plus4":null,"state":"DC","street_address":"770 5th Street Northwest","zip":"20001","bd_blends":null,"cng_dispenser_num":null,"cng_fill_type_code":null,"cng_has_rng":null,"cng_psi":null,"cng_renewable_source":null,"cng_total_compression":null,"cng_total_storage":null,"cng_vehicle_class":null,"e85_blender_pump":null,"e85_other_ethanol_blends":null,"ev_connector_types":["J1772"],"ev_dc_fast_num":null,"ev_level1_evse_num":null,"ev_level2_evse_num":3,"ev_network":"Blink Network","ev_network_web":"https://blinkcharging.com","ev_other_evse":null,"ev_pricing":null,"ev_renewable_source":null,"ev_workplace_charging":false,"hy_is_retail":null,"hy_pressures":null,"hy_standards":null,"hy_status_link":null,"lng_has_rng":null,"lng_renewable_source":null,"lng_vehicle_class":null,"lpg_nozzle_types":null,"lpg_primary":null,"ng_fill_type_code":null,"ng_psi":null,"ng_vehicle_class":null,"rd_blended_with_biodiesel":null,"rd_blends":null,"rd_blends_fr":null,"rd_max_biodiesel_level":null,"nps_unit_name":null,"access_days_time_fr":null,"intersection_directions_fr":null,"bd_blends_fr":null,"groups_with_access_code_fr":"Public","ev_pricing_fr":null,"ev_network_ids":{"station":["d0e864cf-fb2a-3dbf-1307-c00000003149"],"posts":["d9ac0aa1-4972-3e61-1307-300000091261","d9ac0aa1-4972-3e61-1307-300000091271","d9ac0aa1-4972-3e61-1307-300000091281"]}}},{"type":"Feature","geometry":{"type":"Point","coordinates":[-77.0213025,38.8765843]},"properties":{"access_code":"public","access_days_time":"24 hours daily","access_detail_code":null,"cards_accepted":null,"date_last_confirmed":"2025-04-23","expected_date":null,"fuel_type_code":"ELEC","groups_with_access_code":"Public","id":309475,"maximum_vehicle_class":null,"open_date":"2022-05-19","owner_type_code":null,"restricted_access":null,"status_code":"E","funding_sources":null,"facility_type":null,"station_name":"Amaris","station_phone":"888-998-2546","updated_at":"2025-04-23T00:24:41Z","geocode_status":"GPS","city":"Washington","country":"US","intersection_directions":null,"plus4":null,"state":"DC","street_address":"601 Wharf Street SW","zip":"20024","bd_blends":null,"cng_dispenser_num":null,"cng_fill_type_code":null,"cng_has_rng":null,"cng_psi":null,"cng_renewable_source":null,"cng_total_compression":null,"cng_total_storage":null,"cng_vehicle_class":null,"e85_blender_pump":null,"e85_other_ethanol_blends":null,"ev_connector_types":["J1772"],"ev_dc_fast_num":null,"ev_level1_evse_num":null,"ev_level2_evse_num":1,"ev_network":"Blink Network","ev_network_web":"https://blinkcharging.com","ev_other_evse":null,"ev_pricing":null,"ev_renewable_source":null,"ev_workplace_charging":false,"hy_is_retail":null,"hy_pressures":null,"hy_standards":null,"hy_status_link":null,"lng_has_rng":null,"lng_renewable_source":null,"lng_vehicle_class":null,"lpg_nozzle_types":null,"lpg_primary":null,"ng_fill_type_code":null,"ng_psi":null,"ng_vehicle_class":null,"rd_blended_with_biodiesel":null,"rd_blends":null,"rd_blends_fr":null,"rd_max_biodiesel_level":null,"nps_unit_name":null,"access_days_time_fr":null,"intersection_directions_fr":null,"bd_blends_fr":null,"groups_with_access_code_fr":"Public","ev_pricing_fr":null,"ev_network_ids":{"station":["d0e864cf-fb2a-3dbf-1307-c00000007136"],"posts":["d9ac0aa1-4972-3e61-1307-300000183661"]}}},{"type":"Feature","geometry":{"type":"Point","coordinates":[-77.0213025,38.8765843]},"properties":{"access_code":"public","access_days_time":"24 hours daily","access_detail_code":null,"cards_accepted":null,"date_last_confirmed":"2025-04-23","expected_date":null,"fuel_type_code":"ELEC","groups_with_access_code":"Public","id":309503,"maximum_vehicle_class":null,"open_date":"2022-05-19","owner_type_code":null,"restricted_access":null,"status_code":"E","funding_sources":null,"facility_type":null,"station_name":"601 Wharf St","station_phone":"888-998-2546","updated_at":"2025-04-23T00:26:00Z","geocode_status":"GPS","city":"Washington","country":"US","intersection_directions":null,"plus4":null,"state":"DC","street_address":"601 Wharf St SW","zip":"20024","bd_blends":null,"cng_dispenser_num":null,"cng_fill_type_code":null,"cng_has_rng":null,"cng_psi":null,"cng_renewable_source":null,"cng_total_compression":null,"cng_total_storage":null,"cng_vehicle_class":null,"e85_blender_pump":null,"e85_other_ethanol_blends":null,"ev_connector_types":["J1772"],"ev_dc_fast_num":null,"ev_level1_evse_num":null,"ev_level2_evse_num":1,"ev_network":"Blink Network","ev_network_web":"https://blinkcharging.com","ev_other_evse":null,"ev_pricing":null,"ev_renewable_source":null,"ev_workplace_charging":false,"hy_is_retail":null,"hy_pressures":null,"hy_standards":null,"hy_status_link":null,"lng_has_rng":null,"lng_renewable_source":null,"lng_vehicle_class":null,"lpg_nozzle_types":null,"lpg_primary":null,"ng_fill_type_code":null,"ng_psi":null,"ng_vehicle_class":null,"rd_blended_with_biodiesel":null,"rd_blends":null,"rd_blends_fr":null,"rd_max_biodiesel_level":null,"nps_unit_name":null,"access_days_time_fr":null,"intersection_directions_fr":null,"bd_blends_fr":null,"groups_with_access_code_fr":"Public","ev_pricing_fr":null,"ev_network_ids":{"station":["d0e864cf-fb2a-3dbf-1307-c00000007324"],"posts":["d9ac0aa1-4972-3e61-1307-300000183591"]}}},{"type":"Feature","geometry":{"type":"Point","coordinates":[-77.0213025,38.8765843]},"properties":{"access_code":"public","access_days_time":"24 hours daily","access_detail_code":null,"cards_accepted":null,"date_last_confirmed":"2025-04-23","expected_date":null,"fuel_type_code":"ELEC","groups_with_access_code":"Public","id":309512,"maximum_vehicle_class":null,"open_date":"2022-11-28","owner_type_code":null,"restricted_access":null,"status_code":"E","funding_sources":null,"facility_type":null,"station_name":"Amaris Condo","station_phone":"888-998-2546","updated_at":"2025-04-23T00:26:01Z","geocode_status":"GPS","city":"Washington","country":"US","intersection_directions":null,"plus4":null,"state":"DC","street_address":"601 Wharf St SW","zip":"20024","bd_blends":null,"cng_dispenser_num":null,"cng_fill_type_code":null,"cng_has_rng":null,"cng_psi":null,"cng_renewable_source":null,"cng_total_compression":null,"cng_total_storage":null,"cng_vehicle_class":null,"e85_blender_pump":null,"e85_other_ethanol_blends":null,"ev_connector_types":["J1772"],"ev_dc_fast_num":null,"ev_level1_evse_num":null,"ev_level2_evse_num":1,"ev_network":"Blink Network","ev_network_web":"https://blinkcharging.com","ev_other_evse":null,"ev_pricing":null,"ev_renewable_source":null,"ev_workplace_charging":false,"hy_is_retail":null,"hy_pressures":null,"hy_standards":null,"hy_status_link":null,"lng_has_rng":null,"lng_renewable_source":null,"lng_vehicle_class":null,"lpg_nozzle_types":null,"lpg_primary":null,"ng_fill_type_code":null,"ng_psi":null,"ng_vehicle_class":null,"rd_blended_with_biodiesel":null,"rd_blends":null,"rd_blends_fr":null,"rd_max_biodiesel_level":null,"nps_unit_name":null,"access_days_time_fr":null,"intersection_directions_fr":null,"bd_blends_fr":null,"groups_with_access_code_fr":"Public","ev_pricing_fr":null,"ev_network_ids":{"station":["d0e864cf-fb2a-3dbf-1307-c00000007340"],"posts":["d9ac0aa1-4972-3e61-1307-300000226421"]}}},{"type":"Feature","geometry":{"type":"Point","coordinates":[-77.01925,38.89898]},"properties":{"access_code":"public","access_days_time":"24 hours daily","access_detail_code":null,"cards_accepted":null,"date_last_confirmed":"2025-04-23","expected_date":null,"fuel_type_code":"ELEC","groups_with_access_code":"Public","id":309533,"maximum_vehicle_class":null,"open_date":"2019-05-08","owner_type_code":null,"restricted_access":null,"status_code":"E","funding_sources":null,"facility_type":null,"station_name":"431701  Avalon at Gallery Place (Shared)","station_phone":"888-998-2546","updated_at":"2025-04-23T00:26:31Z","geocode_status":"GPS","city":"Washington","country":"US","intersection_directions":null,"plus4":null,"state":"DC","street_address":"770 5th Street Northwest","zip":"20001","bd_blends":null,"cng_dispenser_num":null,"cng_fill_type_code":null,"cng_has_rng":null,"cng_psi":null,"cng_renewable_source":null,"cng_total_compression":null,"cng_total_storage":null,"cng_vehicle_class":null,"e85_blender_pump":null,"e85_other_ethanol_blends":null,"ev_connector_types":["J1772"],"ev_dc_fast_num":null,"ev_level1_evse_num":null,"ev_level2_evse_num":1,"ev_network":"Blink Network","ev_network_web":"https://blinkcharging.com","ev_other_evse":null,"ev_pricing":null,"ev_renewable_source":null,"ev_workplace_charging":false,"hy_is_retail":null,"hy_pressures":null,"hy_standards":null,"hy_status_link":null,"lng_has_rng":null,"lng_renewable_source":null,"lng_vehicle_class":null,"lpg_nozzle_types":null,"lpg_primary":null,"ng_fill_type_code":null,"ng_psi":null,"ng_vehicle_class":null,"rd_blended_with_biodiesel":null,"rd_blends":null,"rd_blends_fr":null,"rd_max_biodiesel_level":null,"nps_unit_name":null,"access_days_time_fr":null,"intersection_directions_fr":null,"bd_blends_fr":null,"groups_with_access_code_fr":"Public","ev_pricing_fr":null,"ev_network_ids":{"station":["3368ec72-0c33-4626-b8f9-26e62c667261"],"posts":["d9ac0aa1-4972-3e61-1307-300000091251"]}}},{"type":"Feature","geometry":{"type":"Point","coordinates":[-77.024354,38.8981064]},"properties":{"access_code":"public","access_days_time":"24 hours daily","access_detail_code":null,"cards_accepted":null,"date_last_confirmed":"2025-04-23","expected_date":null,"fuel_type_code":"ELEC","groups_with_access_code":"Public","id":309571,"maximum_vehicle_class":null,"open_date":"2014-04-01","owner_type_code":null,"restricted_access":null,"status_code":"E","funding_sources":null,"facility_type":null,"station_name":"Masaveu 900 G Washington, LLC","station_phone":"888-998-2546","updated_at":"2025-04-23T00:07:54Z","geocode_status":"GPS","city":"Washington","country":"US","intersection_directions":null,"plus4":null,"state":"DC","street_address":"900 G Street Northwest","zip":"20001","bd_blends":null,"cng_dispenser_num":null,"cng_fill_type_code":null,"cng_has_rng":null,"cng_psi":null,"cng_renewable_source":null,"cng_total_compression":null,"cng_total_storage":null,"cng_vehicle_class":null,"e85_blender_pump":null,"e85_other_ethanol_blends":null,"ev_connector_types":["J1772"],"ev_dc_fast_num":null,"ev_level1_evse_num":null,"ev_level2_evse_num":3,"ev_network":"Blink Network","ev_network_web":"https://blinkcharging.com","ev_other_evse":null,"ev_pricing":null,"ev_renewable_source":null,"ev_workplace_charging":false,"hy_is_retail":null,"hy_pressures":null,"hy_standards":null,"hy_status_link":null,"lng_has_rng":null,"lng_renewable_source":null,"lng_vehicle_class":null,"lpg_nozzle_types":null,"lpg_primary":null,"ng_fill_type_code":null,"ng_psi":null,"ng_vehicle_class":null,"rd_blended_with_biodiesel":null,"rd_blends":null,"rd_blends_fr":null,"rd_max_biodiesel_level":null,"nps_unit_name":null,"access_days_time_fr":null,"intersection_directions_fr":null,"bd_blends_fr":null,"groups_with_access_code_fr":"Public","ev_pricing_fr":null,"ev_network_ids":{"station":["d0e864cf-fb2a-3dbf-1307-c00000003407"],"posts":["d9ac0aa1-4972-3e61-1307-300000015771","d9ac0aa1-4972-3e61-1307-300000015781","d9ac0aa1-4972-3e61-1307-300000015791"]}}},{"type":"Feature","geometry":{"type":"Point","coordinates":[-77.0281661,38.8962672]},"properties":{"access_code":"public","access_days_time":"24 hours daily","access_detail_code":null,"cards_accepted":null,"date_last_confirmed":"2025-04-23","expected_date":null,"fuel_type_code":"ELEC","groups_with_access_code":"Public","id":309572,"maximum_vehicle_class":null,"open_date":"2019-01-29","owner_type_code":null,"restricted_access":null,"status_code":"E","funding_sources":null,"facility_type":null,"station_name":"The Warner Building","station_phone":"888-998-2546","updated_at":"2025-04-23T00:07:54Z","geocode_status":"GPS","city":"Washington","country":"US","intersection_directions":null,"plus4":null,"state":"DC","street_address":"1299 Pennsylvania Ave NW","zip":"20004","bd_blends":null,"cng_dispenser_num":null,"cng_fill_type_code":null,"cng_has_rng":null,"cng_psi":null,"cng_renewable_source":null,"cng_total_compression":null,"cng_total_storage":null,"cng_vehicle_class":null,"e85_blender_pump":null,"e85_other_ethanol_blends":null,"ev_connector_types":["J1772"],"ev_dc_fast_num":null,"ev_level1_evse_num":null,"ev_level2_evse_num":8,"ev_network":"Blink Network","ev_network_web":"https://blinkcharging.com","ev_other_evse":null,"ev_pricing":null,"ev_renewable_source":null,"ev_workplace_charging":false,"hy_is_retail":null,"hy_pressures":null,"hy_standards":null,"hy_status_link":null,"lng_has_rng":null,"lng_renewable_source":null,"lng_vehicle_class":null,"lpg_nozzle_types":null,"lpg_primary":null,"ng_fill_type_code":null,"ng_psi":null,"ng_vehicle_class":null,"rd_blended_with_biodiesel":null,"rd_blends":null,"rd_blends_fr":null,"rd_max_biodiesel_level":null,"nps_unit_name":null,"access_days_time_fr":null,"intersection_directions_fr":null,"bd_blends_fr":null,"groups_with_access_code_fr":"Public","ev_pricing_fr":null,"ev_network_ids":{"station":["d0e864cf-fb2a-3dbf-1307-c00000003410"],"posts":["6d6de27e-a1aa-4c67-a4d4-ba8e91154128","d9ac0aa1-4972-3e61-1307-300000083661","d9ac0aa1-4972-3e61-1307-300000094231","d9ac0aa1-4972-3e61-1307-300000160131","d9ac0aa1-4972-3e61-1307-300000160141","d9ac0aa1-4972-3e61-1307-300000160151","d9ac0aa1-4972-3e61-1307-300000160161","e4d6daad-5f57-4fde-8e5c-63f0daef960d"]}}},{"type":"Feature","geometry":{"type":"Point","coordinates":[-77.0186526,38.8765953]},"properties":{"access_code":"public","access_days_time":"24 hours daily","access_detail_code":null,"cards_accepted":null,"date_last_confirmed":"2025-04-23","expected_date":null,"fuel_type_code":"ELEC","groups_with_access_code":"Public","id":309576,"maximum_vehicle_class":null,"open_date":"2018-05-25","owner_type_code":null,"restricted_access":null,"status_code":"E","funding_sources":null,"facility_type":null,"station_name":"Modern on M","station_phone":"888-998-2546","updated_at":"2025-04-23T00:07:55Z","geocode_status":"GPS","city":"Washington","country":"US","intersection_directions":null,"plus4":null,"state":"DC","street_address":"465 M St SW","zip":"20024","bd_blends":null,"cng_dispenser_num":null,"cng_fill_type_code":null,"cng_has_rng":null,"cng_psi":null,"cng_renewable_source":null,"cng_total_compression":null,"cng_total_storage":null,"cng_vehicle_class":null,"e85_blender_pump":null,"e85_other_ethanol_blends":null,"ev_connector_types":["J1772"],"ev_dc_fast_num":null,"ev_level1_evse_num":null,"ev_level2_evse_num":4,"ev_network":"Blink Network","ev_network_web":"https://blinkcharging.com","ev_other_evse":null,"ev_pricing":null,"ev_renewable_source":null,"ev_workplace_charging":false,"hy_is_retail":null,"hy_pressures":null,"hy_standards":null,"hy_status_link":null,"lng_has_rng":null,"lng_renewable_source":null,"lng_vehicle_class":null,"lpg_nozzle_types":null,"lpg_primary":null,"ng_fill_type_code":null,"ng_psi":null,"ng_vehicle_class":null,"rd_blended_with_biodiesel":null,"rd_blends":null,"rd_blends_fr":null,"rd_max_biodiesel_level":null,"nps_unit_name":null,"access_days_time_fr":null,"intersection_directions_fr":null,"bd_blends_fr":null,"groups_with_access_code_fr":"Public","ev_pricing_fr":null,"ev_network_ids":{"station":["d0e864cf-fb2a-3dbf-1307-c00000003455"],"posts":["d9ac0aa1-4972-3e61-1307-300000065961","d9ac0aa1-4972-3e61-1307-300000065991","d9ac0aa1-4972-3e61-1307-300000066011","d9ac0aa1-4972-3e61-1307-300000066021"]}}},{"type":"Feature","geometry":{"type":"Point","coordinates":[-77.0193426,38.8781081]},"properties":{"access_code":"public","access_days_time":"24 hours daily","access_detail_code":null,"cards_accepted":null,"date_last_confirmed":"2025-04-23","expected_date":null,"fuel_type_code":"ELEC","groups_with_access_code":"Public","id":309590,"maximum_vehicle_class":null,"open_date":"2018-05-25","owner_type_code":null,"restricted_access":null,"status_code":"E","funding_sources":null,"facility_type":null,"station_name":"Modern on M - K Street","station_phone":"888-998-2546","updated_at":"2025-04-23T00:08:09Z","geocode_status":"GPS","city":"Washington","country":"US","intersection_directions":null,"plus4":null,"state":"DC","street_address":"480 K Street Southwest","zip":"20024","bd_blends":null,"cng_dispenser_num":null,"cng_fill_type_code":null,"cng_has_rng":null,"cng_psi":null,"cng_renewable_source":null,"cng_total_compression":null,"cng_total_storage":null,"cng_vehicle_class":null,"e85_blender_pump":null,"e85_other_ethanol_blends":null,"ev_connector_types":["J1772"],"ev_dc_fast_num":null,"ev_level1_evse_num":null,"ev_level2_evse_num":4,"ev_network":"Blink Network","ev_network_web":"https://blinkcharging.com","ev_other_evse":null,"ev_pricing":null,"ev_renewable_source":null,"ev_workplace_charging":false,"hy_is_retail":null,"hy_pressures":null,"hy_standards":null,"hy_status_link":null,"lng_has_rng":null,"lng_renewable_source":null,"lng_vehicle_class":null,"lpg_nozzle_types":null,"lpg_primary":null,"ng_fill_type_code":null,"ng_psi":null,"ng_vehicle_class":null,"rd_blended_with_biodiesel":null,"rd_blends":null,"rd_blends_fr":null,"rd_max_biodiesel_level":null,"nps_unit_name":null,"access_days_time_fr":null,"intersection_directions_fr":null,"bd_blends_fr":null,"groups_with_access_code_fr":"Public","ev_pricing_fr":null,"ev_network_ids":{"station":["d0e864cf-fb2a-3dbf-1307-c00000003722"],"posts":["d9ac0aa1-4972-3e61-1307-300000065971","d9ac0aa1-4972-3e61-1307-300000065981","d9ac0aa1-4972-3e61-1307-300000066031","d9ac0aa1-4972-3e61-1307-300000066041"]}}},{"type":"Feature","geometry":{"type":"Point","coordinates":[-77.0213025,38.8765843]},"properties":{"access_code":"public","access_days_time":"24 hours daily","access_detail_code":null,"cards_accepted":null,"date_last_confirmed":"2025-04-23","expected_date":null,"fuel_type_code":"ELEC","groups_with_access_code":"Public","id":309598,"maximum_vehicle_class":null,"open_date":"2023-04-04","owner_type_code":null,"restricted_access":null,"status_code":"E","funding_sources":null,"facility_type":null,"station_name":"Amaris - Parking lot# 328","station_phone":"888-998-2546","updated_at":"2025-04-23T00:25:46Z","geocode_status":"GPS","city":"Washington","country":"US","intersection_directions":null,"plus4":null,"state":"DC","street_address":"601 Wharf St","zip":"20024","bd_blends":null,"cng_dispenser_num":null,"cng_fill_type_code":null,"cng_has_rng":null,"cng_psi":null,"cng_renewable_source":null,"cng_total_compression":null,"cng_total_storage":null,"cng_vehicle_class":null,"e85_blender_pump":null,"e85_other_ethanol_blends":null,"ev_connector_types":["J1772"],"ev_dc_fast_num":null,"ev_level1_evse_num":null,"ev_level2_evse_num":1,"ev_network":"Blink Network","ev_network_web":"https://blinkcharging.com","ev_other_evse":null,"ev_pricing":null,"ev_renewable_source":null,"ev_workplace_charging":false,"hy_is_retail":null,"hy_pressures":null,"hy_standards":null,"hy_status_link":null,"lng_has_rng":null,"lng_renewable_source":null,"lng_vehicle_class":null,"lpg_nozzle_types":null,"lpg_primary":null,"ng_fill_type_code":null,"ng_psi":null,"ng_vehicle_class":null,"rd_blended_with_biodiesel":null,"rd_blends":null,"rd_blends_fr":null,"rd_max_biodiesel_level":null,"nps_unit_name":null,"access_days_time_fr":null,"intersection_directions_fr":null,"bd_blends_fr":null,"groups_with_access_code_fr":"Public","ev_pricing_fr":null,"ev_network_ids":{"station":["d0e864cf-fb2a-3dbf-1307-c00000007218"],"posts":["d9ac0aa1-4972-3e61-1307-300000183541"]}}},{"type":"Feature","geometry":{"type":"Point","coordinates":[-77.0214478,38.8767298]},"properties":{"access_code":"public","access_days_time":"24 hours daily","access_detail_code":null,"cards_accepted":null,"date_last_confirmed":"2025-04-23","expected_date":null,"fuel_type_code":"ELEC","groups_with_access_code":"Public","id":309625,"maximum_vehicle_class":null,"open_date":"2022-11-28","owner_type_code":null,"restricted_access":null,"status_code":"E","funding_sources":null,"facility_type":null,"station_name":"Amaris","station_phone":"888-998-2546","updated_at":"2025-04-23T00:27:20Z","geocode_status":"GPS","city":"Washington","country":"US","intersection_directions":null,"plus4":null,"state":"DC","street_address":"601 Wharf St SW","zip":"20024","bd_blends":null,"cng_dispenser_num":null,"cng_fill_type_code":null,"cng_has_rng":null,"cng_psi":null,"cng_renewable_source":null,"cng_total_compression":null,"cng_total_storage":null,"cng_vehicle_class":null,"e85_blender_pump":null,"e85_other_ethanol_blends":null,"ev_connector_types":["J1772"],"ev_dc_fast_num":null,"ev_level1_evse_num":null,"ev_level2_evse_num":1,"ev_network":"Blink Network","ev_network_web":"https://blinkcharging.com","ev_other_evse":null,"ev_pricing":null,"ev_renewable_source":null,"ev_workplace_charging":false,"hy_is_retail":null,"hy_pressures":null,"hy_standards":null,"hy_status_link":null,"lng_has_rng":null,"lng_renewable_source":null,"lng_vehicle_class":null,"lpg_nozzle_types":null,"lpg_primary":null,"ng_fill_type_code":null,"ng_psi":null,"ng_vehicle_class":null,"rd_blended_with_biodiesel":null,"rd_blends":null,"rd_blends_fr":null,"rd_max_biodiesel_level":null,"nps_unit_name":null,"access_days_time_fr":null,"intersection_directions_fr":null,"bd_blends_fr":null,"groups_with_access_code_fr":"Public","ev_pricing_fr":null,"ev_network_ids":{"station":["d0e864cf-fb2a-3dbf-1307-c00000007404"],"posts":["0dfc401b-2cd3-47c3-a45e-ff3fd0855963"]}}},{"type":"Feature","geometry":{"type":"Point","coordinates":[-77.0214478,38.8767298]},"properties":{"access_code":"public","access_days_time":"24 hours daily","access_detail_code":null,"cards_accepted":null,"date_last_confirmed":"2025-04-23","expected_date":null,"fuel_type_code":"ELEC","groups_with_access_code":"Public","id":309640,"maximum_vehicle_class":null,"open_date":"2022-05-19","owner_type_code":null,"restricted_access":null,"status_code":"E","funding_sources":null,"facility_type":null,"station_name":"Amaris Condominiums - Duggin","station_phone":"888-998-2546","updated_at":"2025-04-23T00:27:25Z","geocode_status":"GPS","city":"Washington","country":"US","intersection_directions":null,"plus4":null,"state":"DC","street_address":"601 Wharf St SW","zip":"20024","bd_blends":null,"cng_dispenser_num":null,"cng_fill_type_code":null,"cng_has_rng":null,"cng_psi":null,"cng_renewable_source":null,"cng_total_compression":null,"cng_total_storage":null,"cng_vehicle_class":null,"e85_blender_pump":null,"e85_other_ethanol_blends":null,"ev_connector_types":["J1772"],"ev_dc_fast_num":null,"ev_level1_evse_num":null,"ev_level2_evse_num":1,"ev_network":"Blink Network","ev_network_web":"https://blinkcharging.com","ev_other_evse":null,"ev_pricing":null,"ev_renewable_source":null,"ev_workplace_charging":false,"hy_is_retail":null,"hy_pressures":null,"hy_standards":null,"hy_status_link":null,"lng_has_rng":null,"lng_renewable_source":null,"lng_vehicle_class":null,"lpg_nozzle_types":null,"lpg_primary":null,"ng_fill_type_code":null,"ng_psi":null,"ng_vehicle_class":null,"rd_blended_with_biodiesel":null,"rd_blends":null,"rd_blends_fr":null,"rd_max_biodiesel_level":null,"nps_unit_name":null,"access_days_time_fr":null,"intersection_directions_fr":null,"bd_blends_fr":null,"groups_with_access_code_fr":"Public","ev_pricing_fr":null,"ev_network_ids":{"station":["d0e864cf-fb2a-3dbf-1307-c00000007438"],"posts":["d9ac0aa1-4972-3e61-1307-300000183651"]}}},{"type":"Feature","geometry":{"type":"Point","coordinates":[-76.989356,38.875849]},"properties":{"access_code":"public","access_days_time":"24 hours daily","access_detail_code":null,"cards_accepted":null,"date_last_confirmed":"2025-04-23","expected_date":null,"fuel_type_code":"ELEC","groups_with_access_code":"Public","id":309783,"maximum_vehicle_class":null,"open_date":"2022-06-13","owner_type_code":null,"restricted_access":null,"status_code":"E","funding_sources":null,"facility_type":null,"station_name":"58302","station_phone":"888-998-2546","updated_at":"2025-04-23T00:11:49Z","geocode_status":"GPS","city":"Washington","country":"US","intersection_directions":null,"plus4":null,"state":"DC","street_address":"1201 M Street SE","zip":"20003","bd_blends":null,"cng_dispenser_num":null,"cng_fill_type_code":null,"cng_has_rng":null,"cng_psi":null,"cng_renewable_source":null,"cng_total_compression":null,"cng_total_storage":null,"cng_vehicle_class":null,"e85_blender_pump":null,"e85_other_ethanol_blends":null,"ev_connector_types":["J1772"],"ev_dc_fast_num":null,"ev_level1_evse_num":null,"ev_level2_evse_num":2,"ev_network":"Blink Network","ev_network_web":"https://blinkcharging.com","ev_other_evse":null,"ev_pricing":null,"ev_renewable_source":null,"ev_workplace_charging":false,"hy_is_retail":null,"hy_pressures":null,"hy_standards":null,"hy_status_link":null,"lng_has_rng":null,"lng_renewable_source":null,"lng_vehicle_class":null,"lpg_nozzle_types":null,"lpg_primary":null,"ng_fill_type_code":null,"ng_psi":null,"ng_vehicle_class":null,"rd_blended_with_biodiesel":null,"rd_blends":null,"rd_blends_fr":null,"rd_max_biodiesel_level":null,"nps_unit_name":null,"access_days_time_fr":null,"intersection_directions_fr":null,"bd_blends_fr":null,"groups_with_access_code_fr":"Public","ev_pricing_fr":null,"ev_network_ids":{"station":["d0e864cf-fb2a-3dbf-1307-c00000000377"],"posts":["d9ac0aa1-4972-3e61-1307-300000189811","d9ac0aa1-4972-3e61-1307-300000189821"]}}},{"type":"Feature","geometry":{"type":"Point","coordinates":[-77.0028036,38.9010153]},"properties":{"access_code":"public","access_days_time":"24 hours daily","access_detail_code":null,"cards_accepted":null,"date_last_confirmed":"2025-04-23","expected_date":"2024-07-02","fuel_type_code":"ELEC","groups_with_access_code":"TEMPORARILY UNAVAILABLE (Public)","id":309883,"maximum_vehicle_class":null,"open_date":"2014-02-13","owner_type_code":null,"restricted_access":null,"status_code":"T","funding_sources":null,"facility_type":null,"station_name":"Senate Square","station_phone":"888-998-2546","updated_at":"2025-04-23T00:13:07Z","geocode_status":"GPS","city":"Washington","country":"US","intersection_directions":null,"plus4":null,"state":"DC","street_address":"201 I Street NE","zip":"20002","bd_blends":null,"cng_dispenser_num":null,"cng_fill_type_code":null,"cng_has_rng":null,"cng_psi":null,"cng_renewable_source":null,"cng_total_compression":null,"cng_total_storage":null,"cng_vehicle_class":null,"e85_blender_pump":null,"e85_other_ethanol_blends":null,"ev_connector_types":["J1772"],"ev_dc_fast_num":null,"ev_level1_evse_num":null,"ev_level2_evse_num":4,"ev_network":"Blink Network","ev_network_web":"https://blinkcharging.com","ev_other_evse":null,"ev_pricing":null,"ev_renewable_source":null,"ev_workplace_charging":false,"hy_is_retail":null,"hy_pressures":null,"hy_standards":null,"hy_status_link":null,"lng_has_rng":null,"lng_renewable_source":null,"lng_vehicle_class":null,"lpg_nozzle_types":null,"lpg_primary":null,"ng_fill_type_code":null,"ng_psi":null,"ng_vehicle_class":null,"rd_blended_with_biodiesel":null,"rd_blends":null,"rd_blends_fr":null,"rd_max_biodiesel_level":null,"nps_unit_name":null,"access_days_time_fr":null,"intersection_directions_fr":null,"bd_blends_fr":null,"groups_with_access_code_fr":"TEMPORAIREMENT SUSPENDU (Public)","ev_pricing_fr":null,"ev_network_ids":{"station":["d0e864cf-fb2a-3dbf-1307-c00000000677"],"posts":["d9ac0aa1-4972-3e61-1307-300000014711","d9ac0aa1-4972-3e61-1307-300000014721","d9ac0aa1-4972-3e61-1307-300000014731","d9ac0aa1-4972-3e61-1307-300000014741"]}}},{"type":"Feature","geometry":{"type":"Point","coordinates":[-77.0226667,38.9170925]},"properties":{"access_code":"public","access_days_time":"24 hours daily","access_detail_code":null,"cards_accepted":null,"date_last_confirmed":"2025-04-23","expected_date":null,"fuel_type_code":"ELEC","groups_with_access_code":"Public","id":310014,"maximum_vehicle_class":null,"open_date":"2020-12-14","owner_type_code":null,"restricted_access":null,"status_code":"E","funding_sources":null,"facility_type":null,"station_name":"J. Linea","station_phone":"888-998-2546","updated_at":"2025-04-23T00:32:30Z","geocode_status":"GPS","city":"Washington","country":"US","intersection_directions":null,"plus4":null,"state":"DC","street_address":"2009 8th St NW","zip":"20001","bd_blends":null,"cng_dispenser_num":null,"cng_fill_type_code":null,"cng_has_rng":null,"cng_psi":null,"cng_renewable_source":null,"cng_total_compression":null,"cng_total_storage":null,"cng_vehicle_class":null,"e85_blender_pump":null,"e85_other_ethanol_blends":null,"ev_connector_types":["J1772"],"ev_dc_fast_num":null,"ev_level1_evse_num":null,"ev_level2_evse_num":1,"ev_network":"Blink Network","ev_network_web":"https://blinkcharging.com","ev_other_evse":null,"ev_pricing":null,"ev_renewable_source":null,"ev_workplace_charging":false,"hy_is_retail":null,"hy_pressures":null,"hy_standards":null,"hy_status_link":null,"lng_has_rng":null,"lng_renewable_source":null,"lng_vehicle_class":null,"lpg_nozzle_types":null,"lpg_primary":null,"ng_fill_type_code":null,"ng_psi":null,"ng_vehicle_class":null,"rd_blended_with_biodiesel":null,"rd_blends":null,"rd_blends_fr":null,"rd_max_biodiesel_level":null,"nps_unit_name":null,"access_days_time_fr":null,"intersection_directions_fr":null,"bd_blends_fr":null,"groups_with_access_code_fr":"Public","ev_pricing_fr":null,"ev_network_ids":{"station":["d0e864cf-fb2a-3dbf-1307-c00000004911"],"posts":["d9ac0aa1-4972-3e61-1307-300000108891"]}}},{"type":"Feature","geometry":{"type":"Point","coordinates":[-77.02759156047885,38.90189040977428]},"properties":{"access_code":"public","access_days_time":"24 hours daily","access_detail_code":null,"cards_accepted":null,"date_last_confirmed":"2025-04-23","expected_date":null,"fuel_type_code":"ELEC","groups_with_access_code":"Public","id":310070,"maximum_vehicle_class":null,"open_date":"2023-08-09","owner_type_code":null,"restricted_access":null,"status_code":"E","funding_sources":null,"facility_type":null,"station_name":"1101 New York Avenue","station_phone":"888-998-2546","updated_at":"2025-04-23T00:34:34Z","geocode_status":"GPS","city":"Washington","country":"US","intersection_directions":null,"plus4":null,"state":"DC","street_address":"1101 New York Avenue Northwest","zip":"20005","bd_blends":null,"cng_dispenser_num":null,"cng_fill_type_code":null,"cng_has_rng":null,"cng_psi":null,"cng_renewable_source":null,"cng_total_compression":null,"cng_total_storage":null,"cng_vehicle_class":null,"e85_blender_pump":null,"e85_other_ethanol_blends":null,"ev_connector_types":["J1772"],"ev_dc_fast_num":null,"ev_level1_evse_num":null,"ev_level2_evse_num":4,"ev_network":"Blink Network","ev_network_web":"https://blinkcharging.com","ev_other_evse":null,"ev_pricing":null,"ev_renewable_source":null,"ev_workplace_charging":false,"hy_is_retail":null,"hy_pressures":null,"hy_standards":null,"hy_status_link":null,"lng_has_rng":null,"lng_renewable_source":null,"lng_vehicle_class":null,"lpg_nozzle_types":null,"lpg_primary":null,"ng_fill_type_code":null,"ng_psi":null,"ng_vehicle_class":null,"rd_blended_with_biodiesel":null,"rd_blends":null,"rd_blends_fr":null,"rd_max_biodiesel_level":null,"nps_unit_name":null,"access_days_time_fr":null,"intersection_directions_fr":null,"bd_blends_fr":null,"groups_with_access_code_fr":"Public","ev_pricing_fr":null,"ev_network_ids":{"station":["5c7e167a-ab77-4895-973c-7412fa294352"],"posts":["7ad6576a-6380-40fd-ba2e-d3cebd0e768a","8a77f0e4-9f5e-4870-a179-6e442f8de9aa","ab7f0a5e-7061-48ac-838e-e5dd80acf21b","cff4bbd6-c00e-4a04-a4e5-6362dde95560"]}}},{"type":"Feature","geometry":{"type":"Point","coordinates":[-76.9772852,38.885348]},"properties":{"access_code":"public","access_days_time":"24 hours daily","access_detail_code":null,"cards_accepted":null,"date_last_confirmed":"2025-04-23","expected_date":null,"fuel_type_code":"ELEC","groups_with_access_code":"Public","id":310151,"maximum_vehicle_class":null,"open_date":"2021-05-19","owner_type_code":null,"restricted_access":null,"status_code":"E","funding_sources":null,"facility_type":null,"station_name":"Park Kennedy","station_phone":"888-998-2546","updated_at":"2025-04-23T00:34:51Z","geocode_status":"GPS","city":"Washington","country":"US","intersection_directions":null,"plus4":null,"state":"DC","street_address":"1901 C Street Southeast","zip":"20003","bd_blends":null,"cng_dispenser_num":null,"cng_fill_type_code":null,"cng_has_rng":null,"cng_psi":null,"cng_renewable_source":null,"cng_total_compression":null,"cng_total_storage":null,"cng_vehicle_class":null,"e85_blender_pump":null,"e85_other_ethanol_blends":null,"ev_connector_types":["J1772"],"ev_dc_fast_num":null,"ev_level1_evse_num":null,"ev_level2_evse_num":4,"ev_network":"Blink Network","ev_network_web":"https://blinkcharging.com","ev_other_evse":null,"ev_pricing":null,"ev_renewable_source":null,"ev_workplace_charging":false,"hy_is_retail":null,"hy_pressures":null,"hy_standards":null,"hy_status_link":null,"lng_has_rng":null,"lng_renewable_source":null,"lng_vehicle_class":null,"lpg_nozzle_types":null,"lpg_primary":null,"ng_fill_type_code":null,"ng_psi":null,"ng_vehicle_class":null,"rd_blended_with_biodiesel":null,"rd_blends":null,"rd_blends_fr":null,"rd_max_biodiesel_level":null,"nps_unit_name":null,"access_days_time_fr":null,"intersection_directions_fr":null,"bd_blends_fr":null,"groups_with_access_code_fr":"Public","ev_pricing_fr":null,"ev_network_ids":{"station":["d0e864cf-fb2a-3dbf-1307-c00000005288"],"posts":["d9ac0aa1-4972-3e61-1307-300000123761","d9ac0aa1-4972-3e61-1307-300000123781","d9ac0aa1-4972-3e61-1307-300000123791","d9ac0aa1-4972-3e61-1307-300000146621"]}}},{"type":"Feature","geometry":{"type":"Point","coordinates":[-77.0345339,38.9175996]},"properties":{"access_code":"public","access_days_time":"24 hours daily","access_detail_code":null,"cards_accepted":null,"date_last_confirmed":"2025-04-23","expected_date":"2024-04-11","fuel_type_code":"ELEC","groups_with_access_code":"TEMPORARILY UNAVAILABLE (Public)","id":310226,"maximum_vehicle_class":null,"open_date":"2022-01-12","owner_type_code":null,"restricted_access":null,"status_code":"T","funding_sources":null,"facility_type":null,"station_name":"Berkshire 15","station_phone":"888-998-2546","updated_at":"2025-04-23T00:16:57Z","geocode_status":"GPS","city":"Washington","country":"US","intersection_directions":null,"plus4":null,"state":"DC","street_address":"2011 15th Street, NW","zip":"20009","bd_blends":null,"cng_dispenser_num":null,"cng_fill_type_code":null,"cng_has_rng":null,"cng_psi":null,"cng_renewable_source":null,"cng_total_compression":null,"cng_total_storage":null,"cng_vehicle_class":null,"e85_blender_pump":null,"e85_other_ethanol_blends":null,"ev_connector_types":["J1772"],"ev_dc_fast_num":null,"ev_level1_evse_num":null,"ev_level2_evse_num":2,"ev_network":"Blink Network","ev_network_web":"https://blinkcharging.com","ev_other_evse":null,"ev_pricing":null,"ev_renewable_source":null,"ev_workplace_charging":false,"hy_is_retail":null,"hy_pressures":null,"hy_standards":null,"hy_status_link":null,"lng_has_rng":null,"lng_renewable_source":null,"lng_vehicle_class":null,"lpg_nozzle_types":null,"lpg_primary":null,"ng_fill_type_code":null,"ng_psi":null,"ng_vehicle_class":null,"rd_blended_with_biodiesel":null,"rd_blends":null,"rd_blends_fr":null,"rd_max_biodiesel_level":null,"nps_unit_name":null,"access_days_time_fr":null,"intersection_directions_fr":null,"bd_blends_fr":null,"groups_with_access_code_fr":"TEMPORAIREMENT SUSPENDU (Public)","ev_pricing_fr":null,"ev_network_ids":{"station":["d0e864cf-fb2a-3dbf-1307-c00000001724"],"posts":["d9ac0aa1-4972-3e61-1307-300000159731","d9ac0aa1-4972-3e61-1307-300000159741"]}}},{"type":"Feature","geometry":{"type":"Point","coordinates":[-76.993368,38.923775]},"properties":{"access_code":"public","access_days_time":"24 hours daily","access_detail_code":null,"cards_accepted":null,"date_last_confirmed":"2025-04-23","expected_date":"2023-09-11","fuel_type_code":"ELEC","groups_with_access_code":"TEMPORARILY UNAVAILABLE (Public)","id":310241,"maximum_vehicle_class":null,"open_date":"2021-08-11","owner_type_code":null,"restricted_access":null,"status_code":"T","funding_sources":null,"facility_type":null,"station_name":"Rowan Stations","station_phone":"888-998-2546","updated_at":"2025-04-23T00:35:00Z","geocode_status":"GPS","city":"Washington","country":"US","intersection_directions":null,"plus4":null,"state":"DC","street_address":"2607 Reed St, NE","zip":"20018","bd_blends":null,"cng_dispenser_num":null,"cng_fill_type_code":null,"cng_has_rng":null,"cng_psi":null,"cng_renewable_source":null,"cng_total_compression":null,"cng_total_storage":null,"cng_vehicle_class":null,"e85_blender_pump":null,"e85_other_ethanol_blends":null,"ev_connector_types":["J1772"],"ev_dc_fast_num":null,"ev_level1_evse_num":null,"ev_level2_evse_num":3,"ev_network":"Blink Network","ev_network_web":"https://blinkcharging.com","ev_other_evse":null,"ev_pricing":null,"ev_renewable_source":null,"ev_workplace_charging":false,"hy_is_retail":null,"hy_pressures":null,"hy_standards":null,"hy_status_link":null,"lng_has_rng":null,"lng_renewable_source":null,"lng_vehicle_class":null,"lpg_nozzle_types":null,"lpg_primary":null,"ng_fill_type_code":null,"ng_psi":null,"ng_vehicle_class":null,"rd_blended_with_biodiesel":null,"rd_blends":null,"rd_blends_fr":null,"rd_max_biodiesel_level":null,"nps_unit_name":null,"access_days_time_fr":null,"intersection_directions_fr":null,"bd_blends_fr":null,"groups_with_access_code_fr":"TEMPORAIREMENT SUSPENDU (Public)","ev_pricing_fr":null,"ev_network_ids":{"station":["d0e864cf-fb2a-3dbf-1307-c00000005466"],"posts":["d9ac0aa1-4972-3e61-1307-300000136711","d9ac0aa1-4972-3e61-1307-300000136721","d9ac0aa1-4972-3e61-1307-300000136731"]}}},{"type":"Feature","geometry":{"type":"Point","coordinates":[-77.0503404,38.9040904]},"properties":{"access_code":"public","access_days_time":"24 hours daily","access_detail_code":null,"cards_accepted":null,"date_last_confirmed":"2025-04-23","expected_date":null,"fuel_type_code":"ELEC","groups_with_access_code":"Public","id":310299,"maximum_vehicle_class":null,"open_date":"2017-01-26","owner_type_code":null,"restricted_access":null,"status_code":"E","funding_sources":null,"facility_type":null,"station_name":"Westlight Apartment","station_phone":"888-998-2546","updated_at":"2025-04-23T00:36:23Z","geocode_status":"GPS","city":"Washington","country":"US","intersection_directions":null,"plus4":null,"state":"DC","street_address":"1110 23rd Street Northwest","zip":"20037","bd_blends":null,"cng_dispenser_num":null,"cng_fill_type_code":null,"cng_has_rng":null,"cng_psi":null,"cng_renewable_source":null,"cng_total_compression":null,"cng_total_storage":null,"cng_vehicle_class":null,"e85_blender_pump":null,"e85_other_ethanol_blends":null,"ev_connector_types":["J1772"],"ev_dc_fast_num":null,"ev_level1_evse_num":null,"ev_level2_evse_num":3,"ev_network":"Blink Network","ev_network_web":"https://blinkcharging.com","ev_other_evse":null,"ev_pricing":null,"ev_renewable_source":null,"ev_workplace_charging":false,"hy_is_retail":null,"hy_pressures":null,"hy_standards":null,"hy_status_link":null,"lng_has_rng":null,"lng_renewable_source":null,"lng_vehicle_class":null,"lpg_nozzle_types":null,"lpg_primary":null,"ng_fill_type_code":null,"ng_psi":null,"ng_vehicle_class":null,"rd_blended_with_biodiesel":null,"rd_blends":null,"rd_blends_fr":null,"rd_max_biodiesel_level":null,"nps_unit_name":null,"access_days_time_fr":null,"intersection_directions_fr":null,"bd_blends_fr":null,"groups_with_access_code_fr":"Public","ev_pricing_fr":null,"ev_network_ids":{"station":["d0e864cf-fb2a-3dbf-1307-c00000005735"],"posts":["6a6af67f-85e9-42a7-816e-796684012b90","97bfcf5d-eec4-4176-b0fc-fd545523a6b0","da1810a5-e897-4d47-b164-42bff156e929"]}}},{"type":"Feature","geometry":{"type":"Point","coordinates":[-77.020928,38.9021023]},"properties":{"access_code":"public","access_days_time":"24 hours daily","access_detail_code":null,"cards_accepted":null,"date_last_confirmed":"2025-04-23","expected_date":null,"fuel_type_code":"ELEC","groups_with_access_code":"Public","id":310369,"maximum_vehicle_class":null,"open_date":"2022-03-12","owner_type_code":null,"restricted_access":null,"status_code":"E","funding_sources":null,"facility_type":null,"station_name":"601 Mass","station_phone":"888-998-2546","updated_at":"2025-04-23T00:18:05Z","geocode_status":"GPS","city":"Washington","country":"US","intersection_directions":null,"plus4":null,"state":"DC","street_address":"601 Massachusetts Avenue, NW","zip":"20001","bd_blends":null,"cng_dispenser_num":null,"cng_fill_type_code":null,"cng_has_rng":null,"cng_psi":null,"cng_renewable_source":null,"cng_total_compression":null,"cng_total_storage":null,"cng_vehicle_class":null,"e85_blender_pump":null,"e85_other_ethanol_blends":null,"ev_connector_types":["J1772"],"ev_dc_fast_num":null,"ev_level1_evse_num":null,"ev_level2_evse_num":2,"ev_network":"Blink Network","ev_network_web":"https://blinkcharging.com","ev_other_evse":null,"ev_pricing":null,"ev_renewable_source":null,"ev_workplace_charging":false,"hy_is_retail":null,"hy_pressures":null,"hy_standards":null,"hy_status_link":null,"lng_has_rng":null,"lng_renewable_source":null,"lng_vehicle_class":null,"lpg_nozzle_types":null,"lpg_primary":null,"ng_fill_type_code":null,"ng_psi":null,"ng_vehicle_class":null,"rd_blended_with_biodiesel":null,"rd_blends":null,"rd_blends_fr":null,"rd_max_biodiesel_level":null,"nps_unit_name":null,"access_days_time_fr":null,"intersection_directions_fr":null,"bd_blends_fr":null,"groups_with_access_code_fr":"Public","ev_pricing_fr":null,"ev_network_ids":{"station":["d0e864cf-fb2a-3dbf-1307-c00000001857"],"posts":["d9ac0aa1-4972-3e61-1307-300000170611","d9ac0aa1-4972-3e61-1307-300000170631"]}}},{"type":"Feature","geometry":{"type":"Point","coordinates":[-76.99484,38.935515]},"properties":{"access_code":"public","access_days_time":"24 hours daily","access_detail_code":null,"cards_accepted":null,"date_last_confirmed":"2025-04-23","expected_date":null,"fuel_type_code":"ELEC","groups_with_access_code":"Public","id":310404,"maximum_vehicle_class":null,"open_date":"2018-11-15","owner_type_code":null,"restricted_access":null,"status_code":"E","funding_sources":null,"facility_type":null,"station_name":"Brookland Parking Garage","station_phone":"888-998-2546","updated_at":"2025-04-23T00:37:29Z","geocode_status":"GPS","city":"Washington","country":"US","intersection_directions":null,"plus4":null,"state":"DC","street_address":"818 Michigan Avenue","zip":"20017","bd_blends":null,"cng_dispenser_num":null,"cng_fill_type_code":null,"cng_has_rng":null,"cng_psi":null,"cng_renewable_source":null,"cng_total_compression":null,"cng_total_storage":null,"cng_vehicle_class":null,"e85_blender_pump":null,"e85_other_ethanol_blends":null,"ev_connector_types":["J1772"],"ev_dc_fast_num":null,"ev_level1_evse_num":null,"ev_level2_evse_num":8,"ev_network":"Blink Network","ev_network_web":"https://blinkcharging.com","ev_other_evse":null,"ev_pricing":null,"ev_renewable_source":null,"ev_workplace_charging":false,"hy_is_retail":null,"hy_pressures":null,"hy_standards":null,"hy_status_link":null,"lng_has_rng":null,"lng_renewable_source":null,"lng_vehicle_class":null,"lpg_nozzle_types":null,"lpg_primary":null,"ng_fill_type_code":null,"ng_psi":null,"ng_vehicle_class":null,"rd_blended_with_biodiesel":null,"rd_blends":null,"rd_blends_fr":null,"rd_max_biodiesel_level":null,"nps_unit_name":null,"access_days_time_fr":null,"intersection_directions_fr":null,"bd_blends_fr":null,"groups_with_access_code_fr":"Public","ev_pricing_fr":null,"ev_network_ids":{"station":["d0e864cf-fb2a-3dbf-1307-c00000005812"],"posts":["78f57355-589d-418b-956d-8c1e8923517a","d9ac0aa1-4972-3e61-1307-300000077451","d9ac0aa1-4972-3e61-1307-300000077461","d9ac0aa1-4972-3e61-1307-300000077491","d9ac0aa1-4972-3e61-1307-300000128351","d9ac0aa1-4972-3e61-1307-300000128361","d9ac0aa1-4972-3e61-1307-300000128371","d9ac0aa1-4972-3e61-1307-300000128381"]}}},{"type":"Feature","geometry":{"type":"Point","coordinates":[-77.023006,38.89683]},"properties":{"access_code":"public","access_days_time":"24 hours daily","access_detail_code":null,"cards_accepted":null,"date_last_confirmed":"2025-04-23","expected_date":null,"fuel_type_code":"ELEC","groups_with_access_code":"Public","id":310555,"maximum_vehicle_class":null,"open_date":"2021-12-14","owner_type_code":null,"restricted_access":null,"status_code":"E","funding_sources":null,"facility_type":null,"station_name":"505 9th Street NW","station_phone":"888-998-2546","updated_at":"2025-04-23T00:37:27Z","geocode_status":"GPS","city":"Washington","country":"US","intersection_directions":null,"plus4":null,"state":"DC","street_address":"505 9th Street Northwest","zip":"20004","bd_blends":null,"cng_dispenser_num":null,"cng_fill_type_code":null,"cng_has_rng":null,"cng_psi":null,"cng_renewable_source":null,"cng_total_compression":null,"cng_total_storage":null,"cng_vehicle_class":null,"e85_blender_pump":null,"e85_other_ethanol_blends":null,"ev_connector_types":["J1772"],"ev_dc_fast_num":null,"ev_level1_evse_num":null,"ev_level2_evse_num":4,"ev_network":"Blink Network","ev_network_web":"https://blinkcharging.com","ev_other_evse":null,"ev_pricing":null,"ev_renewable_source":null,"ev_workplace_charging":false,"hy_is_retail":null,"hy_pressures":null,"hy_standards":null,"hy_status_link":null,"lng_has_rng":null,"lng_renewable_source":null,"lng_vehicle_class":null,"lpg_nozzle_types":null,"lpg_primary":null,"ng_fill_type_code":null,"ng_psi":null,"ng_vehicle_class":null,"rd_blended_with_biodiesel":null,"rd_blends":null,"rd_blends_fr":null,"rd_max_biodiesel_level":null,"nps_unit_name":null,"access_days_time_fr":null,"intersection_directions_fr":null,"bd_blends_fr":null,"groups_with_access_code_fr":"Public","ev_pricing_fr":null,"ev_network_ids":{"station":["d0e864cf-fb2a-3dbf-1307-c00000005800"],"posts":["d9ac0aa1-4972-3e61-1307-300000158641","d9ac0aa1-4972-3e61-1307-300000158651","d9ac0aa1-4972-3e61-1307-300000158661","d9ac0aa1-4972-3e61-1307-300000158671"]}}},{"type":"Feature","geometry":{"type":"Point","coordinates":[-77.007774,38.906589]},"properties":{"access_code":"public","access_days_time":"24 hours daily","access_detail_code":null,"cards_accepted":null,"date_last_confirmed":"2025-04-23","expected_date":null,"fuel_type_code":"ELEC","groups_with_access_code":"Public","id":311160,"maximum_vehicle_class":null,"open_date":"2023-09-21","owner_type_code":null,"restricted_access":null,"status_code":"E","funding_sources":null,"facility_type":null,"station_name":"40P JONYA 2","station_phone":"888-758-4389","updated_at":"2025-04-23T01:49:29Z","geocode_status":"GPS","city":"Washington","country":"US","intersection_directions":"B1 Garage","plus4":null,"state":"DC","street_address":"40 Patterson St NE","zip":"20002","bd_blends":null,"cng_dispenser_num":null,"cng_fill_type_code":null,"cng_has_rng":null,"cng_psi":null,"cng_renewable_source":null,"cng_total_compression":null,"cng_total_storage":null,"cng_vehicle_class":null,"e85_blender_pump":null,"e85_other_ethanol_blends":null,"ev_connector_types":["J1772"],"ev_dc_fast_num":null,"ev_level1_evse_num":null,"ev_level2_evse_num":2,"ev_network":"ChargePoint Network","ev_network_web":"https://www.chargepoint.com","ev_other_evse":null,"ev_pricing":null,"ev_renewable_source":null,"ev_workplace_charging":false,"hy_is_retail":null,"hy_pressures":null,"hy_standards":null,"hy_status_link":null,"lng_has_rng":null,"lng_renewable_source":null,"lng_vehicle_class":null,"lpg_nozzle_types":null,"lpg_primary":null,"ng_fill_type_code":null,"ng_psi":null,"ng_vehicle_class":null,"rd_blended_with_biodiesel":null,"rd_blends":null,"rd_blends_fr":null,"rd_max_biodiesel_level":null,"nps_unit_name":null,"access_days_time_fr":null,"intersection_directions_fr":null,"bd_blends_fr":null,"groups_with_access_code_fr":"Public","ev_pricing_fr":null,"ev_network_ids":{"station":["USCPIL13112011"],"posts":["22429311","22429321"]}}},{"type":"Feature","geometry":{"type":"Point","coordinates":[-77.007445,38.90653]},"properties":{"access_code":"public","access_days_time":"24 hours daily","access_detail_code":null,"cards_accepted":null,"date_last_confirmed":"2025-04-23","expected_date":null,"fuel_type_code":"ELEC","groups_with_access_code":"Public","id":311161,"maximum_vehicle_class":null,"open_date":"2023-09-21","owner_type_code":null,"restricted_access":null,"status_code":"E","funding_sources":null,"facility_type":null,"station_name":"40P JONYA 1","station_phone":"888-758-4389","updated_at":"2025-04-23T01:49:29Z","geocode_status":"GPS","city":"Washington","country":"US","intersection_directions":"B1 Garage","plus4":null,"state":"DC","street_address":"40 Patterson St NE","zip":"20002","bd_blends":null,"cng_dispenser_num":null,"cng_fill_type_code":null,"cng_has_rng":null,"cng_psi":null,"cng_renewable_source":null,"cng_total_compression":null,"cng_total_storage":null,"cng_vehicle_class":null,"e85_blender_pump":null,"e85_other_ethanol_blends":null,"ev_connector_types":["J1772"],"ev_dc_fast_num":null,"ev_level1_evse_num":null,"ev_level2_evse_num":2,"ev_network":"ChargePoint Network","ev_network_web":"https://www.chargepoint.com","ev_other_evse":null,"ev_pricing":null,"ev_renewable_source":null,"ev_workplace_charging":false,"hy_is_retail":null,"hy_pressures":null,"hy_standards":null,"hy_status_link":null,"lng_has_rng":null,"lng_renewable_source":null,"lng_vehicle_class":null,"lpg_nozzle_types":null,"lpg_primary":null,"ng_fill_type_code":null,"ng_psi":null,"ng_vehicle_class":null,"rd_blended_with_biodiesel":null,"rd_blends":null,"rd_blends_fr":null,"rd_max_biodiesel_level":null,"nps_unit_name":null,"access_days_time_fr":null,"intersection_directions_fr":null,"bd_blends_fr":null,"groups_with_access_code_fr":"Public","ev_pricing_fr":null,"ev_network_ids":{"station":["USCPIL13112021"],"posts":["22429331","22429341"]}}},{"type":"Feature","geometry":{"type":"Point","coordinates":[-77.014713,38.896581]},"properties":{"access_code":"public","access_days_time":"24 hours daily","access_detail_code":null,"cards_accepted":null,"date_last_confirmed":"2025-04-23","expected_date":null,"fuel_type_code":"ELEC","groups_with_access_code":"Public","id":311462,"maximum_vehicle_class":null,"open_date":"2023-09-23","owner_type_code":null,"restricted_access":null,"status_code":"E","funding_sources":null,"facility_type":null,"station_name":"501 3RD 501 3RD STREET","station_phone":"888-758-4389","updated_at":"2025-04-23T02:06:07Z","geocode_status":"GPS","city":"Washington","country":"US","intersection_directions":"Garage P2 1st two spaces","plus4":null,"state":"DC","street_address":"501 3rd St NW","zip":"20001","bd_blends":null,"cng_dispenser_num":null,"cng_fill_type_code":null,"cng_has_rng":null,"cng_psi":null,"cng_renewable_source":null,"cng_total_compression":null,"cng_total_storage":null,"cng_vehicle_class":null,"e85_blender_pump":null,"e85_other_ethanol_blends":null,"ev_connector_types":["J1772"],"ev_dc_fast_num":null,"ev_level1_evse_num":null,"ev_level2_evse_num":2,"ev_network":"ChargePoint Network","ev_network_web":"https://www.chargepoint.com","ev_other_evse":null,"ev_pricing":null,"ev_renewable_source":null,"ev_workplace_charging":false,"hy_is_retail":null,"hy_pressures":null,"hy_standards":null,"hy_status_link":null,"lng_has_rng":null,"lng_renewable_source":null,"lng_vehicle_class":null,"lpg_nozzle_types":null,"lpg_primary":null,"ng_fill_type_code":null,"ng_psi":null,"ng_vehicle_class":null,"rd_blended_with_biodiesel":null,"rd_blends":null,"rd_blends_fr":null,"rd_max_biodiesel_level":null,"nps_unit_name":null,"access_days_time_fr":null,"intersection_directions_fr":null,"bd_blends_fr":null,"groups_with_access_code_fr":"Public","ev_pricing_fr":null,"ev_network_ids":{"station":["USCPIL14024511"],"posts":["23488121","23488131"]}}},{"type":"Feature","geometry":{"type":"Point","coordinates":[-77.036152,38.90213]},"properties":{"access_code":"public","access_days_time":"24 hours daily","access_detail_code":null,"cards_accepted":null,"date_last_confirmed":"2025-04-23","expected_date":null,"fuel_type_code":"ELEC","groups_with_access_code":"Public","id":312700,"maximum_vehicle_class":null,"open_date":"2023-10-11","owner_type_code":null,"restricted_access":null,"status_code":"E","funding_sources":null,"facility_type":null,"station_name":"ST REGIS VALET ST REGIS VALET","station_phone":"888-758-4389","updated_at":"2025-04-23T02:07:04Z","geocode_status":"GPS","city":"Washington","country":"US","intersection_directions":"Valet Drive","plus4":null,"state":"DC","street_address":"923 Black Lives Matter Plz NW","zip":"20006","bd_blends":null,"cng_dispenser_num":null,"cng_fill_type_code":null,"cng_has_rng":null,"cng_psi":null,"cng_renewable_source":null,"cng_total_compression":null,"cng_total_storage":null,"cng_vehicle_class":null,"e85_blender_pump":null,"e85_other_ethanol_blends":null,"ev_connector_types":["J1772"],"ev_dc_fast_num":null,"ev_level1_evse_num":null,"ev_level2_evse_num":2,"ev_network":"ChargePoint Network","ev_network_web":"https://www.chargepoint.com","ev_other_evse":null,"ev_pricing":null,"ev_renewable_source":null,"ev_workplace_charging":false,"hy_is_retail":null,"hy_pressures":null,"hy_standards":null,"hy_status_link":null,"lng_has_rng":null,"lng_renewable_source":null,"lng_vehicle_class":null,"lpg_nozzle_types":null,"lpg_primary":null,"ng_fill_type_code":null,"ng_psi":null,"ng_vehicle_class":null,"rd_blended_with_biodiesel":null,"rd_blends":null,"rd_blends_fr":null,"rd_max_biodiesel_level":null,"nps_unit_name":null,"access_days_time_fr":null,"intersection_directions_fr":null,"bd_blends_fr":null,"groups_with_access_code_fr":"Public","ev_pricing_fr":null,"ev_network_ids":{"station":["USCPIL14094881"],"posts":["23567701","23567711"]}}},{"type":"Feature","geometry":{"type":"Point","coordinates":[-77.0422538,38.90958225929426]},"properties":{"access_code":"public","access_days_time":"24 hours daily","access_detail_code":null,"cards_accepted":null,"date_last_confirmed":"2025-04-23","expected_date":null,"fuel_type_code":"ELEC","groups_with_access_code":"Public","id":316055,"maximum_vehicle_class":null,"open_date":"2023-10-26","owner_type_code":null,"restricted_access":null,"status_code":"E","funding_sources":null,"facility_type":null,"station_name":"SEIU Building","station_phone":"888-998-2546","updated_at":"2025-04-23T00:29:34Z","geocode_status":"GPS","city":"Washington","country":"US","intersection_directions":null,"plus4":null,"state":"DC","street_address":"1800 Massachusetts Avenue Northwest","zip":"20036","bd_blends":null,"cng_dispenser_num":null,"cng_fill_type_code":null,"cng_has_rng":null,"cng_psi":null,"cng_renewable_source":null,"cng_total_compression":null,"cng_total_storage":null,"cng_vehicle_class":null,"e85_blender_pump":null,"e85_other_ethanol_blends":null,"ev_connector_types":["J1772"],"ev_dc_fast_num":null,"ev_level1_evse_num":null,"ev_level2_evse_num":2,"ev_network":"Blink Network","ev_network_web":"https://blinkcharging.com","ev_other_evse":null,"ev_pricing":null,"ev_renewable_source":null,"ev_workplace_charging":false,"hy_is_retail":null,"hy_pressures":null,"hy_standards":null,"hy_status_link":null,"lng_has_rng":null,"lng_renewable_source":null,"lng_vehicle_class":null,"lpg_nozzle_types":null,"lpg_primary":null,"ng_fill_type_code":null,"ng_psi":null,"ng_vehicle_class":null,"rd_blended_with_biodiesel":null,"rd_blends":null,"rd_blends_fr":null,"rd_max_biodiesel_level":null,"nps_unit_name":null,"access_days_time_fr":null,"intersection_directions_fr":null,"bd_blends_fr":null,"groups_with_access_code_fr":"Public","ev_pricing_fr":null,"ev_network_ids":{"station":["8d9df8ba-e7da-4ac5-ba5b-5d320f655388"],"posts":["015d3e52-2cde-41f7-8bfe-33c252cdc760","517232b4-4a64-4cdd-a919-13e53c75fc6c"]}}},{"type":"Feature","geometry":{"type":"Point","coordinates":[-77.00629931,38.90608235]},"properties":{"access_code":"public","access_days_time":"24 hours daily; L2 stations located on P1, L1 stations located on P3; Drivers must bring their own J1772 cordset for Level 1 charging; Parking fee required","access_detail_code":null,"cards_accepted":null,"date_last_confirmed":"2023-11-09","expected_date":null,"fuel_type_code":"ELEC","groups_with_access_code":"Public","id":316305,"maximum_vehicle_class":"LD","open_date":"2018-02-01","owner_type_code":"LG","restricted_access":false,"status_code":"E","funding_sources":null,"facility_type":"PARKING_GARAGE","station_name":"1200 First St NE","station_phone":"301-657-3600","updated_at":"2024-01-31T22:07:01Z","geocode_status":"GPS","city":"Washington","country":"US","intersection_directions":null,"plus4":null,"state":"DC","street_address":"1200 First St NE","zip":"20002","bd_blends":null,"cng_dispenser_num":null,"cng_fill_type_code":null,"cng_has_rng":null,"cng_psi":null,"cng_renewable_source":null,"cng_total_compression":null,"cng_total_storage":null,"cng_vehicle_class":null,"e85_blender_pump":null,"e85_other_ethanol_blends":null,"ev_connector_types":["J1772","NEMA515"],"ev_dc_fast_num":null,"ev_level1_evse_num":2,"ev_level2_evse_num":2,"ev_network":"Non-Networked","ev_network_web":null,"ev_other_evse":null,"ev_pricing":"Free with parking","ev_renewable_source":"NONE","ev_workplace_charging":true,"hy_is_retail":null,"hy_pressures":null,"hy_standards":null,"hy_status_link":null,"lng_has_rng":null,"lng_renewable_source":null,"lng_vehicle_class":null,"lpg_nozzle_types":null,"lpg_primary":null,"ng_fill_type_code":null,"ng_psi":null,"ng_vehicle_class":null,"rd_blended_with_biodiesel":null,"rd_blends":null,"rd_blends_fr":null,"rd_max_biodiesel_level":null,"nps_unit_name":null,"access_days_time_fr":null,"intersection_directions_fr":null,"bd_blends_fr":null,"groups_with_access_code_fr":"Public","ev_pricing_fr":null}},{"type":"Feature","geometry":{"type":"Point","coordinates":[-76.98267826424855,38.91529100777363]},"properties":{"access_code":"public","access_days_time":"24 hours daily","access_detail_code":null,"cards_accepted":"A D M V","date_last_confirmed":"2025-04-23","expected_date":null,"fuel_type_code":"ELEC","groups_with_access_code":"Public","id":316633,"maximum_vehicle_class":null,"open_date":"2023-11-03","owner_type_code":null,"restricted_access":null,"status_code":"E","funding_sources":null,"facility_type":"PUBLIC","station_name":"Hecht Warehouse Garage","station_phone":"855-223-5351","updated_at":"2025-04-23T03:23:18Z","geocode_status":"GPS","city":"Washington","country":"US","intersection_directions":null,"plus4":null,"state":"DC","street_address":"1474 Okie St. NE.","zip":"20002","bd_blends":null,"cng_dispenser_num":null,"cng_fill_type_code":null,"cng_has_rng":null,"cng_psi":null,"cng_renewable_source":null,"cng_total_compression":null,"cng_total_storage":null,"cng_vehicle_class":null,"e85_blender_pump":null,"e85_other_ethanol_blends":null,"ev_connector_types":["J1772"],"ev_dc_fast_num":null,"ev_level1_evse_num":null,"ev_level2_evse_num":3,"ev_network":"FLASH","ev_network_web":"https://www.flashparking.com/products/diversify-parking-revenue/ev-charging-as-a-revenue-stream/","ev_other_evse":null,"ev_pricing":null,"ev_renewable_source":null,"ev_workplace_charging":false,"hy_is_retail":null,"hy_pressures":null,"hy_standards":null,"hy_status_link":null,"lng_has_rng":null,"lng_renewable_source":null,"lng_vehicle_class":null,"lpg_nozzle_types":null,"lpg_primary":null,"ng_fill_type_code":null,"ng_psi":null,"ng_vehicle_class":null,"rd_blended_with_biodiesel":null,"rd_blends":null,"rd_blends_fr":null,"rd_max_biodiesel_level":null,"nps_unit_name":null,"access_days_time_fr":null,"intersection_directions_fr":null,"bd_blends_fr":null,"groups_with_access_code_fr":"Public","ev_pricing_fr":null,"ev_network_ids":{"station":["51477"],"posts":["AX48-RTLO","AX48-TFWN","AX48-TVYJ"]}}},{"type":"Feature","geometry":{"type":"Point","coordinates":[-77.0260068,38.895414]},"properties":{"access_code":"public","access_days_time":"24 hours daily","access_detail_code":null,"cards_accepted":null,"date_last_confirmed":"2025-04-23","expected_date":null,"fuel_type_code":"ELEC","groups_with_access_code":"Public","id":316652,"maximum_vehicle_class":null,"open_date":"2011-12-01","owner_type_code":null,"restricted_access":null,"status_code":"E","funding_sources":null,"facility_type":null,"station_name":"1001 Pennsylvania","station_phone":"888-998-2546","updated_at":"2025-04-23T00:06:55Z","geocode_status":"GPS","city":"Washington","country":"US","intersection_directions":null,"plus4":null,"state":"DC","street_address":"1001 Pennsylvania Avenue Northwest","zip":"20004","bd_blends":null,"cng_dispenser_num":null,"cng_fill_type_code":null,"cng_has_rng":null,"cng_psi":null,"cng_renewable_source":null,"cng_total_compression":null,"cng_total_storage":null,"cng_vehicle_class":null,"e85_blender_pump":null,"e85_other_ethanol_blends":null,"ev_connector_types":["J1772"],"ev_dc_fast_num":null,"ev_level1_evse_num":null,"ev_level2_evse_num":2,"ev_network":"Blink Network","ev_network_web":"https://blinkcharging.com","ev_other_evse":null,"ev_pricing":null,"ev_renewable_source":null,"ev_workplace_charging":false,"hy_is_retail":null,"hy_pressures":null,"hy_standards":null,"hy_status_link":null,"lng_has_rng":null,"lng_renewable_source":null,"lng_vehicle_class":null,"lpg_nozzle_types":null,"lpg_primary":null,"ng_fill_type_code":null,"ng_psi":null,"ng_vehicle_class":null,"rd_blended_with_biodiesel":null,"rd_blends":null,"rd_blends_fr":null,"rd_max_biodiesel_level":null,"nps_unit_name":null,"access_days_time_fr":null,"intersection_directions_fr":null,"bd_blends_fr":null,"groups_with_access_code_fr":"Public","ev_pricing_fr":null,"ev_network_ids":{"station":["efd840b2-869f-4599-a780-507422e72bad"],"posts":["16e11dec-6272-4769-848a-36becc50d71c","afcf08d1-d25f-433e-b614-3b5afa9afaef"]}}},{"type":"Feature","geometry":{"type":"Point","coordinates":[-77.039271,38.903394]},"properties":{"access_code":"public","access_days_time":"24 hours daily","access_detail_code":null,"cards_accepted":null,"date_last_confirmed":"2025-04-23","expected_date":null,"fuel_type_code":"ELEC","groups_with_access_code":"Public","id":316813,"maximum_vehicle_class":null,"open_date":"2023-11-07","owner_type_code":null,"restricted_access":null,"status_code":"E","funding_sources":null,"facility_type":null,"station_name":"BRE 1025CT-A","station_phone":"888-758-4389","updated_at":"2025-04-23T02:08:03Z","geocode_status":"GPS","city":"Washington","country":"US","intersection_directions":"P1","plus4":null,"state":"DC","street_address":"1025 Connecticut Ave NW","zip":"20036","bd_blends":null,"cng_dispenser_num":null,"cng_fill_type_code":null,"cng_has_rng":null,"cng_psi":null,"cng_renewable_source":null,"cng_total_compression":null,"cng_total_storage":null,"cng_vehicle_class":null,"e85_blender_pump":null,"e85_other_ethanol_blends":null,"ev_connector_types":["J1772"],"ev_dc_fast_num":null,"ev_level1_evse_num":null,"ev_level2_evse_num":2,"ev_network":"ChargePoint Network","ev_network_web":"https://www.chargepoint.com","ev_other_evse":null,"ev_pricing":null,"ev_renewable_source":null,"ev_workplace_charging":false,"hy_is_retail":null,"hy_pressures":null,"hy_standards":null,"hy_status_link":null,"lng_has_rng":null,"lng_renewable_source":null,"lng_vehicle_class":null,"lpg_nozzle_types":null,"lpg_primary":null,"ng_fill_type_code":null,"ng_psi":null,"ng_vehicle_class":null,"rd_blended_with_biodiesel":null,"rd_blends":null,"rd_blends_fr":null,"rd_max_biodiesel_level":null,"nps_unit_name":null,"access_days_time_fr":null,"intersection_directions_fr":null,"bd_blends_fr":null,"groups_with_access_code_fr":"Public","ev_pricing_fr":null,"ev_network_ids":{"station":["USCPIL14183741"],"posts":["23669201","23669211"]}}},{"type":"Feature","geometry":{"type":"Point","coordinates":[-77.039264,38.903379]},"properties":{"access_code":"public","access_days_time":"24 hours daily","access_detail_code":null,"cards_accepted":null,"date_last_confirmed":"2025-04-23","expected_date":null,"fuel_type_code":"ELEC","groups_with_access_code":"Public","id":316814,"maximum_vehicle_class":null,"open_date":"2023-11-07","owner_type_code":null,"restricted_access":null,"status_code":"E","funding_sources":null,"facility_type":null,"station_name":"BRE 1025CT-B","station_phone":"888-758-4389","updated_at":"2025-04-23T02:08:03Z","geocode_status":"GPS","city":"Washington","country":"US","intersection_directions":"P1","plus4":null,"state":"DC","street_address":"1025 Connecticut Ave NW","zip":"20036","bd_blends":null,"cng_dispenser_num":null,"cng_fill_type_code":null,"cng_has_rng":null,"cng_psi":null,"cng_renewable_source":null,"cng_total_compression":null,"cng_total_storage":null,"cng_vehicle_class":null,"e85_blender_pump":null,"e85_other_ethanol_blends":null,"ev_connector_types":["J1772"],"ev_dc_fast_num":null,"ev_level1_evse_num":null,"ev_level2_evse_num":2,"ev_network":"ChargePoint Network","ev_network_web":"https://www.chargepoint.com","ev_other_evse":null,"ev_pricing":null,"ev_renewable_source":null,"ev_workplace_charging":false,"hy_is_retail":null,"hy_pressures":null,"hy_standards":null,"hy_status_link":null,"lng_has_rng":null,"lng_renewable_source":null,"lng_vehicle_class":null,"lpg_nozzle_types":null,"lpg_primary":null,"ng_fill_type_code":null,"ng_psi":null,"ng_vehicle_class":null,"rd_blended_with_biodiesel":null,"rd_blends":null,"rd_blends_fr":null,"rd_max_biodiesel_level":null,"nps_unit_name":null,"access_days_time_fr":null,"intersection_directions_fr":null,"bd_blends_fr":null,"groups_with_access_code_fr":"Public","ev_pricing_fr":null,"ev_network_ids":{"station":["USCPIL14183761"],"posts":["23669231","23669241"]}}},{"type":"Feature","geometry":{"type":"Point","coordinates":[-77.039281,38.906065]},"properties":{"access_code":"public","access_days_time":"24 hours daily","access_detail_code":null,"cards_accepted":null,"date_last_confirmed":"2025-04-23","expected_date":null,"fuel_type_code":"ELEC","groups_with_access_code":"Public","id":316815,"maximum_vehicle_class":null,"open_date":"2023-11-07","owner_type_code":null,"restricted_access":null,"status_code":"E","funding_sources":null,"facility_type":null,"station_name":"BRE 1730RI-A","station_phone":"888-758-4389","updated_at":"2025-04-23T02:08:16Z","geocode_status":"GPS","city":"Washington","country":"US","intersection_directions":"Parking Garage","plus4":null,"state":"DC","street_address":"1730 Rhode Island Ave NW","zip":"20036","bd_blends":null,"cng_dispenser_num":null,"cng_fill_type_code":null,"cng_has_rng":null,"cng_psi":null,"cng_renewable_source":null,"cng_total_compression":null,"cng_total_storage":null,"cng_vehicle_class":null,"e85_blender_pump":null,"e85_other_ethanol_blends":null,"ev_connector_types":["J1772"],"ev_dc_fast_num":null,"ev_level1_evse_num":null,"ev_level2_evse_num":2,"ev_network":"ChargePoint Network","ev_network_web":"https://www.chargepoint.com","ev_other_evse":null,"ev_pricing":null,"ev_renewable_source":null,"ev_workplace_charging":false,"hy_is_retail":null,"hy_pressures":null,"hy_standards":null,"hy_status_link":null,"lng_has_rng":null,"lng_renewable_source":null,"lng_vehicle_class":null,"lpg_nozzle_types":null,"lpg_primary":null,"ng_fill_type_code":null,"ng_psi":null,"ng_vehicle_class":null,"rd_blended_with_biodiesel":null,"rd_blends":null,"rd_blends_fr":null,"rd_max_biodiesel_level":null,"nps_unit_name":null,"access_days_time_fr":null,"intersection_directions_fr":null,"bd_blends_fr":null,"groups_with_access_code_fr":"Public","ev_pricing_fr":null,"ev_network_ids":{"station":["USCPIL14210401"],"posts":["23699481","23699491"]}}},{"type":"Feature","geometry":{"type":"Point","coordinates":[-77.039297,38.906059]},"properties":{"access_code":"public","access_days_time":"24 hours daily","access_detail_code":null,"cards_accepted":null,"date_last_confirmed":"2025-04-23","expected_date":null,"fuel_type_code":"ELEC","groups_with_access_code":"Public","id":316816,"maximum_vehicle_class":null,"open_date":"2023-11-07","owner_type_code":null,"restricted_access":null,"status_code":"E","funding_sources":null,"facility_type":null,"station_name":"BRE 1730RI-B","station_phone":"888-758-4389","updated_at":"2025-04-23T02:08:16Z","geocode_status":"GPS","city":"Washington","country":"US","intersection_directions":"Parking Garage","plus4":null,"state":"DC","street_address":"1730 Rhode Island Ave NW","zip":"20036","bd_blends":null,"cng_dispenser_num":null,"cng_fill_type_code":null,"cng_has_rng":null,"cng_psi":null,"cng_renewable_source":null,"cng_total_compression":null,"cng_total_storage":null,"cng_vehicle_class":null,"e85_blender_pump":null,"e85_other_ethanol_blends":null,"ev_connector_types":["J1772"],"ev_dc_fast_num":null,"ev_level1_evse_num":null,"ev_level2_evse_num":2,"ev_network":"ChargePoint Network","ev_network_web":"https://www.chargepoint.com","ev_other_evse":null,"ev_pricing":null,"ev_renewable_source":null,"ev_workplace_charging":false,"hy_is_retail":null,"hy_pressures":null,"hy_standards":null,"hy_status_link":null,"lng_has_rng":null,"lng_renewable_source":null,"lng_vehicle_class":null,"lpg_nozzle_types":null,"lpg_primary":null,"ng_fill_type_code":null,"ng_psi":null,"ng_vehicle_class":null,"rd_blended_with_biodiesel":null,"rd_blends":null,"rd_blends_fr":null,"rd_max_biodiesel_level":null,"nps_unit_name":null,"access_days_time_fr":null,"intersection_directions_fr":null,"bd_blends_fr":null,"groups_with_access_code_fr":"Public","ev_pricing_fr":null,"ev_network_ids":{"station":["USCPIL14210411"],"posts":["23699501","23699511"]}}},{"type":"Feature","geometry":{"type":"Point","coordinates":[-77.040625,38.904381]},"properties":{"access_code":"public","access_days_time":"24 hours daily","access_detail_code":null,"cards_accepted":null,"date_last_confirmed":"2025-04-23","expected_date":null,"fuel_type_code":"ELEC","groups_with_access_code":"Public","id":316817,"maximum_vehicle_class":null,"open_date":"2023-11-07","owner_type_code":null,"restricted_access":null,"status_code":"E","funding_sources":null,"facility_type":null,"station_name":"BRE 1120CT-A","station_phone":"888-758-4389","updated_at":"2025-04-23T02:08:18Z","geocode_status":"GPS","city":"Washington","country":"US","intersection_directions":"P1 level","plus4":null,"state":"DC","street_address":"1120 Connecticut Ave NW","zip":"20036","bd_blends":null,"cng_dispenser_num":null,"cng_fill_type_code":null,"cng_has_rng":null,"cng_psi":null,"cng_renewable_source":null,"cng_total_compression":null,"cng_total_storage":null,"cng_vehicle_class":null,"e85_blender_pump":null,"e85_other_ethanol_blends":null,"ev_connector_types":["J1772"],"ev_dc_fast_num":null,"ev_level1_evse_num":null,"ev_level2_evse_num":2,"ev_network":"ChargePoint Network","ev_network_web":"https://www.chargepoint.com","ev_other_evse":null,"ev_pricing":null,"ev_renewable_source":null,"ev_workplace_charging":false,"hy_is_retail":null,"hy_pressures":null,"hy_standards":null,"hy_status_link":null,"lng_has_rng":null,"lng_renewable_source":null,"lng_vehicle_class":null,"lpg_nozzle_types":null,"lpg_primary":null,"ng_fill_type_code":null,"ng_psi":null,"ng_vehicle_class":null,"rd_blended_with_biodiesel":null,"rd_blends":null,"rd_blends_fr":null,"rd_max_biodiesel_level":null,"nps_unit_name":null,"access_days_time_fr":null,"intersection_directions_fr":null,"bd_blends_fr":null,"groups_with_access_code_fr":"Public","ev_pricing_fr":null,"ev_network_ids":{"station":["USCPIL14218961"],"posts":["23708631","23708641"]}}},{"type":"Feature","geometry":{"type":"Point","coordinates":[-77.040632,38.904392]},"properties":{"access_code":"public","access_days_time":"24 hours daily","access_detail_code":null,"cards_accepted":null,"date_last_confirmed":"2025-04-23","expected_date":null,"fuel_type_code":"ELEC","groups_with_access_code":"Public","id":316818,"maximum_vehicle_class":null,"open_date":"2023-11-07","owner_type_code":null,"restricted_access":null,"status_code":"E","funding_sources":null,"facility_type":null,"station_name":"BRE 1120CT-B","station_phone":"888-758-4389","updated_at":"2025-04-23T02:08:18Z","geocode_status":"GPS","city":"Washington","country":"US","intersection_directions":"P1 level","plus4":null,"state":"DC","street_address":"1120 Connecticut Ave NW","zip":"20036","bd_blends":null,"cng_dispenser_num":null,"cng_fill_type_code":null,"cng_has_rng":null,"cng_psi":null,"cng_renewable_source":null,"cng_total_compression":null,"cng_total_storage":null,"cng_vehicle_class":null,"e85_blender_pump":null,"e85_other_ethanol_blends":null,"ev_connector_types":["J1772"],"ev_dc_fast_num":null,"ev_level1_evse_num":null,"ev_level2_evse_num":2,"ev_network":"ChargePoint Network","ev_network_web":"https://www.chargepoint.com","ev_other_evse":null,"ev_pricing":null,"ev_renewable_source":null,"ev_workplace_charging":false,"hy_is_retail":null,"hy_pressures":null,"hy_standards":null,"hy_status_link":null,"lng_has_rng":null,"lng_renewable_source":null,"lng_vehicle_class":null,"lpg_nozzle_types":null,"lpg_primary":null,"ng_fill_type_code":null,"ng_psi":null,"ng_vehicle_class":null,"rd_blended_with_biodiesel":null,"rd_blends":null,"rd_blends_fr":null,"rd_max_biodiesel_level":null,"nps_unit_name":null,"access_days_time_fr":null,"intersection_directions_fr":null,"bd_blends_fr":null,"groups_with_access_code_fr":"Public","ev_pricing_fr":null,"ev_network_ids":{"station":["USCPIL14218971"],"posts":["23708651","23708661"]}}},{"type":"Feature","geometry":{"type":"Point","coordinates":[-77.00124087116404,38.90018921635856]},"properties":{"access_code":"public","access_days_time":"24 hours daily","access_detail_code":null,"cards_accepted":null,"date_last_confirmed":"2025-04-23","expected_date":"2023-11-09","fuel_type_code":"ELEC","groups_with_access_code":"TEMPORARILY UNAVAILABLE (Public)","id":317002,"maximum_vehicle_class":null,"open_date":"2021-03-04","owner_type_code":null,"restricted_access":null,"status_code":"T","funding_sources":null,"facility_type":null,"station_name":"Coda on H","station_phone":"888-998-2546","updated_at":"2025-04-23T00:09:49Z","geocode_status":"GPS","city":"Washington","country":"US","intersection_directions":null,"plus4":null,"state":"DC","street_address":"315 H Street Northeast","zip":"20002","bd_blends":null,"cng_dispenser_num":null,"cng_fill_type_code":null,"cng_has_rng":null,"cng_psi":null,"cng_renewable_source":null,"cng_total_compression":null,"cng_total_storage":null,"cng_vehicle_class":null,"e85_blender_pump":null,"e85_other_ethanol_blends":null,"ev_connector_types":["J1772"],"ev_dc_fast_num":null,"ev_level1_evse_num":null,"ev_level2_evse_num":3,"ev_network":"Blink Network","ev_network_web":"https://blinkcharging.com","ev_other_evse":null,"ev_pricing":null,"ev_renewable_source":null,"ev_workplace_charging":false,"hy_is_retail":null,"hy_pressures":null,"hy_standards":null,"hy_status_link":null,"lng_has_rng":null,"lng_renewable_source":null,"lng_vehicle_class":null,"lpg_nozzle_types":null,"lpg_primary":null,"ng_fill_type_code":null,"ng_psi":null,"ng_vehicle_class":null,"rd_blended_with_biodiesel":null,"rd_blends":null,"rd_blends_fr":null,"rd_max_biodiesel_level":null,"nps_unit_name":null,"access_days_time_fr":null,"intersection_directions_fr":null,"bd_blends_fr":null,"groups_with_access_code_fr":"TEMPORAIREMENT SUSPENDU (Public)","ev_pricing_fr":null,"ev_network_ids":{"station":["15fc8792-dec2-4176-b2e5-4e9ad9d8b778"],"posts":["a625a7a6-ce46-4f2f-9067-250704bf4db5","c1dc1412-5841-48ad-b0a6-56b28a572026","e3c63167-ee3f-4ccc-ad4b-3bbc792847a2"]}}},{"type":"Feature","geometry":{"type":"Point","coordinates":[-77.03,38.9]},"properties":{"access_code":"public","access_days_time":"Contact site for information","access_detail_code":null,"cards_accepted":"A ANDROID_PAY APPLE_PAY CREDIT D M","date_last_confirmed":"2023-12-13","expected_date":null,"fuel_type_code":"ELEC","groups_with_access_code":"Public","id":319318,"maximum_vehicle_class":"LD","open_date":"2023-10-05","owner_type_code":"P","restricted_access":false,"status_code":"E","funding_sources":null,"facility_type":null,"station_name":"555 12ST ST NW 1","station_phone":"202-624-0836","updated_at":"2024-01-31T22:07:01Z","geocode_status":"GPS","city":"Washington","country":"US","intersection_directions":null,"plus4":null,"state":"DC","street_address":"555 12th St NW","zip":"20004","bd_blends":null,"cng_dispenser_num":null,"cng_fill_type_code":null,"cng_has_rng":null,"cng_psi":null,"cng_renewable_source":null,"cng_total_compression":null,"cng_total_storage":null,"cng_vehicle_class":null,"e85_blender_pump":null,"e85_other_ethanol_blends":null,"ev_connector_types":["J1772"],"ev_dc_fast_num":null,"ev_level1_evse_num":null,"ev_level2_evse_num":6,"ev_network":"AMPUP","ev_network_web":"https://ampup.io","ev_other_evse":null,"ev_pricing":null,"ev_renewable_source":null,"ev_workplace_charging":false,"hy_is_retail":null,"hy_pressures":null,"hy_standards":null,"hy_status_link":null,"lng_has_rng":null,"lng_renewable_source":null,"lng_vehicle_class":null,"lpg_nozzle_types":null,"lpg_primary":null,"ng_fill_type_code":null,"ng_psi":null,"ng_vehicle_class":null,"rd_blended_with_biodiesel":null,"rd_blends":null,"rd_blends_fr":null,"rd_max_biodiesel_level":null,"nps_unit_name":null,"access_days_time_fr":null,"intersection_directions_fr":null,"bd_blends_fr":null,"groups_with_access_code_fr":"Public","ev_pricing_fr":null}},{"type":"Feature","geometry":{"type":"Point","coordinates":[-77.03,38.9]},"properties":{"access_code":"public","access_days_time":"Contact site for information","access_detail_code":null,"cards_accepted":"A ANDROID_PAY APPLE_PAY CREDIT D M","date_last_confirmed":"2023-12-13","expected_date":null,"fuel_type_code":"ELEC","groups_with_access_code":"Public","id":319391,"maximum_vehicle_class":"LD","open_date":"2023-07-17","owner_type_code":"P","restricted_access":false,"status_code":"E","funding_sources":null,"facility_type":null,"station_name":"555 12st St NW","station_phone":"202-624-0836","updated_at":"2024-01-31T22:07:01Z","geocode_status":"GPS","city":"Washington","country":"US","intersection_directions":null,"plus4":null,"state":"DC","street_address":"555 12th St NW","zip":"20004","bd_blends":null,"cng_dispenser_num":null,"cng_fill_type_code":null,"cng_has_rng":null,"cng_psi":null,"cng_renewable_source":null,"cng_total_compression":null,"cng_total_storage":null,"cng_vehicle_class":null,"e85_blender_pump":null,"e85_other_ethanol_blends":null,"ev_connector_types":["J1772"],"ev_dc_fast_num":null,"ev_level1_evse_num":null,"ev_level2_evse_num":7,"ev_network":"AMPUP","ev_network_web":"https://ampup.io","ev_other_evse":null,"ev_pricing":null,"ev_renewable_source":null,"ev_workplace_charging":false,"hy_is_retail":null,"hy_pressures":null,"hy_standards":null,"hy_status_link":null,"lng_has_rng":null,"lng_renewable_source":null,"lng_vehicle_class":null,"lpg_nozzle_types":null,"lpg_primary":null,"ng_fill_type_code":null,"ng_psi":null,"ng_vehicle_class":null,"rd_blended_with_biodiesel":null,"rd_blends":null,"rd_blends_fr":null,"rd_max_biodiesel_level":null,"nps_unit_name":null,"access_days_time_fr":null,"intersection_directions_fr":null,"bd_blends_fr":null,"groups_with_access_code_fr":"Public","ev_pricing_fr":null}},{"type":"Feature","geometry":{"type":"Point","coordinates":[-77.04307,38.90231]},"properties":{"access_code":"public","access_days_time":"Contact site for information","access_detail_code":null,"cards_accepted":"A ANDROID_PAY APPLE_PAY CREDIT D M","date_last_confirmed":"2023-12-13","expected_date":null,"fuel_type_code":"ELEC","groups_with_access_code":"Public","id":319402,"maximum_vehicle_class":"LD","open_date":"2023-07-06","owner_type_code":"P","restricted_access":false,"status_code":"E","funding_sources":null,"facility_type":"MULTI_UNIT_DWELLING","station_name":"International Square","station_phone":"202-868-1055","updated_at":"2024-01-31T22:07:01Z","geocode_status":"GPS","city":"Washington","country":"US","intersection_directions":null,"plus4":null,"state":"DC","street_address":"1850 K St NW","zip":"20006","bd_blends":null,"cng_dispenser_num":null,"cng_fill_type_code":null,"cng_has_rng":null,"cng_psi":null,"cng_renewable_source":null,"cng_total_compression":null,"cng_total_storage":null,"cng_vehicle_class":null,"e85_blender_pump":null,"e85_other_ethanol_blends":null,"ev_connector_types":["J1772"],"ev_dc_fast_num":null,"ev_level1_evse_num":null,"ev_level2_evse_num":2,"ev_network":"AMPUP","ev_network_web":"https://ampup.io","ev_other_evse":null,"ev_pricing":null,"ev_renewable_source":null,"ev_workplace_charging":false,"hy_is_retail":null,"hy_pressures":null,"hy_standards":null,"hy_status_link":null,"lng_has_rng":null,"lng_renewable_source":null,"lng_vehicle_class":null,"lpg_nozzle_types":null,"lpg_primary":null,"ng_fill_type_code":null,"ng_psi":null,"ng_vehicle_class":null,"rd_blended_with_biodiesel":null,"rd_blends":null,"rd_blends_fr":null,"rd_max_biodiesel_level":null,"nps_unit_name":null,"access_days_time_fr":null,"intersection_directions_fr":null,"bd_blends_fr":null,"groups_with_access_code_fr":"Public","ev_pricing_fr":null}},{"type":"Feature","geometry":{"type":"Point","coordinates":[-77.021299,38.9146314]},"properties":{"access_code":"public","access_days_time":"24 hours daily","access_detail_code":null,"cards_accepted":"A D M V","date_last_confirmed":"2025-04-23","expected_date":null,"fuel_type_code":"ELEC","groups_with_access_code":"Public","id":319640,"maximum_vehicle_class":null,"open_date":"2023-11-11","owner_type_code":null,"restricted_access":null,"status_code":"E","funding_sources":null,"facility_type":"PUBLIC","station_name":"Alley Entrance - 641 S. St. NW. Garage","station_phone":"855-223-5351","updated_at":"2025-04-23T03:23:08Z","geocode_status":"GPS","city":"Washington","country":"US","intersection_directions":null,"plus4":null,"state":"DC","street_address":"641 S. St. NW.","zip":"20001","bd_blends":null,"cng_dispenser_num":null,"cng_fill_type_code":null,"cng_has_rng":null,"cng_psi":null,"cng_renewable_source":null,"cng_total_compression":null,"cng_total_storage":null,"cng_vehicle_class":null,"e85_blender_pump":null,"e85_other_ethanol_blends":null,"ev_connector_types":["J1772"],"ev_dc_fast_num":null,"ev_level1_evse_num":null,"ev_level2_evse_num":2,"ev_network":"FLASH","ev_network_web":"https://www.flashparking.com/products/diversify-parking-revenue/ev-charging-as-a-revenue-stream/","ev_other_evse":null,"ev_pricing":null,"ev_renewable_source":null,"ev_workplace_charging":false,"hy_is_retail":null,"hy_pressures":null,"hy_standards":null,"hy_status_link":null,"lng_has_rng":null,"lng_renewable_source":null,"lng_vehicle_class":null,"lpg_nozzle_types":null,"lpg_primary":null,"ng_fill_type_code":null,"ng_psi":null,"ng_vehicle_class":null,"rd_blended_with_biodiesel":null,"rd_blends":null,"rd_blends_fr":null,"rd_max_biodiesel_level":null,"nps_unit_name":null,"access_days_time_fr":null,"intersection_directions_fr":null,"bd_blends_fr":null,"groups_with_access_code_fr":"Public","ev_pricing_fr":null,"ev_network_ids":{"station":["53571"],"posts":["AX48-SCNU","AX48-WUBW"]}}},{"type":"Feature","geometry":{"type":"Point","coordinates":[-77.0427978,38.9079293]},"properties":{"access_code":"public","access_days_time":"24 hours daily","access_detail_code":null,"cards_accepted":null,"date_last_confirmed":"2025-04-23","expected_date":null,"fuel_type_code":"ELEC","groups_with_access_code":"Public","id":319685,"maximum_vehicle_class":null,"open_date":"2022-11-22","owner_type_code":null,"restricted_access":null,"status_code":"E","funding_sources":null,"facility_type":null,"station_name":"1330 CONN","station_phone":"888-998-2546","updated_at":"2025-04-23T00:17:54Z","geocode_status":"GPS","city":"Washington","country":"US","intersection_directions":null,"plus4":null,"state":"DC","street_address":"1330 Connecticut Ave.","zip":"20036","bd_blends":null,"cng_dispenser_num":null,"cng_fill_type_code":null,"cng_has_rng":null,"cng_psi":null,"cng_renewable_source":null,"cng_total_compression":null,"cng_total_storage":null,"cng_vehicle_class":null,"e85_blender_pump":null,"e85_other_ethanol_blends":null,"ev_connector_types":["J1772"],"ev_dc_fast_num":null,"ev_level1_evse_num":null,"ev_level2_evse_num":4,"ev_network":"Blink Network","ev_network_web":"https://blinkcharging.com","ev_other_evse":null,"ev_pricing":null,"ev_renewable_source":null,"ev_workplace_charging":false,"hy_is_retail":null,"hy_pressures":null,"hy_standards":null,"hy_status_link":null,"lng_has_rng":null,"lng_renewable_source":null,"lng_vehicle_class":null,"lpg_nozzle_types":null,"lpg_primary":null,"ng_fill_type_code":null,"ng_psi":null,"ng_vehicle_class":null,"rd_blended_with_biodiesel":null,"rd_blends":null,"rd_blends_fr":null,"rd_max_biodiesel_level":null,"nps_unit_name":null,"access_days_time_fr":null,"intersection_directions_fr":null,"bd_blends_fr":null,"groups_with_access_code_fr":"Public","ev_pricing_fr":null,"ev_network_ids":{"station":["d0e864cf-fb2a-3dbf-1307-c00000001637"],"posts":["d9ac0aa1-4972-3e61-1307-300000226061","d9ac0aa1-4972-3e61-1307-300000226071","d9ac0aa1-4972-3e61-1307-300000226141","d9ac0aa1-4972-3e61-1307-300000226191"]}}},{"type":"Feature","geometry":{"type":"Point","coordinates":[-77.04544819356848,38.9119405875304]},"properties":{"access_code":"public","access_days_time":"24 hours daily","access_detail_code":null,"cards_accepted":"A D M V","date_last_confirmed":"2025-04-23","expected_date":null,"fuel_type_code":"ELEC","groups_with_access_code":"Public","id":320473,"maximum_vehicle_class":null,"open_date":"2023-11-22","owner_type_code":null,"restricted_access":null,"status_code":"E","funding_sources":null,"facility_type":"WORKPLACE","station_name":"1630 Connecticut Ave. NW. Garage","station_phone":"855-223-5351","updated_at":"2025-04-23T03:23:04Z","geocode_status":"GPS","city":"Washington","country":"US","intersection_directions":null,"plus4":null,"state":"DC","street_address":"2007 Hillyer Pl. NW.","zip":"20009","bd_blends":null,"cng_dispenser_num":null,"cng_fill_type_code":null,"cng_has_rng":null,"cng_psi":null,"cng_renewable_source":null,"cng_total_compression":null,"cng_total_storage":null,"cng_vehicle_class":null,"e85_blender_pump":null,"e85_other_ethanol_blends":null,"ev_connector_types":["J1772"],"ev_dc_fast_num":null,"ev_level1_evse_num":null,"ev_level2_evse_num":2,"ev_network":"FLASH","ev_network_web":"https://www.flashparking.com/products/diversify-parking-revenue/ev-charging-as-a-revenue-stream/","ev_other_evse":null,"ev_pricing":null,"ev_renewable_source":null,"ev_workplace_charging":false,"hy_is_retail":null,"hy_pressures":null,"hy_standards":null,"hy_status_link":null,"lng_has_rng":null,"lng_renewable_source":null,"lng_vehicle_class":null,"lpg_nozzle_types":null,"lpg_primary":null,"ng_fill_type_code":null,"ng_psi":null,"ng_vehicle_class":null,"rd_blended_with_biodiesel":null,"rd_blends":null,"rd_blends_fr":null,"rd_max_biodiesel_level":null,"nps_unit_name":null,"access_days_time_fr":null,"intersection_directions_fr":null,"bd_blends_fr":null,"groups_with_access_code_fr":"Public","ev_pricing_fr":null,"ev_network_ids":{"station":["53576"],"posts":["AX48-BRGP","AX48-NICD"]}}},{"type":"Feature","geometry":{"type":"Point","coordinates":[-76.996993,38.909]},"properties":{"access_code":"public","access_days_time":"24 hours daily","access_detail_code":null,"cards_accepted":null,"date_last_confirmed":"2025-04-23","expected_date":null,"fuel_type_code":"ELEC","groups_with_access_code":"Public","id":322658,"maximum_vehicle_class":null,"open_date":"2023-12-14","owner_type_code":null,"restricted_access":null,"status_code":"E","funding_sources":null,"facility_type":null,"station_name":"UNION MARKET GUM 1","station_phone":"888-758-4389","updated_at":"2025-04-23T02:07:57Z","geocode_status":"GPS","city":"Washington","country":"US","intersection_directions":null,"plus4":null,"state":"DC","street_address":"1325 5th St NE","zip":"20002","bd_blends":null,"cng_dispenser_num":null,"cng_fill_type_code":null,"cng_has_rng":null,"cng_psi":null,"cng_renewable_source":null,"cng_total_compression":null,"cng_total_storage":null,"cng_vehicle_class":null,"e85_blender_pump":null,"e85_other_ethanol_blends":null,"ev_connector_types":["J1772"],"ev_dc_fast_num":null,"ev_level1_evse_num":null,"ev_level2_evse_num":2,"ev_network":"ChargePoint Network","ev_network_web":"https://www.chargepoint.com","ev_other_evse":null,"ev_pricing":null,"ev_renewable_source":null,"ev_workplace_charging":false,"hy_is_retail":null,"hy_pressures":null,"hy_standards":null,"hy_status_link":null,"lng_has_rng":null,"lng_renewable_source":null,"lng_vehicle_class":null,"lpg_nozzle_types":null,"lpg_primary":null,"ng_fill_type_code":null,"ng_psi":null,"ng_vehicle_class":null,"rd_blended_with_biodiesel":null,"rd_blends":null,"rd_blends_fr":null,"rd_max_biodiesel_level":null,"nps_unit_name":null,"access_days_time_fr":null,"intersection_directions_fr":null,"bd_blends_fr":null,"groups_with_access_code_fr":"Public","ev_pricing_fr":null,"ev_network_ids":{"station":["USCPIL14168321"],"posts":["25874931","25874941"]}}},{"type":"Feature","geometry":{"type":"Point","coordinates":[-76.997152,38.909039]},"properties":{"access_code":"public","access_days_time":"24 hours daily","access_detail_code":null,"cards_accepted":null,"date_last_confirmed":"2025-04-23","expected_date":null,"fuel_type_code":"ELEC","groups_with_access_code":"Public","id":322659,"maximum_vehicle_class":null,"open_date":"2023-12-14","owner_type_code":null,"restricted_access":null,"status_code":"E","funding_sources":null,"facility_type":null,"station_name":"UNION MARKET GUM 2","station_phone":"888-758-4389","updated_at":"2025-04-23T02:07:57Z","geocode_status":"GPS","city":"Washington","country":"US","intersection_directions":null,"plus4":null,"state":"DC","street_address":"1325 5th St NE","zip":"20002","bd_blends":null,"cng_dispenser_num":null,"cng_fill_type_code":null,"cng_has_rng":null,"cng_psi":null,"cng_renewable_source":null,"cng_total_compression":null,"cng_total_storage":null,"cng_vehicle_class":null,"e85_blender_pump":null,"e85_other_ethanol_blends":null,"ev_connector_types":["J1772"],"ev_dc_fast_num":null,"ev_level1_evse_num":null,"ev_level2_evse_num":2,"ev_network":"ChargePoint Network","ev_network_web":"https://www.chargepoint.com","ev_other_evse":null,"ev_pricing":null,"ev_renewable_source":null,"ev_workplace_charging":false,"hy_is_retail":null,"hy_pressures":null,"hy_standards":null,"hy_status_link":null,"lng_has_rng":null,"lng_renewable_source":null,"lng_vehicle_class":null,"lpg_nozzle_types":null,"lpg_primary":null,"ng_fill_type_code":null,"ng_psi":null,"ng_vehicle_class":null,"rd_blended_with_biodiesel":null,"rd_blends":null,"rd_blends_fr":null,"rd_max_biodiesel_level":null,"nps_unit_name":null,"access_days_time_fr":null,"intersection_directions_fr":null,"bd_blends_fr":null,"groups_with_access_code_fr":"Public","ev_pricing_fr":null,"ev_network_ids":{"station":["USCPIL14168421"],"posts":["23651571","23651581"]}}},{"type":"Feature","geometry":{"type":"Point","coordinates":[-76.997173,38.909042]},"properties":{"access_code":"public","access_days_time":"24 hours daily","access_detail_code":null,"cards_accepted":null,"date_last_confirmed":"2025-04-23","expected_date":null,"fuel_type_code":"ELEC","groups_with_access_code":"Public","id":322660,"maximum_vehicle_class":null,"open_date":"2023-12-14","owner_type_code":null,"restricted_access":null,"status_code":"E","funding_sources":null,"facility_type":null,"station_name":"UNION MARKET GUM 3","station_phone":"888-758-4389","updated_at":"2025-04-23T02:07:57Z","geocode_status":"GPS","city":"Washington","country":"US","intersection_directions":null,"plus4":null,"state":"DC","street_address":"1325 5th St NE","zip":"20002","bd_blends":null,"cng_dispenser_num":null,"cng_fill_type_code":null,"cng_has_rng":null,"cng_psi":null,"cng_renewable_source":null,"cng_total_compression":null,"cng_total_storage":null,"cng_vehicle_class":null,"e85_blender_pump":null,"e85_other_ethanol_blends":null,"ev_connector_types":["J1772"],"ev_dc_fast_num":null,"ev_level1_evse_num":null,"ev_level2_evse_num":2,"ev_network":"ChargePoint Network","ev_network_web":"https://www.chargepoint.com","ev_other_evse":null,"ev_pricing":null,"ev_renewable_source":null,"ev_workplace_charging":false,"hy_is_retail":null,"hy_pressures":null,"hy_standards":null,"hy_status_link":null,"lng_has_rng":null,"lng_renewable_source":null,"lng_vehicle_class":null,"lpg_nozzle_types":null,"lpg_primary":null,"ng_fill_type_code":null,"ng_psi":null,"ng_vehicle_class":null,"rd_blended_with_biodiesel":null,"rd_blends":null,"rd_blends_fr":null,"rd_max_biodiesel_level":null,"nps_unit_name":null,"access_days_time_fr":null,"intersection_directions_fr":null,"bd_blends_fr":null,"groups_with_access_code_fr":"Public","ev_pricing_fr":null,"ev_network_ids":{"station":["USCPIL14168451"],"posts":["23651611","23651621"]}}},{"type":"Feature","geometry":{"type":"Point","coordinates":[-77.041331,38.90542]},"properties":{"access_code":"public","access_days_time":"24 hours daily","access_detail_code":null,"cards_accepted":null,"date_last_confirmed":"2025-04-23","expected_date":null,"fuel_type_code":"ELEC","groups_with_access_code":"Public","id":322666,"maximum_vehicle_class":null,"open_date":"2023-12-14","owner_type_code":null,"restricted_access":null,"status_code":"E","funding_sources":null,"facility_type":null,"station_name":"BRE 1150CT-A","station_phone":"888-758-4389","updated_at":"2025-04-23T02:08:55Z","geocode_status":"GPS","city":"Washington","country":"US","intersection_directions":null,"plus4":null,"state":"DC","street_address":"1150 Connecticut Ave NW","zip":"20036","bd_blends":null,"cng_dispenser_num":null,"cng_fill_type_code":null,"cng_has_rng":null,"cng_psi":null,"cng_renewable_source":null,"cng_total_compression":null,"cng_total_storage":null,"cng_vehicle_class":null,"e85_blender_pump":null,"e85_other_ethanol_blends":null,"ev_connector_types":["J1772"],"ev_dc_fast_num":null,"ev_level1_evse_num":null,"ev_level2_evse_num":2,"ev_network":"ChargePoint Network","ev_network_web":"https://www.chargepoint.com","ev_other_evse":null,"ev_pricing":null,"ev_renewable_source":null,"ev_workplace_charging":false,"hy_is_retail":null,"hy_pressures":null,"hy_standards":null,"hy_status_link":null,"lng_has_rng":null,"lng_renewable_source":null,"lng_vehicle_class":null,"lpg_nozzle_types":null,"lpg_primary":null,"ng_fill_type_code":null,"ng_psi":null,"ng_vehicle_class":null,"rd_blended_with_biodiesel":null,"rd_blends":null,"rd_blends_fr":null,"rd_max_biodiesel_level":null,"nps_unit_name":null,"access_days_time_fr":null,"intersection_directions_fr":null,"bd_blends_fr":null,"groups_with_access_code_fr":"Public","ev_pricing_fr":null,"ev_network_ids":{"station":["USCPIL14286641"],"posts":["23785831","23785841"]}}},{"type":"Feature","geometry":{"type":"Point","coordinates":[-77.041356,38.905448]},"properties":{"access_code":"public","access_days_time":"24 hours daily","access_detail_code":null,"cards_accepted":null,"date_last_confirmed":"2025-04-23","expected_date":null,"fuel_type_code":"ELEC","groups_with_access_code":"Public","id":322667,"maximum_vehicle_class":null,"open_date":"2023-12-14","owner_type_code":null,"restricted_access":null,"status_code":"E","funding_sources":null,"facility_type":null,"station_name":"BRE 1150CT-B","station_phone":"888-758-4389","updated_at":"2025-04-23T02:08:55Z","geocode_status":"GPS","city":"Washington","country":"US","intersection_directions":null,"plus4":null,"state":"DC","street_address":"1150 Connecticut Ave NW","zip":"20036","bd_blends":null,"cng_dispenser_num":null,"cng_fill_type_code":null,"cng_has_rng":null,"cng_psi":null,"cng_renewable_source":null,"cng_total_compression":null,"cng_total_storage":null,"cng_vehicle_class":null,"e85_blender_pump":null,"e85_other_ethanol_blends":null,"ev_connector_types":["J1772"],"ev_dc_fast_num":null,"ev_level1_evse_num":null,"ev_level2_evse_num":2,"ev_network":"ChargePoint Network","ev_network_web":"https://www.chargepoint.com","ev_other_evse":null,"ev_pricing":null,"ev_renewable_source":null,"ev_workplace_charging":false,"hy_is_retail":null,"hy_pressures":null,"hy_standards":null,"hy_status_link":null,"lng_has_rng":null,"lng_renewable_source":null,"lng_vehicle_class":null,"lpg_nozzle_types":null,"lpg_primary":null,"ng_fill_type_code":null,"ng_psi":null,"ng_vehicle_class":null,"rd_blended_with_biodiesel":null,"rd_blends":null,"rd_blends_fr":null,"rd_max_biodiesel_level":null,"nps_unit_name":null,"access_days_time_fr":null,"intersection_directions_fr":null,"bd_blends_fr":null,"groups_with_access_code_fr":"Public","ev_pricing_fr":null,"ev_network_ids":{"station":["USCPIL14286661"],"posts":["23785861","23785871"]}}},{"type":"Feature","geometry":{"type":"Point","coordinates":[-77.02795207500459,38.89773620652311]},"properties":{"access_code":"public","access_days_time":"Mon 9:30am - 10:30pm; Tue 9:30am - 10:30pm; Wed 9:30am - 10:30pm; Thu 9:30am - 10:30pm; Fri 9:30am - 10:30pm; Sat 12:00pm - 12:00am; Sun 11:00am - 7:00pm","access_detail_code":null,"cards_accepted":"A D M V","date_last_confirmed":"2025-04-23","expected_date":null,"fuel_type_code":"ELEC","groups_with_access_code":"Public","id":322896,"maximum_vehicle_class":null,"open_date":"2023-12-16","owner_type_code":null,"restricted_access":null,"status_code":"E","funding_sources":null,"facility_type":"PUBLIC","station_name":"1155 F St. NW. Garage","station_phone":"855-223-5351","updated_at":"2025-04-23T03:23:25Z","geocode_status":"GPS","city":"Washington","country":"US","intersection_directions":null,"plus4":null,"state":"DC","street_address":"611 12th St. NW.","zip":"20005","bd_blends":null,"cng_dispenser_num":null,"cng_fill_type_code":null,"cng_has_rng":null,"cng_psi":null,"cng_renewable_source":null,"cng_total_compression":null,"cng_total_storage":null,"cng_vehicle_class":null,"e85_blender_pump":null,"e85_other_ethanol_blends":null,"ev_connector_types":["J1772"],"ev_dc_fast_num":null,"ev_level1_evse_num":null,"ev_level2_evse_num":4,"ev_network":"FLASH","ev_network_web":"https://www.flashparking.com/products/diversify-parking-revenue/ev-charging-as-a-revenue-stream/","ev_other_evse":null,"ev_pricing":null,"ev_renewable_source":null,"ev_workplace_charging":false,"hy_is_retail":null,"hy_pressures":null,"hy_standards":null,"hy_status_link":null,"lng_has_rng":null,"lng_renewable_source":null,"lng_vehicle_class":null,"lpg_nozzle_types":null,"lpg_primary":null,"ng_fill_type_code":null,"ng_psi":null,"ng_vehicle_class":null,"rd_blended_with_biodiesel":null,"rd_blends":null,"rd_blends_fr":null,"rd_max_biodiesel_level":null,"nps_unit_name":null,"access_days_time_fr":null,"intersection_directions_fr":null,"bd_blends_fr":null,"groups_with_access_code_fr":"Public","ev_pricing_fr":null,"ev_network_ids":{"station":["51467"],"posts":["AX48-CCBF","AX48-DESY","AX48-EEAC","AX48-ZOQT"]}}},{"type":"Feature","geometry":{"type":"Point","coordinates":[-77.04626054232916,38.90189611387721]},"properties":{"access_code":"public","access_days_time":"24 hours daily","access_detail_code":null,"cards_accepted":null,"date_last_confirmed":"2025-04-23","expected_date":null,"fuel_type_code":"ELEC","groups_with_access_code":"Public","id":326012,"maximum_vehicle_class":null,"open_date":"2024-01-18","owner_type_code":null,"restricted_access":null,"status_code":"E","funding_sources":null,"facility_type":null,"station_name":"2099 Penn","station_phone":"888-998-2546","updated_at":"2025-04-23T00:07:43Z","geocode_status":"GPS","city":"Washington","country":"US","intersection_directions":null,"plus4":null,"state":"DC","street_address":"2099 Pennsylvania Avenue Northwest","zip":"20006","bd_blends":null,"cng_dispenser_num":null,"cng_fill_type_code":null,"cng_has_rng":null,"cng_psi":null,"cng_renewable_source":null,"cng_total_compression":null,"cng_total_storage":null,"cng_vehicle_class":null,"e85_blender_pump":null,"e85_other_ethanol_blends":null,"ev_connector_types":["J1772"],"ev_dc_fast_num":null,"ev_level1_evse_num":null,"ev_level2_evse_num":2,"ev_network":"Blink Network","ev_network_web":"https://blinkcharging.com","ev_other_evse":null,"ev_pricing":null,"ev_renewable_source":null,"ev_workplace_charging":false,"hy_is_retail":null,"hy_pressures":null,"hy_standards":null,"hy_status_link":null,"lng_has_rng":null,"lng_renewable_source":null,"lng_vehicle_class":null,"lpg_nozzle_types":null,"lpg_primary":null,"ng_fill_type_code":null,"ng_psi":null,"ng_vehicle_class":null,"rd_blended_with_biodiesel":null,"rd_blends":null,"rd_blends_fr":null,"rd_max_biodiesel_level":null,"nps_unit_name":null,"access_days_time_fr":null,"intersection_directions_fr":null,"bd_blends_fr":null,"groups_with_access_code_fr":"Public","ev_pricing_fr":null,"ev_network_ids":{"station":["52dc0b54-85c7-40c4-81bb-51267803237b"],"posts":["c98df454-01cd-4c72-93a4-477ff5770904","fc201044-5e32-40fd-a9c8-082db889f2ee"]}}},{"type":"Feature","geometry":{"type":"Point","coordinates":[-77.08085604232917,38.95018664684418]},"properties":{"access_code":"public","access_days_time":"24 hours daily","access_detail_code":null,"cards_accepted":null,"date_last_confirmed":"2025-04-23","expected_date":"2024-01-20","fuel_type_code":"ELEC","groups_with_access_code":"TEMPORARILY UNAVAILABLE (Public)","id":326189,"maximum_vehicle_class":null,"open_date":"2024-01-19","owner_type_code":null,"restricted_access":null,"status_code":"T","funding_sources":null,"facility_type":null,"station_name":"Tenley View Apartments","station_phone":"888-998-2546","updated_at":"2025-04-23T00:09:54Z","geocode_status":"GPS","city":"Washington","country":"US","intersection_directions":null,"plus4":null,"state":"DC","street_address":"4600 Wisconsin Avenue","zip":"20016","bd_blends":null,"cng_dispenser_num":null,"cng_fill_type_code":null,"cng_has_rng":null,"cng_psi":null,"cng_renewable_source":null,"cng_total_compression":null,"cng_total_storage":null,"cng_vehicle_class":null,"e85_blender_pump":null,"e85_other_ethanol_blends":null,"ev_connector_types":["J1772"],"ev_dc_fast_num":null,"ev_level1_evse_num":null,"ev_level2_evse_num":1,"ev_network":"Blink Network","ev_network_web":"https://blinkcharging.com","ev_other_evse":null,"ev_pricing":null,"ev_renewable_source":null,"ev_workplace_charging":false,"hy_is_retail":null,"hy_pressures":null,"hy_standards":null,"hy_status_link":null,"lng_has_rng":null,"lng_renewable_source":null,"lng_vehicle_class":null,"lpg_nozzle_types":null,"lpg_primary":null,"ng_fill_type_code":null,"ng_psi":null,"ng_vehicle_class":null,"rd_blended_with_biodiesel":null,"rd_blends":null,"rd_blends_fr":null,"rd_max_biodiesel_level":null,"nps_unit_name":null,"access_days_time_fr":null,"intersection_directions_fr":null,"bd_blends_fr":null,"groups_with_access_code_fr":"TEMPORAIREMENT SUSPENDU (Public)","ev_pricing_fr":null,"ev_network_ids":{"station":["33babcb8-7b61-4323-b388-92b8af31a563"],"posts":["3ee97d2e-2098-4dbd-bb53-f81c7a0e1778"]}}},{"type":"Feature","geometry":{"type":"Point","coordinates":[-76.997083,38.909403]},"properties":{"access_code":"public","access_days_time":"24 hours daily","access_detail_code":null,"cards_accepted":null,"date_last_confirmed":"2025-04-23","expected_date":null,"fuel_type_code":"ELEC","groups_with_access_code":"Public","id":326242,"maximum_vehicle_class":null,"open_date":"2024-01-20","owner_type_code":null,"restricted_access":null,"status_code":"E","funding_sources":null,"facility_type":null,"station_name":"UNION MARKET GUM 4","station_phone":"888-758-4389","updated_at":"2025-04-23T02:11:40Z","geocode_status":"GPS","city":"Washington","country":"US","intersection_directions":"The station is on P3 away from the elevator","plus4":null,"state":"DC","street_address":"1331 5th St NE","zip":"20002","bd_blends":null,"cng_dispenser_num":null,"cng_fill_type_code":null,"cng_has_rng":null,"cng_psi":null,"cng_renewable_source":null,"cng_total_compression":null,"cng_total_storage":null,"cng_vehicle_class":null,"e85_blender_pump":null,"e85_other_ethanol_blends":null,"ev_connector_types":["J1772"],"ev_dc_fast_num":null,"ev_level1_evse_num":null,"ev_level2_evse_num":2,"ev_network":"ChargePoint Network","ev_network_web":"https://www.chargepoint.com","ev_other_evse":null,"ev_pricing":null,"ev_renewable_source":null,"ev_workplace_charging":false,"hy_is_retail":null,"hy_pressures":null,"hy_standards":null,"hy_status_link":null,"lng_has_rng":null,"lng_renewable_source":null,"lng_vehicle_class":null,"lpg_nozzle_types":null,"lpg_primary":null,"ng_fill_type_code":null,"ng_psi":null,"ng_vehicle_class":null,"rd_blended_with_biodiesel":null,"rd_blends":null,"rd_blends_fr":null,"rd_max_biodiesel_level":null,"nps_unit_name":null,"access_days_time_fr":null,"intersection_directions_fr":null,"bd_blends_fr":null,"groups_with_access_code_fr":"Public","ev_pricing_fr":null,"ev_network_ids":{"station":["USCPIL15395811"],"posts":["24941891","24941901"]}}},{"type":"Feature","geometry":{"type":"Point","coordinates":[-76.98134064674379,38.91629562897845]},"properties":{"access_code":"public","access_days_time":"Mon 6:00am - 9:00pm; Tue 6:00am - 9:00pm; Wed 6:00am - 9:00pm; Thu 6:00am - 9:00pm; Fri 6:00am - 9:00pm; Sat 8:00am - 9:00pm; Sun 8:00am - 9:00pm","access_detail_code":null,"cards_accepted":"A D M V","date_last_confirmed":"2025-04-23","expected_date":null,"fuel_type_code":"ELEC","groups_with_access_code":"Public","id":326909,"maximum_vehicle_class":null,"open_date":"2024-01-28","owner_type_code":null,"restricted_access":null,"status_code":"E","funding_sources":null,"facility_type":"PUBLIC","station_name":"Target Garage","station_phone":"855-223-5351","updated_at":"2025-04-23T03:23:27Z","geocode_status":"GPS","city":"Washington","country":"US","intersection_directions":null,"plus4":null,"state":"DC","street_address":"66 16th St. NE.","zip":"20002","bd_blends":null,"cng_dispenser_num":null,"cng_fill_type_code":null,"cng_has_rng":null,"cng_psi":null,"cng_renewable_source":null,"cng_total_compression":null,"cng_total_storage":null,"cng_vehicle_class":null,"e85_blender_pump":null,"e85_other_ethanol_blends":null,"ev_connector_types":["J1772"],"ev_dc_fast_num":null,"ev_level1_evse_num":null,"ev_level2_evse_num":3,"ev_network":"FLASH","ev_network_web":"https://www.flashparking.com/products/diversify-parking-revenue/ev-charging-as-a-revenue-stream/","ev_other_evse":null,"ev_pricing":null,"ev_renewable_source":null,"ev_workplace_charging":false,"hy_is_retail":null,"hy_pressures":null,"hy_standards":null,"hy_status_link":null,"lng_has_rng":null,"lng_renewable_source":null,"lng_vehicle_class":null,"lpg_nozzle_types":null,"lpg_primary":null,"ng_fill_type_code":null,"ng_psi":null,"ng_vehicle_class":null,"rd_blended_with_biodiesel":null,"rd_blends":null,"rd_blends_fr":null,"rd_max_biodiesel_level":null,"nps_unit_name":null,"access_days_time_fr":null,"intersection_directions_fr":null,"bd_blends_fr":null,"groups_with_access_code_fr":"Public","ev_pricing_fr":null,"ev_network_ids":{"station":["51478"],"posts":["AX48-DGYD","AX48-EKOB","AX48-ENEX"]}}},{"type":"Feature","geometry":{"type":"Point","coordinates":[-77.0244732,38.9005843]},"properties":{"access_code":"public","access_days_time":"24 hours daily","access_detail_code":null,"cards_accepted":null,"date_last_confirmed":"2025-04-23","expected_date":"2024-07-02","fuel_type_code":"ELEC","groups_with_access_code":"TEMPORARILY UNAVAILABLE (Public)","id":329190,"maximum_vehicle_class":null,"open_date":"2017-10-06","owner_type_code":null,"restricted_access":null,"status_code":"T","funding_sources":null,"facility_type":null,"station_name":"CCDC Office","station_phone":"888-998-2546","updated_at":"2025-04-23T00:37:42Z","geocode_status":"GPS","city":"Washington","country":"US","intersection_directions":null,"plus4":null,"state":"DC","street_address":"870 9th Street Northwest","zip":"20001","bd_blends":null,"cng_dispenser_num":null,"cng_fill_type_code":null,"cng_has_rng":null,"cng_psi":null,"cng_renewable_source":null,"cng_total_compression":null,"cng_total_storage":null,"cng_vehicle_class":null,"e85_blender_pump":null,"e85_other_ethanol_blends":null,"ev_connector_types":["J1772"],"ev_dc_fast_num":null,"ev_level1_evse_num":null,"ev_level2_evse_num":2,"ev_network":"Blink Network","ev_network_web":"https://blinkcharging.com","ev_other_evse":null,"ev_pricing":null,"ev_renewable_source":null,"ev_workplace_charging":false,"hy_is_retail":null,"hy_pressures":null,"hy_standards":null,"hy_status_link":null,"lng_has_rng":null,"lng_renewable_source":null,"lng_vehicle_class":null,"lpg_nozzle_types":null,"lpg_primary":null,"ng_fill_type_code":null,"ng_psi":null,"ng_vehicle_class":null,"rd_blended_with_biodiesel":null,"rd_blends":null,"rd_blends_fr":null,"rd_max_biodiesel_level":null,"nps_unit_name":null,"access_days_time_fr":null,"intersection_directions_fr":null,"bd_blends_fr":null,"groups_with_access_code_fr":"TEMPORAIREMENT SUSPENDU (Public)","ev_pricing_fr":null,"ev_network_ids":{"station":["d0e864cf-fb2a-3dbf-1307-c00000005907"],"posts":["18bb61eb-eba5-492b-a226-a39bb0acbcba","c4a052ab-23d7-4766-974e-3ee8fb03c8f0"]}}},{"type":"Feature","geometry":{"type":"Point","coordinates":[-77.0255817,38.901306]},"properties":{"access_code":"public","access_days_time":"24 hours daily","access_detail_code":null,"cards_accepted":null,"date_last_confirmed":"2025-04-23","expected_date":null,"fuel_type_code":"ELEC","groups_with_access_code":"Public","id":329311,"maximum_vehicle_class":null,"open_date":"2021-01-21","owner_type_code":null,"restricted_access":null,"status_code":"E","funding_sources":null,"facility_type":null,"station_name":"Conrad Washington DC - P1","station_phone":"888-998-2546","updated_at":"2025-04-23T00:12:00Z","geocode_status":"GPS","city":"Washington","country":"US","intersection_directions":null,"plus4":null,"state":"DC","street_address":"950 New York Avenue Northwest","zip":"20001","bd_blends":null,"cng_dispenser_num":null,"cng_fill_type_code":null,"cng_has_rng":null,"cng_psi":null,"cng_renewable_source":null,"cng_total_compression":null,"cng_total_storage":null,"cng_vehicle_class":null,"e85_blender_pump":null,"e85_other_ethanol_blends":null,"ev_connector_types":["J1772"],"ev_dc_fast_num":null,"ev_level1_evse_num":null,"ev_level2_evse_num":2,"ev_network":"Blink Network","ev_network_web":"https://blinkcharging.com","ev_other_evse":null,"ev_pricing":null,"ev_renewable_source":null,"ev_workplace_charging":false,"hy_is_retail":null,"hy_pressures":null,"hy_standards":null,"hy_status_link":null,"lng_has_rng":null,"lng_renewable_source":null,"lng_vehicle_class":null,"lpg_nozzle_types":null,"lpg_primary":null,"ng_fill_type_code":null,"ng_psi":null,"ng_vehicle_class":null,"rd_blended_with_biodiesel":null,"rd_blends":null,"rd_blends_fr":null,"rd_max_biodiesel_level":null,"nps_unit_name":null,"access_days_time_fr":null,"intersection_directions_fr":null,"bd_blends_fr":null,"groups_with_access_code_fr":"Public","ev_pricing_fr":null,"ev_network_ids":{"station":["d7f54509-f055-4275-a6c2-5965ec6e10a2"],"posts":["202bfb94-344e-48ca-98bd-306a1e94855e","ab9f859b-af9e-492a-9430-c49b408cbb73"]}}},{"type":"Feature","geometry":{"type":"Point","coordinates":[-77.07701,38.94182]},"properties":{"access_code":"public","access_days_time":null,"access_detail_code":null,"cards_accepted":"A D Debit M V","date_last_confirmed":"2024-07-01","expected_date":null,"fuel_type_code":"ELEC","groups_with_access_code":"Public","id":330985,"maximum_vehicle_class":"LD","open_date":"2024-03-21","owner_type_code":"P","restricted_access":false,"status_code":"E","funding_sources":null,"facility_type":"PARKING_GARAGE","station_name":"Washington, DC - Wisconsin Avenue - Tesla Destination","station_phone":"877-798-3752","updated_at":"2025-02-12T00:16:32Z","geocode_status":"GPS","city":"Washington","country":"US","intersection_directions":null,"plus4":null,"state":"DC","street_address":"4000 Wisconsin Ave","zip":"20016","bd_blends":null,"cng_dispenser_num":null,"cng_fill_type_code":null,"cng_has_rng":null,"cng_psi":null,"cng_renewable_source":null,"cng_total_compression":null,"cng_total_storage":null,"cng_vehicle_class":null,"e85_blender_pump":null,"e85_other_ethanol_blends":null,"ev_connector_types":["J1772","TESLA"],"ev_dc_fast_num":null,"ev_level1_evse_num":null,"ev_level2_evse_num":34,"ev_network":"Tesla Destination","ev_network_web":"https://www.tesla.com/destination-charging","ev_other_evse":null,"ev_pricing":"Free","ev_renewable_source":null,"ev_workplace_charging":false,"hy_is_retail":null,"hy_pressures":null,"hy_standards":null,"hy_status_link":null,"lng_has_rng":null,"lng_renewable_source":null,"lng_vehicle_class":null,"lpg_nozzle_types":null,"lpg_primary":null,"ng_fill_type_code":null,"ng_psi":null,"ng_vehicle_class":null,"rd_blended_with_biodiesel":null,"rd_blends":null,"rd_blends_fr":null,"rd_max_biodiesel_level":null,"nps_unit_name":null,"access_days_time_fr":null,"intersection_directions_fr":null,"bd_blends_fr":null,"groups_with_access_code_fr":"Public","ev_pricing_fr":null}},{"type":"Feature","geometry":{"type":"Point","coordinates":[-77.04216545767082,38.90221681434085]},"properties":{"access_code":"public","access_days_time":"24 hours daily","access_detail_code":null,"cards_accepted":null,"date_last_confirmed":"2025-04-23","expected_date":null,"fuel_type_code":"ELEC","groups_with_access_code":"Public","id":330993,"maximum_vehicle_class":null,"open_date":"2024-03-21","owner_type_code":null,"restricted_access":null,"status_code":"E","funding_sources":null,"facility_type":null,"station_name":"Transwestern","station_phone":"888-998-2546","updated_at":"2025-04-23T00:29:37Z","geocode_status":"GPS","city":"Washington","country":"US","intersection_directions":null,"plus4":null,"state":"DC","street_address":"1800 K Street Northwest","zip":"20006","bd_blends":null,"cng_dispenser_num":null,"cng_fill_type_code":null,"cng_has_rng":null,"cng_psi":null,"cng_renewable_source":null,"cng_total_compression":null,"cng_total_storage":null,"cng_vehicle_class":null,"e85_blender_pump":null,"e85_other_ethanol_blends":null,"ev_connector_types":["J1772"],"ev_dc_fast_num":null,"ev_level1_evse_num":null,"ev_level2_evse_num":4,"ev_network":"Blink Network","ev_network_web":"https://blinkcharging.com","ev_other_evse":null,"ev_pricing":null,"ev_renewable_source":null,"ev_workplace_charging":false,"hy_is_retail":null,"hy_pressures":null,"hy_standards":null,"hy_status_link":null,"lng_has_rng":null,"lng_renewable_source":null,"lng_vehicle_class":null,"lpg_nozzle_types":null,"lpg_primary":null,"ng_fill_type_code":null,"ng_psi":null,"ng_vehicle_class":null,"rd_blended_with_biodiesel":null,"rd_blends":null,"rd_blends_fr":null,"rd_max_biodiesel_level":null,"nps_unit_name":null,"access_days_time_fr":null,"intersection_directions_fr":null,"bd_blends_fr":null,"groups_with_access_code_fr":"Public","ev_pricing_fr":null,"ev_network_ids":{"station":["b68980d7-b7cb-4de6-90e9-6f8ed93e0e8f"],"posts":["8c6e87ae-2a4e-483f-9ca8-52596890b9ce","9d764956-5301-4ad6-835e-e924f3fd8f1f","9ef7e432-ecb2-4f3b-9728-6e857a9b29b5","9fa22fc2-0e20-4c9c-8ddc-751a662324e3"]}}},{"type":"Feature","geometry":{"type":"Point","coordinates":[-77.06295678006428,38.94366383178284]},"properties":{"access_code":"public","access_days_time":"Mon 6:00am - 12:00am; Tue 6:00am - 12:00am; Wed 6:00am - 12:00am; Thu 6:00am - 12:00am; Fri 6:00am - 12:00am; Sat 6:00am - 12:00am; Sun 6:00am - 12:00am","access_detail_code":null,"cards_accepted":"A D M V","date_last_confirmed":"2025-04-23","expected_date":null,"fuel_type_code":"ELEC","groups_with_access_code":"Public","id":331480,"maximum_vehicle_class":null,"open_date":"2024-03-30","owner_type_code":null,"restricted_access":null,"status_code":"E","funding_sources":null,"facility_type":"PUBLIC","station_name":"4221 Connecticut Ave. NW. Garage","station_phone":"855-223-5351","updated_at":"2025-04-23T03:23:01Z","geocode_status":"GPS","city":"Washington","country":"US","intersection_directions":null,"plus4":null,"state":"DC","street_address":"4221 Connecticut Ave. NW.","zip":"20008","bd_blends":null,"cng_dispenser_num":null,"cng_fill_type_code":null,"cng_has_rng":null,"cng_psi":null,"cng_renewable_source":null,"cng_total_compression":null,"cng_total_storage":null,"cng_vehicle_class":null,"e85_blender_pump":null,"e85_other_ethanol_blends":null,"ev_connector_types":["J1772"],"ev_dc_fast_num":null,"ev_level1_evse_num":null,"ev_level2_evse_num":1,"ev_network":"FLASH","ev_network_web":"https://www.flashparking.com/products/diversify-parking-revenue/ev-charging-as-a-revenue-stream/","ev_other_evse":null,"ev_pricing":null,"ev_renewable_source":null,"ev_workplace_charging":false,"hy_is_retail":null,"hy_pressures":null,"hy_standards":null,"hy_status_link":null,"lng_has_rng":null,"lng_renewable_source":null,"lng_vehicle_class":null,"lpg_nozzle_types":null,"lpg_primary":null,"ng_fill_type_code":null,"ng_psi":null,"ng_vehicle_class":null,"rd_blended_with_biodiesel":null,"rd_blends":null,"rd_blends_fr":null,"rd_max_biodiesel_level":null,"nps_unit_name":null,"access_days_time_fr":null,"intersection_directions_fr":null,"bd_blends_fr":null,"groups_with_access_code_fr":"Public","ev_pricing_fr":null,"ev_network_ids":{"station":["53575"],"posts":["AX48-XPIY"]}}},{"type":"Feature","geometry":{"type":"Point","coordinates":[-76.99989637487347,38.93844142120665]},"properties":{"access_code":"public","access_days_time":"24 hours daily","access_detail_code":null,"cards_accepted":null,"date_last_confirmed":"2025-04-23","expected_date":null,"fuel_type_code":"ELEC","groups_with_access_code":"Public","id":331497,"maximum_vehicle_class":null,"open_date":"2024-03-06","owner_type_code":null,"restricted_access":null,"status_code":"E","funding_sources":null,"facility_type":null,"station_name":"The Catholic University of America - DC","station_phone":"888-998-2546","updated_at":"2025-04-23T00:27:02Z","geocode_status":"GPS","city":"Washington","country":"US","intersection_directions":null,"plus4":null,"state":"DC","street_address":"620 Michigan Avenue Northeast","zip":"20064","bd_blends":null,"cng_dispenser_num":null,"cng_fill_type_code":null,"cng_has_rng":null,"cng_psi":null,"cng_renewable_source":null,"cng_total_compression":null,"cng_total_storage":null,"cng_vehicle_class":null,"e85_blender_pump":null,"e85_other_ethanol_blends":null,"ev_connector_types":["J1772"],"ev_dc_fast_num":null,"ev_level1_evse_num":null,"ev_level2_evse_num":2,"ev_network":"Blink Network","ev_network_web":"https://blinkcharging.com","ev_other_evse":null,"ev_pricing":null,"ev_renewable_source":null,"ev_workplace_charging":false,"hy_is_retail":null,"hy_pressures":null,"hy_standards":null,"hy_status_link":null,"lng_has_rng":null,"lng_renewable_source":null,"lng_vehicle_class":null,"lpg_nozzle_types":null,"lpg_primary":null,"ng_fill_type_code":null,"ng_psi":null,"ng_vehicle_class":null,"rd_blended_with_biodiesel":null,"rd_blends":null,"rd_blends_fr":null,"rd_max_biodiesel_level":null,"nps_unit_name":null,"access_days_time_fr":null,"intersection_directions_fr":null,"bd_blends_fr":null,"groups_with_access_code_fr":"Public","ev_pricing_fr":null,"ev_network_ids":{"station":["5c14e8f4-2f2d-4c78-8fab-2df7346a99e0"],"posts":["3a59643a-bbea-47f9-8413-49fa07c677aa","a20862b9-accf-416f-9345-7623383ac485"]}}},{"type":"Feature","geometry":{"type":"Point","coordinates":[-77.01667917473098,38.8786310520035]},"properties":{"access_code":"public","access_days_time":"24 hours daily","access_detail_code":null,"cards_accepted":null,"date_last_confirmed":"2025-04-23","expected_date":null,"fuel_type_code":"ELEC","groups_with_access_code":"Public","id":332549,"maximum_vehicle_class":null,"open_date":"2024-04-17","owner_type_code":null,"restricted_access":null,"status_code":"E","funding_sources":null,"facility_type":null,"station_name":"The Westerly","station_phone":"888-998-2546","updated_at":"2025-04-23T00:15:11Z","geocode_status":"GPS","city":"Washington","country":"US","intersection_directions":null,"plus4":null,"state":"DC","street_address":"350 Maple Drive SW","zip":"20024","bd_blends":null,"cng_dispenser_num":null,"cng_fill_type_code":null,"cng_has_rng":null,"cng_psi":null,"cng_renewable_source":null,"cng_total_compression":null,"cng_total_storage":null,"cng_vehicle_class":null,"e85_blender_pump":null,"e85_other_ethanol_blends":null,"ev_connector_types":["J1772"],"ev_dc_fast_num":null,"ev_level1_evse_num":null,"ev_level2_evse_num":8,"ev_network":"Blink Network","ev_network_web":"https://blinkcharging.com","ev_other_evse":null,"ev_pricing":null,"ev_renewable_source":null,"ev_workplace_charging":false,"hy_is_retail":null,"hy_pressures":null,"hy_standards":null,"hy_status_link":null,"lng_has_rng":null,"lng_renewable_source":null,"lng_vehicle_class":null,"lpg_nozzle_types":null,"lpg_primary":null,"ng_fill_type_code":null,"ng_psi":null,"ng_vehicle_class":null,"rd_blended_with_biodiesel":null,"rd_blends":null,"rd_blends_fr":null,"rd_max_biodiesel_level":null,"nps_unit_name":null,"access_days_time_fr":null,"intersection_directions_fr":null,"bd_blends_fr":null,"groups_with_access_code_fr":"Public","ev_pricing_fr":null,"ev_network_ids":{"station":["611d8557-feca-4ebf-90f6-4f8e08173031"],"posts":["1b68ed7e-389f-44c5-1307-1ea843285e86","32dd3dd6-53eb-47c4-9bf7-1403038b760d","8a9d9e2b-df9b-4b6e-1307-ed6e230d1367","ae4ca842-bb69-4a3e-1307-addfdb2c7b1f","d7b3ab24-88a6-427d-1307-358b5bc36165","e32d6d0a-b15b-4848-90e5-7f00ba87b078","e6831447-fe10-41fa-1307-12f65b4bb411","ff553711-8137-4031-1307-323f8671f1fc"]}}},{"type":"Feature","geometry":{"type":"Point","coordinates":[-76.95854,38.89631]},"properties":{"access_code":"public","access_days_time":"24 hours daily","access_detail_code":null,"cards_accepted":"CREDIT","date_last_confirmed":"2024-05-09","expected_date":"2024-09-01","fuel_type_code":"ELEC","groups_with_access_code":"PLANNED - not yet accessible (Public)","id":332676,"maximum_vehicle_class":"MD","open_date":null,"owner_type_code":"P","restricted_access":false,"status_code":"P","funding_sources":null,"facility_type":"STANDALONE_STATION","station_name":"DOEE Transco","station_phone":"202-398-0531","updated_at":"2025-02-12T00:16:32Z","geocode_status":"200-8","city":"Washington","country":"US","intersection_directions":"South side of Benning Rd NE, 200' West of 34th St","plus4":null,"state":"DC","street_address":"3375 Benning Rd NE","zip":"20019","bd_blends":null,"cng_dispenser_num":null,"cng_fill_type_code":null,"cng_has_rng":null,"cng_psi":null,"cng_renewable_source":null,"cng_total_compression":null,"cng_total_storage":null,"cng_vehicle_class":null,"e85_blender_pump":null,"e85_other_ethanol_blends":null,"ev_connector_types":["J1772COMBO"],"ev_dc_fast_num":4,"ev_level1_evse_num":null,"ev_level2_evse_num":null,"ev_network":"Non-Networked","ev_network_web":null,"ev_other_evse":null,"ev_pricing":null,"ev_renewable_source":null,"ev_workplace_charging":false,"hy_is_retail":null,"hy_pressures":null,"hy_standards":null,"hy_status_link":null,"lng_has_rng":null,"lng_renewable_source":null,"lng_vehicle_class":null,"lpg_nozzle_types":null,"lpg_primary":null,"ng_fill_type_code":null,"ng_psi":null,"ng_vehicle_class":null,"rd_blended_with_biodiesel":null,"rd_blends":null,"rd_blends_fr":null,"rd_max_biodiesel_level":null,"nps_unit_name":null,"access_days_time_fr":null,"intersection_directions_fr":null,"bd_blends_fr":null,"groups_with_access_code_fr":"PRÉVU - pas encore accessible (Public)","ev_pricing_fr":null}},{"type":"Feature","geometry":{"type":"Point","coordinates":[-76.94095,38.90835]},"properties":{"access_code":"public","access_days_time":"24 hours daily","access_detail_code":null,"cards_accepted":null,"date_last_confirmed":"2024-05-09","expected_date":"2024-10-01","fuel_type_code":"ELEC","groups_with_access_code":"TEMPORARILY UNAVAILABLE (Public)","id":333372,"maximum_vehicle_class":"LD","open_date":"2018-06-01","owner_type_code":"SG","restricted_access":false,"status_code":"T","funding_sources":null,"facility_type":"REC_SPORTS_FACILITY","station_name":"Kenilworth Pool","station_phone":"202-299-5093","updated_at":"2025-02-12T00:16:32Z","geocode_status":"200-8","city":"Washington","country":"US","intersection_directions":null,"plus4":null,"state":"DC","street_address":"4321 Ord St NE","zip":"20019","bd_blends":null,"cng_dispenser_num":null,"cng_fill_type_code":null,"cng_has_rng":null,"cng_psi":null,"cng_renewable_source":null,"cng_total_compression":null,"cng_total_storage":null,"cng_vehicle_class":null,"e85_blender_pump":null,"e85_other_ethanol_blends":null,"ev_connector_types":["J1772"],"ev_dc_fast_num":null,"ev_level1_evse_num":null,"ev_level2_evse_num":1,"ev_network":"Non-Networked","ev_network_web":null,"ev_other_evse":null,"ev_pricing":null,"ev_renewable_source":null,"ev_workplace_charging":false,"hy_is_retail":null,"hy_pressures":null,"hy_standards":null,"hy_status_link":null,"lng_has_rng":null,"lng_renewable_source":null,"lng_vehicle_class":null,"lpg_nozzle_types":null,"lpg_primary":null,"ng_fill_type_code":null,"ng_psi":null,"ng_vehicle_class":null,"rd_blended_with_biodiesel":null,"rd_blends":null,"rd_blends_fr":null,"rd_max_biodiesel_level":null,"nps_unit_name":null,"access_days_time_fr":null,"intersection_directions_fr":null,"bd_blends_fr":null,"groups_with_access_code_fr":"TEMPORAIREMENT SUSPENDU (Public)","ev_pricing_fr":null}},{"type":"Feature","geometry":{"type":"Point","coordinates":[-77.04523469109287,38.90432034122416]},"properties":{"access_code":"public","access_days_time":"24 hours daily","access_detail_code":null,"cards_accepted":null,"date_last_confirmed":"2025-04-23","expected_date":null,"fuel_type_code":"ELEC","groups_with_access_code":"Public","id":333401,"maximum_vehicle_class":null,"open_date":"2024-04-23","owner_type_code":null,"restricted_access":null,"status_code":"E","funding_sources":null,"facility_type":null,"station_name":"Transwestern.Mid-Atlantic","station_phone":"888-998-2546","updated_at":"2025-04-23T00:10:22Z","geocode_status":"GPS","city":"Washington","country":"US","intersection_directions":null,"plus4":null,"state":"DC","street_address":"2001 L Street Northwest","zip":"20036","bd_blends":null,"cng_dispenser_num":null,"cng_fill_type_code":null,"cng_has_rng":null,"cng_psi":null,"cng_renewable_source":null,"cng_total_compression":null,"cng_total_storage":null,"cng_vehicle_class":null,"e85_blender_pump":null,"e85_other_ethanol_blends":null,"ev_connector_types":["J1772"],"ev_dc_fast_num":null,"ev_level1_evse_num":null,"ev_level2_evse_num":2,"ev_network":"Blink Network","ev_network_web":"https://blinkcharging.com","ev_other_evse":null,"ev_pricing":null,"ev_renewable_source":null,"ev_workplace_charging":false,"hy_is_retail":null,"hy_pressures":null,"hy_standards":null,"hy_status_link":null,"lng_has_rng":null,"lng_renewable_source":null,"lng_vehicle_class":null,"lpg_nozzle_types":null,"lpg_primary":null,"ng_fill_type_code":null,"ng_psi":null,"ng_vehicle_class":null,"rd_blended_with_biodiesel":null,"rd_blends":null,"rd_blends_fr":null,"rd_max_biodiesel_level":null,"nps_unit_name":null,"access_days_time_fr":null,"intersection_directions_fr":null,"bd_blends_fr":null,"groups_with_access_code_fr":"Public","ev_pricing_fr":null,"ev_network_ids":{"station":["b34f1045-ab90-4287-9d08-a1aba93f42b0"],"posts":["4bb1be61-32a6-410e-9b8e-3c500cd62c38","98519275-8553-4875-a860-5ac6adb7a606"]}}},{"type":"Feature","geometry":{"type":"Point","coordinates":[-77.02774883240062,38.90303893228467]},"properties":{"access_code":"public","access_days_time":"Mon 7:00am - 7:00pm; Tue 7:00am - 7:00pm; Wed 7:00am - 7:00pm; Thu 7:00am - 7:00pm; Fri 7:00am - 7:00pm; Sat 12:00am - 12:00am; Sun 12:00am - 12:00am","access_detail_code":null,"cards_accepted":null,"date_last_confirmed":"2025-04-23","expected_date":null,"fuel_type_code":"ELEC","groups_with_access_code":"Public","id":333487,"maximum_vehicle_class":null,"open_date":"2024-04-24","owner_type_code":null,"restricted_access":null,"status_code":"E","funding_sources":null,"facility_type":null,"station_name":"RG-1101K","station_phone":"888-998-2546","updated_at":"2025-04-23T00:07:09Z","geocode_status":"GPS","city":"Washington","country":"US","intersection_directions":null,"plus4":null,"state":"DC","street_address":"1101 K Street Northwest","zip":"20005","bd_blends":null,"cng_dispenser_num":null,"cng_fill_type_code":null,"cng_has_rng":null,"cng_psi":null,"cng_renewable_source":null,"cng_total_compression":null,"cng_total_storage":null,"cng_vehicle_class":null,"e85_blender_pump":null,"e85_other_ethanol_blends":null,"ev_connector_types":["J1772"],"ev_dc_fast_num":null,"ev_level1_evse_num":null,"ev_level2_evse_num":4,"ev_network":"Blink Network","ev_network_web":"https://blinkcharging.com","ev_other_evse":null,"ev_pricing":null,"ev_renewable_source":null,"ev_workplace_charging":false,"hy_is_retail":null,"hy_pressures":null,"hy_standards":null,"hy_status_link":null,"lng_has_rng":null,"lng_renewable_source":null,"lng_vehicle_class":null,"lpg_nozzle_types":null,"lpg_primary":null,"ng_fill_type_code":null,"ng_psi":null,"ng_vehicle_class":null,"rd_blended_with_biodiesel":null,"rd_blends":null,"rd_blends_fr":null,"rd_max_biodiesel_level":null,"nps_unit_name":null,"access_days_time_fr":null,"intersection_directions_fr":null,"bd_blends_fr":null,"groups_with_access_code_fr":"Public","ev_pricing_fr":null,"ev_network_ids":{"station":["139cb854-c57c-47c7-8588-e8eedd390ea0"],"posts":["4c627f69-a522-4359-b82e-747237f553fc","61758a84-3e96-4860-88bc-514295bcb1fe","e4aa98f2-3c5e-4c73-b09b-484d41052af1","fbdc7c7a-5fbd-49da-88e4-ff5a8b1ff33a"]}}},{"type":"Feature","geometry":{"type":"Point","coordinates":[-77.0195899,38.899372]},"properties":{"access_code":"public","access_days_time":"24 hours daily","access_detail_code":null,"cards_accepted":null,"date_last_confirmed":"2025-04-22","expected_date":null,"fuel_type_code":"ELEC","groups_with_access_code":"Public","id":334360,"maximum_vehicle_class":null,"open_date":"2024-05-01","owner_type_code":null,"restricted_access":null,"status_code":"E","funding_sources":null,"facility_type":null,"station_name":"777 6th Street, NW","station_phone":"888-998-2546","updated_at":"2025-04-22T23:59:59Z","geocode_status":"GPS","city":"Washington","country":"US","intersection_directions":null,"plus4":null,"state":"DC","street_address":"777 6th Street Northwest","zip":"20001","bd_blends":null,"cng_dispenser_num":null,"cng_fill_type_code":null,"cng_has_rng":null,"cng_psi":null,"cng_renewable_source":null,"cng_total_compression":null,"cng_total_storage":null,"cng_vehicle_class":null,"e85_blender_pump":null,"e85_other_ethanol_blends":null,"ev_connector_types":["J1772"],"ev_dc_fast_num":null,"ev_level1_evse_num":null,"ev_level2_evse_num":2,"ev_network":"Blink Network","ev_network_web":"https://blinkcharging.com","ev_other_evse":null,"ev_pricing":null,"ev_renewable_source":null,"ev_workplace_charging":false,"hy_is_retail":null,"hy_pressures":null,"hy_standards":null,"hy_status_link":null,"lng_has_rng":null,"lng_renewable_source":null,"lng_vehicle_class":null,"lpg_nozzle_types":null,"lpg_primary":null,"ng_fill_type_code":null,"ng_psi":null,"ng_vehicle_class":null,"rd_blended_with_biodiesel":null,"rd_blends":null,"rd_blends_fr":null,"rd_max_biodiesel_level":null,"nps_unit_name":null,"access_days_time_fr":null,"intersection_directions_fr":null,"bd_blends_fr":null,"groups_with_access_code_fr":"Public","ev_pricing_fr":null,"ev_network_ids":{"station":["d0e864cf-fb2a-3dbf-1307-c00000002057"],"posts":["24c958bf-57f7-4eb0-b288-7faf0b45e12e","c3a73e82-15ae-4ca7-bd80-6d956af7ee7a"]}}},{"type":"Feature","geometry":{"type":"Point","coordinates":[-77.018616,38.893265]},"properties":{"access_code":"public","access_days_time":"24 hours daily","access_detail_code":null,"cards_accepted":null,"date_last_confirmed":"2025-04-23","expected_date":null,"fuel_type_code":"ELEC","groups_with_access_code":"Public","id":346628,"maximum_vehicle_class":null,"open_date":"2024-05-22","owner_type_code":null,"restricted_access":null,"status_code":"E","funding_sources":null,"facility_type":null,"station_name":"WSHDC STATION 1","station_phone":"888-758-4389","updated_at":"2025-04-23T01:17:48Z","geocode_status":"GPS","city":"Washington","country":"US","intersection_directions":null,"plus4":null,"state":"DC","street_address":"565 C St NW","zip":"20001","bd_blends":null,"cng_dispenser_num":null,"cng_fill_type_code":null,"cng_has_rng":null,"cng_psi":null,"cng_renewable_source":null,"cng_total_compression":null,"cng_total_storage":null,"cng_vehicle_class":null,"e85_blender_pump":null,"e85_other_ethanol_blends":null,"ev_connector_types":["J1772"],"ev_dc_fast_num":null,"ev_level1_evse_num":null,"ev_level2_evse_num":2,"ev_network":"ChargePoint Network","ev_network_web":"https://www.chargepoint.com","ev_other_evse":null,"ev_pricing":null,"ev_renewable_source":null,"ev_workplace_charging":false,"hy_is_retail":null,"hy_pressures":null,"hy_standards":null,"hy_status_link":null,"lng_has_rng":null,"lng_renewable_source":null,"lng_vehicle_class":null,"lpg_nozzle_types":null,"lpg_primary":null,"ng_fill_type_code":null,"ng_psi":null,"ng_vehicle_class":null,"rd_blended_with_biodiesel":null,"rd_blends":null,"rd_blends_fr":null,"rd_max_biodiesel_level":null,"nps_unit_name":null,"access_days_time_fr":null,"intersection_directions_fr":null,"bd_blends_fr":null,"groups_with_access_code_fr":"Public","ev_pricing_fr":null,"ev_network_ids":{"station":["USCPIL2525681"],"posts":["25247421","25247431"]}}},{"type":"Feature","geometry":{"type":"Point","coordinates":[-77.03004941,38.90294784]},"properties":{"access_code":"public","access_days_time":"24 hours daily","access_detail_code":null,"cards_accepted":"A D Debit M V","date_last_confirmed":"2024-08-15","expected_date":null,"fuel_type_code":"ELEC","groups_with_access_code":"Public","id":350463,"maximum_vehicle_class":"LD","open_date":"2024-07-11","owner_type_code":"P","restricted_access":false,"status_code":"E","funding_sources":null,"facility_type":"PARKING_GARAGE","station_name":"One Franklin Square Parking Garage","station_phone":null,"updated_at":"2025-02-12T00:16:32Z","geocode_status":"GPS","city":"Washington","country":"US","intersection_directions":null,"plus4":null,"state":"DC","street_address":"1010 13th St NW","zip":"19119","bd_blends":null,"cng_dispenser_num":null,"cng_fill_type_code":null,"cng_has_rng":null,"cng_psi":null,"cng_renewable_source":null,"cng_total_compression":null,"cng_total_storage":null,"cng_vehicle_class":null,"e85_blender_pump":null,"e85_other_ethanol_blends":null,"ev_connector_types":["J1772"],"ev_dc_fast_num":null,"ev_level1_evse_num":null,"ev_level2_evse_num":4,"ev_network":"Non-Networked","ev_network_web":null,"ev_other_evse":null,"ev_pricing":"Free","ev_renewable_source":null,"ev_workplace_charging":false,"hy_is_retail":null,"hy_pressures":null,"hy_standards":null,"hy_status_link":null,"lng_has_rng":null,"lng_renewable_source":null,"lng_vehicle_class":null,"lpg_nozzle_types":null,"lpg_primary":null,"ng_fill_type_code":null,"ng_psi":null,"ng_vehicle_class":null,"rd_blended_with_biodiesel":null,"rd_blends":null,"rd_blends_fr":null,"rd_max_biodiesel_level":null,"nps_unit_name":null,"access_days_time_fr":null,"intersection_directions_fr":null,"bd_blends_fr":null,"groups_with_access_code_fr":"Public","ev_pricing_fr":null}},{"type":"Feature","geometry":{"type":"Point","coordinates":[-77.01937536060177,38.89325273111226]},"properties":{"access_code":"public","access_days_time":"24 hours daily","access_detail_code":null,"cards_accepted":null,"date_last_confirmed":"2025-04-23","expected_date":null,"fuel_type_code":"ELEC","groups_with_access_code":"Public","id":351438,"maximum_vehicle_class":null,"open_date":"2023-08-28","owner_type_code":null,"restricted_access":null,"status_code":"E","funding_sources":null,"facility_type":null,"station_name":"John Hopkins University","station_phone":"888-998-2546","updated_at":"2025-04-23T00:25:35Z","geocode_status":"GPS","city":"Washington","country":"US","intersection_directions":null,"plus4":null,"state":"DC","street_address":"555 Pennsylvania Avenue Northwest","zip":"20001","bd_blends":null,"cng_dispenser_num":null,"cng_fill_type_code":null,"cng_has_rng":null,"cng_psi":null,"cng_renewable_source":null,"cng_total_compression":null,"cng_total_storage":null,"cng_vehicle_class":null,"e85_blender_pump":null,"e85_other_ethanol_blends":null,"ev_connector_types":["J1772"],"ev_dc_fast_num":null,"ev_level1_evse_num":null,"ev_level2_evse_num":2,"ev_network":"Blink Network","ev_network_web":"https://blinkcharging.com","ev_other_evse":null,"ev_pricing":null,"ev_renewable_source":null,"ev_workplace_charging":false,"hy_is_retail":null,"hy_pressures":null,"hy_standards":null,"hy_status_link":null,"lng_has_rng":null,"lng_renewable_source":null,"lng_vehicle_class":null,"lpg_nozzle_types":null,"lpg_primary":null,"ng_fill_type_code":null,"ng_psi":null,"ng_vehicle_class":null,"rd_blended_with_biodiesel":null,"rd_blends":null,"rd_blends_fr":null,"rd_max_biodiesel_level":null,"nps_unit_name":null,"access_days_time_fr":null,"intersection_directions_fr":null,"bd_blends_fr":null,"groups_with_access_code_fr":"Public","ev_pricing_fr":null,"ev_network_ids":{"station":["c1ecbb7b-49ff-4ae2-9447-b3ecdd2fd168"],"posts":["57f7afff-0194-4af1-96c2-a0fb7a124c65","7960793f-f4bd-4729-9a2a-4d78caa12c69"]}}},{"type":"Feature","geometry":{"type":"Point","coordinates":[-77.02973,38.894767]},"properties":{"access_code":"public","access_days_time":"24 hours daily","access_detail_code":null,"cards_accepted":null,"date_last_confirmed":"2025-04-23","expected_date":null,"fuel_type_code":"ELEC","groups_with_access_code":"Public","id":352448,"maximum_vehicle_class":null,"open_date":"2024-08-13","owner_type_code":null,"restricted_access":null,"status_code":"E","funding_sources":null,"facility_type":null,"station_name":"RRBPARKING VIP 1","station_phone":"888-758-4389","updated_at":"2025-04-23T02:15:16Z","geocode_status":"GPS","city":"Washington","country":"US","intersection_directions":null,"plus4":null,"state":"DC","street_address":"1300 Pennsylvania Avenue NW","zip":"20004","bd_blends":null,"cng_dispenser_num":null,"cng_fill_type_code":null,"cng_has_rng":null,"cng_psi":null,"cng_renewable_source":null,"cng_total_compression":null,"cng_total_storage":null,"cng_vehicle_class":null,"e85_blender_pump":null,"e85_other_ethanol_blends":null,"ev_connector_types":["J1772"],"ev_dc_fast_num":null,"ev_level1_evse_num":null,"ev_level2_evse_num":2,"ev_network":"ChargePoint Network","ev_network_web":"https://www.chargepoint.com","ev_other_evse":null,"ev_pricing":null,"ev_renewable_source":null,"ev_workplace_charging":false,"hy_is_retail":null,"hy_pressures":null,"hy_standards":null,"hy_status_link":null,"lng_has_rng":null,"lng_renewable_source":null,"lng_vehicle_class":null,"lpg_nozzle_types":null,"lpg_primary":null,"ng_fill_type_code":null,"ng_psi":null,"ng_vehicle_class":null,"rd_blended_with_biodiesel":null,"rd_blends":null,"rd_blends_fr":null,"rd_max_biodiesel_level":null,"nps_unit_name":null,"access_days_time_fr":null,"intersection_directions_fr":null,"bd_blends_fr":null,"groups_with_access_code_fr":"Public","ev_pricing_fr":null,"ev_network_ids":{"station":["USCPIL15717941"],"posts":["25320171","25320181"]}}},{"type":"Feature","geometry":{"type":"Point","coordinates":[-77.029814,38.894903]},"properties":{"access_code":"public","access_days_time":"24 hours daily","access_detail_code":null,"cards_accepted":null,"date_last_confirmed":"2025-04-23","expected_date":null,"fuel_type_code":"ELEC","groups_with_access_code":"Public","id":352449,"maximum_vehicle_class":null,"open_date":"2024-08-13","owner_type_code":null,"restricted_access":null,"status_code":"E","funding_sources":null,"facility_type":null,"station_name":"RRBPARKING VIP 3","station_phone":"888-758-4389","updated_at":"2025-04-23T02:15:18Z","geocode_status":"GPS","city":"Washington","country":"US","intersection_directions":null,"plus4":null,"state":"DC","street_address":"1300 Pennsylvania Avenue NW","zip":"20004","bd_blends":null,"cng_dispenser_num":null,"cng_fill_type_code":null,"cng_has_rng":null,"cng_psi":null,"cng_renewable_source":null,"cng_total_compression":null,"cng_total_storage":null,"cng_vehicle_class":null,"e85_blender_pump":null,"e85_other_ethanol_blends":null,"ev_connector_types":["J1772"],"ev_dc_fast_num":null,"ev_level1_evse_num":null,"ev_level2_evse_num":2,"ev_network":"ChargePoint Network","ev_network_web":"https://www.chargepoint.com","ev_other_evse":null,"ev_pricing":null,"ev_renewable_source":null,"ev_workplace_charging":false,"hy_is_retail":null,"hy_pressures":null,"hy_standards":null,"hy_status_link":null,"lng_has_rng":null,"lng_renewable_source":null,"lng_vehicle_class":null,"lpg_nozzle_types":null,"lpg_primary":null,"ng_fill_type_code":null,"ng_psi":null,"ng_vehicle_class":null,"rd_blended_with_biodiesel":null,"rd_blends":null,"rd_blends_fr":null,"rd_max_biodiesel_level":null,"nps_unit_name":null,"access_days_time_fr":null,"intersection_directions_fr":null,"bd_blends_fr":null,"groups_with_access_code_fr":"Public","ev_pricing_fr":null,"ev_network_ids":{"station":["USCPIL15721011"],"posts":["25324071","25324081"]}}},{"type":"Feature","geometry":{"type":"Point","coordinates":[-77.02963,38.895006]},"properties":{"access_code":"public","access_days_time":"24 hours daily","access_detail_code":null,"cards_accepted":null,"date_last_confirmed":"2025-04-23","expected_date":null,"fuel_type_code":"ELEC","groups_with_access_code":"Public","id":352450,"maximum_vehicle_class":null,"open_date":"2024-08-13","owner_type_code":null,"restricted_access":null,"status_code":"E","funding_sources":null,"facility_type":null,"station_name":"RRBPARKING VIP 2","station_phone":"888-758-4389","updated_at":"2025-04-23T02:15:19Z","geocode_status":"GPS","city":"Washington","country":"US","intersection_directions":null,"plus4":null,"state":"DC","street_address":"1300 Pennsylvania Avenue NW","zip":"20004","bd_blends":null,"cng_dispenser_num":null,"cng_fill_type_code":null,"cng_has_rng":null,"cng_psi":null,"cng_renewable_source":null,"cng_total_compression":null,"cng_total_storage":null,"cng_vehicle_class":null,"e85_blender_pump":null,"e85_other_ethanol_blends":null,"ev_connector_types":["J1772"],"ev_dc_fast_num":null,"ev_level1_evse_num":null,"ev_level2_evse_num":2,"ev_network":"ChargePoint Network","ev_network_web":"https://www.chargepoint.com","ev_other_evse":null,"ev_pricing":null,"ev_renewable_source":null,"ev_workplace_charging":false,"hy_is_retail":null,"hy_pressures":null,"hy_standards":null,"hy_status_link":null,"lng_has_rng":null,"lng_renewable_source":null,"lng_vehicle_class":null,"lpg_nozzle_types":null,"lpg_primary":null,"ng_fill_type_code":null,"ng_psi":null,"ng_vehicle_class":null,"rd_blended_with_biodiesel":null,"rd_blends":null,"rd_blends_fr":null,"rd_max_biodiesel_level":null,"nps_unit_name":null,"access_days_time_fr":null,"intersection_directions_fr":null,"bd_blends_fr":null,"groups_with_access_code_fr":"Public","ev_pricing_fr":null,"ev_network_ids":{"station":["USCPIL15726381"],"posts":["25330121","25330131"]}}},{"type":"Feature","geometry":{"type":"Point","coordinates":[-77.030514,38.893276]},"properties":{"access_code":"public","access_days_time":"24 hours daily","access_detail_code":null,"cards_accepted":null,"date_last_confirmed":"2025-04-23","expected_date":null,"fuel_type_code":"ELEC","groups_with_access_code":"Public","id":352453,"maximum_vehicle_class":null,"open_date":"2024-08-13","owner_type_code":null,"restricted_access":null,"status_code":"E","funding_sources":null,"facility_type":null,"station_name":"RRBPARKING 14ST 5","station_phone":"888-758-4389","updated_at":"2025-04-23T02:15:49Z","geocode_status":"GPS","city":"Washington","country":"US","intersection_directions":null,"plus4":null,"state":"DC","street_address":"1300 Pennsylvania Avenue NW","zip":"20004","bd_blends":null,"cng_dispenser_num":null,"cng_fill_type_code":null,"cng_has_rng":null,"cng_psi":null,"cng_renewable_source":null,"cng_total_compression":null,"cng_total_storage":null,"cng_vehicle_class":null,"e85_blender_pump":null,"e85_other_ethanol_blends":null,"ev_connector_types":["J1772"],"ev_dc_fast_num":null,"ev_level1_evse_num":null,"ev_level2_evse_num":2,"ev_network":"ChargePoint Network","ev_network_web":"https://www.chargepoint.com","ev_other_evse":null,"ev_pricing":null,"ev_renewable_source":null,"ev_workplace_charging":false,"hy_is_retail":null,"hy_pressures":null,"hy_standards":null,"hy_status_link":null,"lng_has_rng":null,"lng_renewable_source":null,"lng_vehicle_class":null,"lpg_nozzle_types":null,"lpg_primary":null,"ng_fill_type_code":null,"ng_psi":null,"ng_vehicle_class":null,"rd_blended_with_biodiesel":null,"rd_blends":null,"rd_blends_fr":null,"rd_max_biodiesel_level":null,"nps_unit_name":null,"access_days_time_fr":null,"intersection_directions_fr":null,"bd_blends_fr":null,"groups_with_access_code_fr":"Public","ev_pricing_fr":null,"ev_network_ids":{"station":["USCPIL15772951"],"posts":["25385091","25385101"]}}},{"type":"Feature","geometry":{"type":"Point","coordinates":[-77.030357,38.892992]},"properties":{"access_code":"public","access_days_time":"24 hours daily","access_detail_code":null,"cards_accepted":null,"date_last_confirmed":"2025-04-23","expected_date":null,"fuel_type_code":"ELEC","groups_with_access_code":"Public","id":352454,"maximum_vehicle_class":null,"open_date":"2024-08-13","owner_type_code":null,"restricted_access":null,"status_code":"E","funding_sources":null,"facility_type":null,"station_name":"RRBPARKING 14ST 4","station_phone":"888-758-4389","updated_at":"2025-04-23T02:15:49Z","geocode_status":"GPS","city":"Washington","country":"US","intersection_directions":null,"plus4":null,"state":"DC","street_address":"1300 Pennsylvania Avenue NW","zip":"20004","bd_blends":null,"cng_dispenser_num":null,"cng_fill_type_code":null,"cng_has_rng":null,"cng_psi":null,"cng_renewable_source":null,"cng_total_compression":null,"cng_total_storage":null,"cng_vehicle_class":null,"e85_blender_pump":null,"e85_other_ethanol_blends":null,"ev_connector_types":["J1772"],"ev_dc_fast_num":null,"ev_level1_evse_num":null,"ev_level2_evse_num":2,"ev_network":"ChargePoint Network","ev_network_web":"https://www.chargepoint.com","ev_other_evse":null,"ev_pricing":null,"ev_renewable_source":null,"ev_workplace_charging":false,"hy_is_retail":null,"hy_pressures":null,"hy_standards":null,"hy_status_link":null,"lng_has_rng":null,"lng_renewable_source":null,"lng_vehicle_class":null,"lpg_nozzle_types":null,"lpg_primary":null,"ng_fill_type_code":null,"ng_psi":null,"ng_vehicle_class":null,"rd_blended_with_biodiesel":null,"rd_blends":null,"rd_blends_fr":null,"rd_max_biodiesel_level":null,"nps_unit_name":null,"access_days_time_fr":null,"intersection_directions_fr":null,"bd_blends_fr":null,"groups_with_access_code_fr":"Public","ev_pricing_fr":null,"ev_network_ids":{"station":["USCPIL15772981"],"posts":["25385131","25385141"]}}},{"type":"Feature","geometry":{"type":"Point","coordinates":[-77.07292,38.93424]},"properties":{"access_code":"public","access_days_time":"24 hours daily. Please check Tesla's online station map to see if an adapter is required at this location.","access_detail_code":null,"cards_accepted":null,"date_last_confirmed":"2024-07-01","expected_date":null,"fuel_type_code":"ELEC","groups_with_access_code":"Public","id":352630,"maximum_vehicle_class":null,"open_date":null,"owner_type_code":"P","restricted_access":null,"status_code":"E","funding_sources":null,"facility_type":null,"station_name":"Cathedral Commons - Tesla Supercharger","station_phone":"877-798-3752","updated_at":"2025-02-12T00:16:32Z","geocode_status":"GPS","city":"Washington","country":"US","intersection_directions":null,"plus4":null,"state":"DC","street_address":"3401 Idaho Ave NW","zip":"20016","bd_blends":null,"cng_dispenser_num":null,"cng_fill_type_code":null,"cng_has_rng":null,"cng_psi":null,"cng_renewable_source":null,"cng_total_compression":null,"cng_total_storage":null,"cng_vehicle_class":null,"e85_blender_pump":null,"e85_other_ethanol_blends":null,"ev_connector_types":["TESLA"],"ev_dc_fast_num":8,"ev_level1_evse_num":null,"ev_level2_evse_num":null,"ev_network":"Tesla","ev_network_web":"https://www.tesla.com/supercharger","ev_other_evse":null,"ev_pricing":null,"ev_renewable_source":null,"ev_workplace_charging":false,"hy_is_retail":null,"hy_pressures":null,"hy_standards":null,"hy_status_link":null,"lng_has_rng":null,"lng_renewable_source":null,"lng_vehicle_class":null,"lpg_nozzle_types":null,"lpg_primary":null,"ng_fill_type_code":null,"ng_psi":null,"ng_vehicle_class":null,"rd_blended_with_biodiesel":null,"rd_blends":null,"rd_blends_fr":null,"rd_max_biodiesel_level":null,"nps_unit_name":null,"access_days_time_fr":null,"intersection_directions_fr":null,"bd_blends_fr":null,"groups_with_access_code_fr":"Public","ev_pricing_fr":null}},{"type":"Feature","geometry":{"type":"Point","coordinates":[-77.0227351,38.9020131]},"properties":{"access_code":"public","access_days_time":"24 hours daily","access_detail_code":null,"cards_accepted":null,"date_last_confirmed":"2025-04-23","expected_date":null,"fuel_type_code":"ELEC","groups_with_access_code":"Public","id":353071,"maximum_vehicle_class":null,"open_date":"2022-10-13","owner_type_code":null,"restricted_access":null,"status_code":"E","funding_sources":null,"facility_type":null,"station_name":"Akridge","station_phone":"888-998-2546","updated_at":"2025-04-23T00:28:14Z","geocode_status":"GPS","city":"Washington","country":"US","intersection_directions":null,"plus4":null,"state":"DC","street_address":"900 7th Street NW","zip":"20001","bd_blends":null,"cng_dispenser_num":null,"cng_fill_type_code":null,"cng_has_rng":null,"cng_psi":null,"cng_renewable_source":null,"cng_total_compression":null,"cng_total_storage":null,"cng_vehicle_class":null,"e85_blender_pump":null,"e85_other_ethanol_blends":null,"ev_connector_types":["J1772"],"ev_dc_fast_num":null,"ev_level1_evse_num":null,"ev_level2_evse_num":4,"ev_network":"Blink Network","ev_network_web":"https://blinkcharging.com","ev_other_evse":null,"ev_pricing":null,"ev_renewable_source":null,"ev_workplace_charging":false,"hy_is_retail":null,"hy_pressures":null,"hy_standards":null,"hy_status_link":null,"lng_has_rng":null,"lng_renewable_source":null,"lng_vehicle_class":null,"lpg_nozzle_types":null,"lpg_primary":null,"ng_fill_type_code":null,"ng_psi":null,"ng_vehicle_class":null,"rd_blended_with_biodiesel":null,"rd_blends":null,"rd_blends_fr":null,"rd_max_biodiesel_level":null,"nps_unit_name":null,"access_days_time_fr":null,"intersection_directions_fr":null,"bd_blends_fr":null,"groups_with_access_code_fr":"Public","ev_pricing_fr":null,"ev_network_ids":{"station":["6b81c222-a705-4634-8fa0-ffa5e4413cd2"],"posts":["1f4ae604-dcd6-43c8-b5d4-beab15ac25fb","4dec6ef6-0b58-475c-a83c-7b5ac9642f9f","57f75aa7-d8ef-44f0-a1e4-9182180d0642","8a8b4494-3b3a-491f-9183-d614bd934914"]}}},{"type":"Feature","geometry":{"type":"Point","coordinates":[-77.030955,38.893516]},"properties":{"access_code":"public","access_days_time":"24 hours daily","access_detail_code":null,"cards_accepted":null,"date_last_confirmed":"2025-04-23","expected_date":null,"fuel_type_code":"ELEC","groups_with_access_code":"Public","id":353448,"maximum_vehicle_class":null,"open_date":"2024-08-22","owner_type_code":null,"restricted_access":null,"status_code":"E","funding_sources":null,"facility_type":null,"station_name":"RRBPARKING 14ST 6","station_phone":"888-758-4389","updated_at":"2025-04-23T02:15:49Z","geocode_status":"GPS","city":"Washington","country":"US","intersection_directions":null,"plus4":null,"state":"DC","street_address":"1300 Pennsylvania Avenue NW","zip":"20004","bd_blends":null,"cng_dispenser_num":null,"cng_fill_type_code":null,"cng_has_rng":null,"cng_psi":null,"cng_renewable_source":null,"cng_total_compression":null,"cng_total_storage":null,"cng_vehicle_class":null,"e85_blender_pump":null,"e85_other_ethanol_blends":null,"ev_connector_types":["J1772"],"ev_dc_fast_num":null,"ev_level1_evse_num":null,"ev_level2_evse_num":2,"ev_network":"ChargePoint Network","ev_network_web":"https://www.chargepoint.com","ev_other_evse":null,"ev_pricing":null,"ev_renewable_source":null,"ev_workplace_charging":false,"hy_is_retail":null,"hy_pressures":null,"hy_standards":null,"hy_status_link":null,"lng_has_rng":null,"lng_renewable_source":null,"lng_vehicle_class":null,"lpg_nozzle_types":null,"lpg_primary":null,"ng_fill_type_code":null,"ng_psi":null,"ng_vehicle_class":null,"rd_blended_with_biodiesel":null,"rd_blends":null,"rd_blends_fr":null,"rd_max_biodiesel_level":null,"nps_unit_name":null,"access_days_time_fr":null,"intersection_directions_fr":null,"bd_blends_fr":null,"groups_with_access_code_fr":"Public","ev_pricing_fr":null,"ev_network_ids":{"station":["USCPIL15772921"],"posts":["25385051","25385061"]}}},{"type":"Feature","geometry":{"type":"Point","coordinates":[-77.0322,38.90144]},"properties":{"access_code":"public","access_days_time":"24 hours daily","access_detail_code":null,"cards_accepted":null,"date_last_confirmed":"2025-04-23","expected_date":null,"fuel_type_code":"ELEC","groups_with_access_code":"Public","id":354756,"maximum_vehicle_class":null,"open_date":"2022-11-14","owner_type_code":null,"restricted_access":null,"status_code":"E","funding_sources":null,"facility_type":null,"station_name":"Franklin Tower","station_phone":"888-998-2546","updated_at":"2025-04-23T00:15:12Z","geocode_status":"GPS","city":"Washington","country":"US","intersection_directions":null,"plus4":null,"state":"DC","street_address":"1401 I Street NW","zip":"20005","bd_blends":null,"cng_dispenser_num":null,"cng_fill_type_code":null,"cng_has_rng":null,"cng_psi":null,"cng_renewable_source":null,"cng_total_compression":null,"cng_total_storage":null,"cng_vehicle_class":null,"e85_blender_pump":null,"e85_other_ethanol_blends":null,"ev_connector_types":["J1772"],"ev_dc_fast_num":null,"ev_level1_evse_num":null,"ev_level2_evse_num":2,"ev_network":"Blink Network","ev_network_web":"https://blinkcharging.com","ev_other_evse":null,"ev_pricing":null,"ev_renewable_source":null,"ev_workplace_charging":false,"hy_is_retail":null,"hy_pressures":null,"hy_standards":null,"hy_status_link":null,"lng_has_rng":null,"lng_renewable_source":null,"lng_vehicle_class":null,"lpg_nozzle_types":null,"lpg_primary":null,"ng_fill_type_code":null,"ng_psi":null,"ng_vehicle_class":null,"rd_blended_with_biodiesel":null,"rd_blends":null,"rd_blends_fr":null,"rd_max_biodiesel_level":null,"nps_unit_name":null,"access_days_time_fr":null,"intersection_directions_fr":null,"bd_blends_fr":null,"groups_with_access_code_fr":"Public","ev_pricing_fr":null,"ev_network_ids":{"station":["6bca4f91-aa1c-4e46-af8b-b8bf2be7cd7b"],"posts":["25d146f6-8797-4b49-988f-15704d86a179","b12b768e-3c62-49fa-ae04-6be862883622"]}}},{"type":"Feature","geometry":{"type":"Point","coordinates":[-77.03919324774215,38.90551267730623]},"properties":{"access_code":"public","access_days_time":"Mon 5:00am - 8:00pm; Tue 5:00am - 8:00pm; Wed 5:00am - 8:00pm; Thu 5:00am - 8:00pm; Fri 5:00am - 8:00pm; Sat 7:00am - 8:00pm; Sun 7:00am - 8:00pm","access_detail_code":null,"cards_accepted":null,"date_last_confirmed":"2025-04-23","expected_date":null,"fuel_type_code":"ELEC","groups_with_access_code":"Public","id":354766,"maximum_vehicle_class":null,"open_date":"2024-05-08","owner_type_code":null,"restricted_access":null,"status_code":"E","funding_sources":null,"facility_type":null,"station_name":"SCD 1700M LLC","station_phone":"888-998-2546","updated_at":"2025-04-23T00:07:54Z","geocode_status":"GPS","city":"Washington","country":"US","intersection_directions":null,"plus4":null,"state":"DC","street_address":"1150 17th Street Northwest","zip":"20036","bd_blends":null,"cng_dispenser_num":null,"cng_fill_type_code":null,"cng_has_rng":null,"cng_psi":null,"cng_renewable_source":null,"cng_total_compression":null,"cng_total_storage":null,"cng_vehicle_class":null,"e85_blender_pump":null,"e85_other_ethanol_blends":null,"ev_connector_types":["J1772"],"ev_dc_fast_num":null,"ev_level1_evse_num":null,"ev_level2_evse_num":19,"ev_network":"Blink Network","ev_network_web":"https://blinkcharging.com","ev_other_evse":null,"ev_pricing":null,"ev_renewable_source":null,"ev_workplace_charging":false,"hy_is_retail":null,"hy_pressures":null,"hy_standards":null,"hy_status_link":null,"lng_has_rng":null,"lng_renewable_source":null,"lng_vehicle_class":null,"lpg_nozzle_types":null,"lpg_primary":null,"ng_fill_type_code":null,"ng_psi":null,"ng_vehicle_class":null,"rd_blended_with_biodiesel":null,"rd_blends":null,"rd_blends_fr":null,"rd_max_biodiesel_level":null,"nps_unit_name":null,"access_days_time_fr":null,"intersection_directions_fr":null,"bd_blends_fr":null,"groups_with_access_code_fr":"Public","ev_pricing_fr":null,"ev_network_ids":{"station":["ce4d82ba-a31d-422c-9827-84ad707e5731"],"posts":["2785ad4c-de41-4548-b9bb-1ea07a18afc2","2c22b5bd-6e88-46d2-84cd-b461a6df4d93","323bef98-e60d-4bac-bc07-0cafb0645a48","35c8ba4c-0821-4c07-9790-69ad146014e1","46bcc9ae-146e-40b7-bedc-d3687e99b78b","53fedaa9-048a-481f-86da-280c7833446d","574670f9-36da-4182-9821-83019e72056c","577377f9-4f98-43cc-bb0d-7232c0fb82f9","673e9af5-d3ad-4e39-9880-02ea4e95a3ac","7ac0f46b-571c-41fd-b88e-49468999ebd1","81324450-497e-4aec-9023-08f3187a1c3b","892d661a-501e-41b8-9508-0f9c35dc14f9","92bd11c8-7ec1-4561-b1ad-7e793e582933","95bb0e73-388a-4463-8959-9b4121ac85a5","a515c906-c76b-4032-ae7c-b261b2ccaf7c","a7d0ab23-fc13-4d2c-83f8-6f25be3537a7","ac8c68e6-e2b5-4f47-87ad-1ea543f9a156","f0e187c8-600c-429a-9662-3cd230e54e62","f1952d75-0125-4c2c-8ab5-e231eaad496c"]}}},{"type":"Feature","geometry":{"type":"Point","coordinates":[-77.003598,38.908939]},"properties":{"access_code":"public","access_days_time":"24 hours daily","access_detail_code":null,"cards_accepted":null,"date_last_confirmed":"2025-04-23","expected_date":null,"fuel_type_code":"ELEC","groups_with_access_code":"Public","id":355497,"maximum_vehicle_class":null,"open_date":"2024-09-12","owner_type_code":null,"restricted_access":null,"status_code":"E","funding_sources":null,"facility_type":null,"station_name":"ELEVATION CHARGER #4","station_phone":"888-758-4389","updated_at":"2025-04-23T02:19:45Z","geocode_status":"GPS","city":"Washington","country":"US","intersection_directions":"P2-034 & P2-033","plus4":null,"state":"DC","street_address":"100 Florida Ave NE","zip":"20002","bd_blends":null,"cng_dispenser_num":null,"cng_fill_type_code":null,"cng_has_rng":null,"cng_psi":null,"cng_renewable_source":null,"cng_total_compression":null,"cng_total_storage":null,"cng_vehicle_class":null,"e85_blender_pump":null,"e85_other_ethanol_blends":null,"ev_connector_types":["J1772"],"ev_dc_fast_num":null,"ev_level1_evse_num":null,"ev_level2_evse_num":2,"ev_network":"ChargePoint Network","ev_network_web":"https://www.chargepoint.com","ev_other_evse":null,"ev_pricing":null,"ev_renewable_source":null,"ev_workplace_charging":false,"hy_is_retail":null,"hy_pressures":null,"hy_standards":null,"hy_status_link":null,"lng_has_rng":null,"lng_renewable_source":null,"lng_vehicle_class":null,"lpg_nozzle_types":null,"lpg_primary":null,"ng_fill_type_code":null,"ng_psi":null,"ng_vehicle_class":null,"rd_blended_with_biodiesel":null,"rd_blends":null,"rd_blends_fr":null,"rd_max_biodiesel_level":null,"nps_unit_name":null,"access_days_time_fr":null,"intersection_directions_fr":null,"bd_blends_fr":null,"groups_with_access_code_fr":"Public","ev_pricing_fr":null,"ev_network_ids":{"station":["USCPIL16155331"],"posts":["25843991","25844001"]}}},{"type":"Feature","geometry":{"type":"Point","coordinates":[-77.000698762368,38.90968894199695]},"properties":{"access_code":"public","access_days_time":"24 hours daily","access_detail_code":null,"cards_accepted":null,"date_last_confirmed":"2025-04-23","expected_date":null,"fuel_type_code":"ELEC","groups_with_access_code":"Public","id":355890,"maximum_vehicle_class":null,"open_date":"2023-07-17","owner_type_code":null,"restricted_access":null,"status_code":"E","funding_sources":null,"facility_type":null,"station_name":"Margarite","station_phone":"888-998-2546","updated_at":"2025-04-23T00:28:50Z","geocode_status":"GPS","city":"Washington","country":"US","intersection_directions":null,"plus4":null,"state":"DC","street_address":"1280 Union Street Northeast","zip":"20002","bd_blends":null,"cng_dispenser_num":null,"cng_fill_type_code":null,"cng_has_rng":null,"cng_psi":null,"cng_renewable_source":null,"cng_total_compression":null,"cng_total_storage":null,"cng_vehicle_class":null,"e85_blender_pump":null,"e85_other_ethanol_blends":null,"ev_connector_types":["J1772"],"ev_dc_fast_num":null,"ev_level1_evse_num":null,"ev_level2_evse_num":6,"ev_network":"Blink Network","ev_network_web":"https://blinkcharging.com","ev_other_evse":null,"ev_pricing":null,"ev_renewable_source":null,"ev_workplace_charging":false,"hy_is_retail":null,"hy_pressures":null,"hy_standards":null,"hy_status_link":null,"lng_has_rng":null,"lng_renewable_source":null,"lng_vehicle_class":null,"lpg_nozzle_types":null,"lpg_primary":null,"ng_fill_type_code":null,"ng_psi":null,"ng_vehicle_class":null,"rd_blended_with_biodiesel":null,"rd_blends":null,"rd_blends_fr":null,"rd_max_biodiesel_level":null,"nps_unit_name":null,"access_days_time_fr":null,"intersection_directions_fr":null,"bd_blends_fr":null,"groups_with_access_code_fr":"Public","ev_pricing_fr":null,"ev_network_ids":{"station":["fedd77e4-c94a-4fd2-99d0-4a9578fefaf3"],"posts":["139693d1-9904-44d3-b3d8-126e9506bd66","2d6531e9-3ac1-4d83-8bb4-144ae72bced6","3a9a78a9-9080-406f-84bf-08512fbd193f","d5c4e3a3-0695-49ec-b886-a763104455d9","e3066cee-afad-4537-b2a8-a425bf6080a1","ee83a82d-7a90-4e9d-85ab-de8e4cc58059"]}}},{"type":"Feature","geometry":{"type":"Point","coordinates":[-77.012001,38.90429]},"properties":{"access_code":"public","access_days_time":"24 hours daily","access_detail_code":null,"cards_accepted":"A ANDROID_PAY APPLE_PAY D M V","date_last_confirmed":"2024-10-11","expected_date":null,"fuel_type_code":"ELEC","groups_with_access_code":"Public","id":356903,"maximum_vehicle_class":"LD","open_date":"2022-08-27","owner_type_code":"P","restricted_access":false,"status_code":"E","funding_sources":null,"facility_type":"MULTI_UNIT_DWELLING","station_name":"Sursum Corda - Parking Lot","station_phone":"813-492-5220","updated_at":"2025-02-12T00:16:32Z","geocode_status":"GPS","city":"Washington","country":"US","intersection_directions":null,"plus4":null,"state":"DC","street_address":"1112 First Ter NW","zip":"20036","bd_blends":null,"cng_dispenser_num":null,"cng_fill_type_code":null,"cng_has_rng":null,"cng_psi":null,"cng_renewable_source":null,"cng_total_compression":null,"cng_total_storage":null,"cng_vehicle_class":null,"e85_blender_pump":null,"e85_other_ethanol_blends":null,"ev_connector_types":["J1772"],"ev_dc_fast_num":null,"ev_level1_evse_num":null,"ev_level2_evse_num":7,"ev_network":"EVOKE","ev_network_web":"https://evokesystems.com","ev_other_evse":null,"ev_pricing":"$1 per session; $0.35 per kWh; $3 per hour idle fee","ev_renewable_source":null,"ev_workplace_charging":false,"hy_is_retail":null,"hy_pressures":null,"hy_standards":null,"hy_status_link":null,"lng_has_rng":null,"lng_renewable_source":null,"lng_vehicle_class":null,"lpg_nozzle_types":null,"lpg_primary":null,"ng_fill_type_code":null,"ng_psi":null,"ng_vehicle_class":null,"rd_blended_with_biodiesel":null,"rd_blends":null,"rd_blends_fr":null,"rd_max_biodiesel_level":null,"nps_unit_name":null,"access_days_time_fr":null,"intersection_directions_fr":null,"bd_blends_fr":null,"groups_with_access_code_fr":"Public","ev_pricing_fr":null}},{"type":"Feature","geometry":{"type":"Point","coordinates":[-77.00506,38.90605]},"properties":{"access_code":"public","access_days_time":null,"access_detail_code":null,"cards_accepted":null,"date_last_confirmed":"2024-07-01","expected_date":null,"fuel_type_code":"ELEC","groups_with_access_code":"Public","id":358550,"maximum_vehicle_class":null,"open_date":null,"owner_type_code":"P","restricted_access":null,"status_code":"E","funding_sources":null,"facility_type":null,"station_name":"Washington, DC - 130 M Street Northeast - Tesla Destination","station_phone":"877-798-3752","updated_at":"2025-02-12T00:16:32Z","geocode_status":"GPS","city":"Washington","country":"US","intersection_directions":null,"plus4":null,"state":"DC","street_address":"130 M St NE","zip":"20002","bd_blends":null,"cng_dispenser_num":null,"cng_fill_type_code":null,"cng_has_rng":null,"cng_psi":null,"cng_renewable_source":null,"cng_total_compression":null,"cng_total_storage":null,"cng_vehicle_class":null,"e85_blender_pump":null,"e85_other_ethanol_blends":null,"ev_connector_types":["J1772"],"ev_dc_fast_num":null,"ev_level1_evse_num":null,"ev_level2_evse_num":2,"ev_network":"Non-Networked","ev_network_web":null,"ev_other_evse":null,"ev_pricing":"Free","ev_renewable_source":null,"ev_workplace_charging":false,"hy_is_retail":null,"hy_pressures":null,"hy_standards":null,"hy_status_link":null,"lng_has_rng":null,"lng_renewable_source":null,"lng_vehicle_class":null,"lpg_nozzle_types":null,"lpg_primary":null,"ng_fill_type_code":null,"ng_psi":null,"ng_vehicle_class":null,"rd_blended_with_biodiesel":null,"rd_blends":null,"rd_blends_fr":null,"rd_max_biodiesel_level":null,"nps_unit_name":null,"access_days_time_fr":null,"intersection_directions_fr":null,"bd_blends_fr":null,"groups_with_access_code_fr":"Public","ev_pricing_fr":null}},{"type":"Feature","geometry":{"type":"Point","coordinates":[-77.010561,38.956478]},"properties":{"access_code":"public","access_days_time":"24 hours daily","access_detail_code":null,"cards_accepted":null,"date_last_confirmed":"2025-04-23","expected_date":null,"fuel_type_code":"ELEC","groups_with_access_code":"Public","id":360273,"maximum_vehicle_class":null,"open_date":"2024-10-18","owner_type_code":null,"restricted_access":null,"status_code":"E","funding_sources":null,"facility_type":null,"station_name":"14 Kennedy Street, NW, Washington, DC 20011","station_phone":"866-816-7584","updated_at":"2025-04-23T03:14:43Z","geocode_status":"GPS","city":"Washington","country":"US","intersection_directions":null,"plus4":null,"state":"DC","street_address":"14 Kennedy Street NW","zip":"20011","bd_blends":null,"cng_dispenser_num":null,"cng_fill_type_code":null,"cng_has_rng":null,"cng_psi":null,"cng_renewable_source":null,"cng_total_compression":null,"cng_total_storage":null,"cng_vehicle_class":null,"e85_blender_pump":null,"e85_other_ethanol_blends":null,"ev_connector_types":["J1772"],"ev_dc_fast_num":null,"ev_level1_evse_num":null,"ev_level2_evse_num":1,"ev_network":"EV Connect","ev_network_web":"https://www.evconnect.com","ev_other_evse":null,"ev_pricing":null,"ev_renewable_source":null,"ev_workplace_charging":false,"hy_is_retail":null,"hy_pressures":null,"hy_standards":null,"hy_status_link":null,"lng_has_rng":null,"lng_renewable_source":null,"lng_vehicle_class":null,"lpg_nozzle_types":null,"lpg_primary":null,"ng_fill_type_code":null,"ng_psi":null,"ng_vehicle_class":null,"rd_blended_with_biodiesel":null,"rd_blends":null,"rd_blends_fr":null,"rd_max_biodiesel_level":null,"nps_unit_name":null,"access_days_time_fr":null,"intersection_directions_fr":null,"bd_blends_fr":null,"groups_with_access_code_fr":"Public","ev_pricing_fr":null,"ev_network_ids":{"station":["86320577-2010-438c-8a00-57b821959b75"],"posts":["64f8f70ceb1401670641e416"]}}},{"type":"Feature","geometry":{"type":"Point","coordinates":[-77.04797040671112,38.90533613081853]},"properties":{"access_code":"public","access_days_time":"Mon 4:30am - 10:00pm; Tue 4:30am - 10:00pm; Wed 4:30am - 10:00pm; Thu 4:30am - 10:00pm; Fri 4:30am - 12:00am; Sat 7:00am - 12:00am; Sun 7:00am - 10:00pm","access_detail_code":null,"cards_accepted":"A D M V","date_last_confirmed":"2025-04-23","expected_date":null,"fuel_type_code":"ELEC","groups_with_access_code":"Public","id":361043,"maximum_vehicle_class":null,"open_date":"2024-10-30","owner_type_code":null,"restricted_access":null,"status_code":"E","funding_sources":null,"facility_type":"PUBLIC","station_name":"1200 New Hampshire Ave. NW. Garage - Lot 729","station_phone":"855-223-5351","updated_at":"2025-04-23T03:23:11Z","geocode_status":"GPS","city":"Washington","country":"US","intersection_directions":"There are four EV charging station located on the right side of level 1 as drivers head down into the garage.","plus4":null,"state":"DC","street_address":"2146 M St. NW.","zip":"20037","bd_blends":null,"cng_dispenser_num":null,"cng_fill_type_code":null,"cng_has_rng":null,"cng_psi":null,"cng_renewable_source":null,"cng_total_compression":null,"cng_total_storage":null,"cng_vehicle_class":null,"e85_blender_pump":null,"e85_other_ethanol_blends":null,"ev_connector_types":["J1772"],"ev_dc_fast_num":null,"ev_level1_evse_num":null,"ev_level2_evse_num":4,"ev_network":"FLASH","ev_network_web":"https://www.flashparking.com/products/diversify-parking-revenue/ev-charging-as-a-revenue-stream/","ev_other_evse":null,"ev_pricing":null,"ev_renewable_source":null,"ev_workplace_charging":false,"hy_is_retail":null,"hy_pressures":null,"hy_standards":null,"hy_status_link":null,"lng_has_rng":null,"lng_renewable_source":null,"lng_vehicle_class":null,"lpg_nozzle_types":null,"lpg_primary":null,"ng_fill_type_code":null,"ng_psi":null,"ng_vehicle_class":null,"rd_blended_with_biodiesel":null,"rd_blends":null,"rd_blends_fr":null,"rd_max_biodiesel_level":null,"nps_unit_name":null,"access_days_time_fr":null,"intersection_directions_fr":null,"bd_blends_fr":null,"groups_with_access_code_fr":"Public","ev_pricing_fr":null,"ev_network_ids":{"station":["14098"],"posts":["AX80-AANX","AX80-AAXU","AX80-ABBM","AX80-ABYR"]}}},{"type":"Feature","geometry":{"type":"Point","coordinates":[-77.04241,38.89448]},"properties":{"access_code":"public","access_days_time":"24 hours daily","access_detail_code":null,"cards_accepted":null,"date_last_confirmed":"2025-04-23","expected_date":null,"fuel_type_code":"ELEC","groups_with_access_code":"Public","id":361823,"maximum_vehicle_class":null,"open_date":"2024-11-06","owner_type_code":null,"restricted_access":null,"status_code":"E","funding_sources":null,"facility_type":null,"station_name":"Zone 9 Ramp E","station_phone":"1-833-611-5965","updated_at":"2025-04-23T04:02:07Z","geocode_status":"GPS","city":"Washington","country":"US","intersection_directions":null,"plus4":null,"state":"DC","street_address":"1849 C Street, NW Mail Stop 1530","zip":"20240","bd_blends":null,"cng_dispenser_num":null,"cng_fill_type_code":null,"cng_has_rng":null,"cng_psi":null,"cng_renewable_source":null,"cng_total_compression":null,"cng_total_storage":null,"cng_vehicle_class":null,"e85_blender_pump":null,"e85_other_ethanol_blends":null,"ev_connector_types":["J1772"],"ev_dc_fast_num":null,"ev_level1_evse_num":null,"ev_level2_evse_num":2,"ev_network":"VIALYNK","ev_network_web":"https://www.lynkwell.com","ev_other_evse":null,"ev_pricing":null,"ev_renewable_source":null,"ev_workplace_charging":false,"hy_is_retail":null,"hy_pressures":null,"hy_standards":null,"hy_status_link":null,"lng_has_rng":null,"lng_renewable_source":null,"lng_vehicle_class":null,"lpg_nozzle_types":null,"lpg_primary":null,"ng_fill_type_code":null,"ng_psi":null,"ng_vehicle_class":null,"rd_blended_with_biodiesel":null,"rd_blends":null,"rd_blends_fr":null,"rd_max_biodiesel_level":null,"nps_unit_name":null,"access_days_time_fr":null,"intersection_directions_fr":null,"bd_blends_fr":null,"groups_with_access_code_fr":"Public","ev_pricing_fr":null,"ev_network_ids":{"station":["loc_17afe422d5c3d11d462bb2c99f4a6366"],"posts":["ev_130a394e0fa6a8fa5cf6d7e15df7cd1f","ev_d13d1026db18119a26542f0aed63ab4f"]}}},{"type":"Feature","geometry":{"type":"Point","coordinates":[-77.04241,38.89448]},"properties":{"access_code":"public","access_days_time":"24 hours daily","access_detail_code":null,"cards_accepted":null,"date_last_confirmed":"2025-04-23","expected_date":null,"fuel_type_code":"ELEC","groups_with_access_code":"Public","id":361824,"maximum_vehicle_class":null,"open_date":"2024-11-06","owner_type_code":null,"restricted_access":null,"status_code":"E","funding_sources":null,"facility_type":null,"station_name":"Zone 1 Ramp A","station_phone":"1-833-611-5965","updated_at":"2025-04-23T04:02:47Z","geocode_status":"GPS","city":"Washington","country":"US","intersection_directions":null,"plus4":null,"state":"DC","street_address":"1849 C Street, NW Mail Stop 1530","zip":"20240","bd_blends":null,"cng_dispenser_num":null,"cng_fill_type_code":null,"cng_has_rng":null,"cng_psi":null,"cng_renewable_source":null,"cng_total_compression":null,"cng_total_storage":null,"cng_vehicle_class":null,"e85_blender_pump":null,"e85_other_ethanol_blends":null,"ev_connector_types":["J1772"],"ev_dc_fast_num":null,"ev_level1_evse_num":null,"ev_level2_evse_num":2,"ev_network":"VIALYNK","ev_network_web":"https://www.lynkwell.com","ev_other_evse":null,"ev_pricing":null,"ev_renewable_source":null,"ev_workplace_charging":false,"hy_is_retail":null,"hy_pressures":null,"hy_standards":null,"hy_status_link":null,"lng_has_rng":null,"lng_renewable_source":null,"lng_vehicle_class":null,"lpg_nozzle_types":null,"lpg_primary":null,"ng_fill_type_code":null,"ng_psi":null,"ng_vehicle_class":null,"rd_blended_with_biodiesel":null,"rd_blends":null,"rd_blends_fr":null,"rd_max_biodiesel_level":null,"nps_unit_name":null,"access_days_time_fr":null,"intersection_directions_fr":null,"bd_blends_fr":null,"groups_with_access_code_fr":"Public","ev_pricing_fr":null,"ev_network_ids":{"station":["loc_faa30889b1dac888e80bf3c43ddec648"],"posts":["ev_05f335f9003a5bbc02a90af06b7127e8","ev_d5cca6acd1a66483016a5bae99f04a89"]}}},{"type":"Feature","geometry":{"type":"Point","coordinates":[-77.04241,38.89448]},"properties":{"access_code":"public","access_days_time":"24 hours daily","access_detail_code":null,"cards_accepted":null,"date_last_confirmed":"2025-04-23","expected_date":null,"fuel_type_code":"ELEC","groups_with_access_code":"Public","id":361825,"maximum_vehicle_class":null,"open_date":"2024-11-06","owner_type_code":null,"restricted_access":null,"status_code":"E","funding_sources":null,"facility_type":null,"station_name":"Zone 7 Ramp G","station_phone":"1-833-611-5965","updated_at":"2025-04-23T04:02:55Z","geocode_status":"GPS","city":"Washington","country":"US","intersection_directions":null,"plus4":null,"state":"DC","street_address":"1849 C Street, NW Mail Stop 1530","zip":"20240","bd_blends":null,"cng_dispenser_num":null,"cng_fill_type_code":null,"cng_has_rng":null,"cng_psi":null,"cng_renewable_source":null,"cng_total_compression":null,"cng_total_storage":null,"cng_vehicle_class":null,"e85_blender_pump":null,"e85_other_ethanol_blends":null,"ev_connector_types":["J1772"],"ev_dc_fast_num":null,"ev_level1_evse_num":null,"ev_level2_evse_num":2,"ev_network":"VIALYNK","ev_network_web":"https://www.lynkwell.com","ev_other_evse":null,"ev_pricing":null,"ev_renewable_source":null,"ev_workplace_charging":false,"hy_is_retail":null,"hy_pressures":null,"hy_standards":null,"hy_status_link":null,"lng_has_rng":null,"lng_renewable_source":null,"lng_vehicle_class":null,"lpg_nozzle_types":null,"lpg_primary":null,"ng_fill_type_code":null,"ng_psi":null,"ng_vehicle_class":null,"rd_blended_with_biodiesel":null,"rd_blends":null,"rd_blends_fr":null,"rd_max_biodiesel_level":null,"nps_unit_name":null,"access_days_time_fr":null,"intersection_directions_fr":null,"bd_blends_fr":null,"groups_with_access_code_fr":"Public","ev_pricing_fr":null,"ev_network_ids":{"station":["loc_ab9d3de4379f0948033886225203c6e0"],"posts":["ev_a659248a4d5bed2504098fb3cc4f85b3","ev_f4e82d8cf5ed4834fd7e9c40926dd483"]}}},{"type":"Feature","geometry":{"type":"Point","coordinates":[-77.04241,38.89448]},"properties":{"access_code":"public","access_days_time":"24 hours daily","access_detail_code":null,"cards_accepted":null,"date_last_confirmed":"2025-04-23","expected_date":null,"fuel_type_code":"ELEC","groups_with_access_code":"Public","id":361826,"maximum_vehicle_class":null,"open_date":"2024-11-06","owner_type_code":null,"restricted_access":null,"status_code":"E","funding_sources":null,"facility_type":null,"station_name":"Zone 2 Ramp B","station_phone":"1-833-611-5965","updated_at":"2025-04-23T04:03:15Z","geocode_status":"GPS","city":"Washington","country":"US","intersection_directions":null,"plus4":null,"state":"DC","street_address":"1849 C Street, NW Mail Stop 1530","zip":"20240","bd_blends":null,"cng_dispenser_num":null,"cng_fill_type_code":null,"cng_has_rng":null,"cng_psi":null,"cng_renewable_source":null,"cng_total_compression":null,"cng_total_storage":null,"cng_vehicle_class":null,"e85_blender_pump":null,"e85_other_ethanol_blends":null,"ev_connector_types":["J1772"],"ev_dc_fast_num":null,"ev_level1_evse_num":null,"ev_level2_evse_num":2,"ev_network":"VIALYNK","ev_network_web":"https://www.lynkwell.com","ev_other_evse":null,"ev_pricing":null,"ev_renewable_source":null,"ev_workplace_charging":false,"hy_is_retail":null,"hy_pressures":null,"hy_standards":null,"hy_status_link":null,"lng_has_rng":null,"lng_renewable_source":null,"lng_vehicle_class":null,"lpg_nozzle_types":null,"lpg_primary":null,"ng_fill_type_code":null,"ng_psi":null,"ng_vehicle_class":null,"rd_blended_with_biodiesel":null,"rd_blends":null,"rd_blends_fr":null,"rd_max_biodiesel_level":null,"nps_unit_name":null,"access_days_time_fr":null,"intersection_directions_fr":null,"bd_blends_fr":null,"groups_with_access_code_fr":"Public","ev_pricing_fr":null,"ev_network_ids":{"station":["loc_2c13b66373a428a1f0af6cc855ae2361"],"posts":["ev_3ed4bf3bee8c677eb962abf88100806a","ev_82b1705d57ec8c07e6a261833c35e895"]}}},{"type":"Feature","geometry":{"type":"Point","coordinates":[-77.00776213240192,38.87696789512248]},"properties":{"access_code":"public","access_days_time":"24 hours daily","access_detail_code":null,"cards_accepted":null,"date_last_confirmed":"2025-04-23","expected_date":null,"fuel_type_code":"ELEC","groups_with_access_code":"Public","id":372739,"maximum_vehicle_class":null,"open_date":"2024-12-10","owner_type_code":null,"restricted_access":null,"status_code":"E","funding_sources":null,"facility_type":null,"station_name":"20 M Street","station_phone":"888-998-2546","updated_at":"2025-04-23T00:31:37Z","geocode_status":"GPS","city":"Washington","country":"US","intersection_directions":null,"plus4":null,"state":"DC","street_address":"20 M Street Southeast","zip":"20003","bd_blends":null,"cng_dispenser_num":null,"cng_fill_type_code":null,"cng_has_rng":null,"cng_psi":null,"cng_renewable_source":null,"cng_total_compression":null,"cng_total_storage":null,"cng_vehicle_class":null,"e85_blender_pump":null,"e85_other_ethanol_blends":null,"ev_connector_types":["J1772"],"ev_dc_fast_num":null,"ev_level1_evse_num":null,"ev_level2_evse_num":4,"ev_network":"Blink Network","ev_network_web":"https://blinkcharging.com","ev_other_evse":null,"ev_pricing":null,"ev_renewable_source":null,"ev_workplace_charging":false,"hy_is_retail":null,"hy_pressures":null,"hy_standards":null,"hy_status_link":null,"lng_has_rng":null,"lng_renewable_source":null,"lng_vehicle_class":null,"lpg_nozzle_types":null,"lpg_primary":null,"ng_fill_type_code":null,"ng_psi":null,"ng_vehicle_class":null,"rd_blended_with_biodiesel":null,"rd_blends":null,"rd_blends_fr":null,"rd_max_biodiesel_level":null,"nps_unit_name":null,"access_days_time_fr":null,"intersection_directions_fr":null,"bd_blends_fr":null,"groups_with_access_code_fr":"Public","ev_pricing_fr":null,"ev_network_ids":{"station":["0eab96bd-1e4d-4177-9a3b-5f904f8721d2"],"posts":["2009ef19-78f4-43ab-bef5-fc044ebed2ec","3ac44b7b-a4d0-41f7-885a-a864b2879e1d","7edc20ce-9cbd-4f26-952c-9b05a2dbabc9","c43880c4-76c8-46a2-ad27-e87c1afbddbf"]}}},{"type":"Feature","geometry":{"type":"Point","coordinates":[-77.052708,38.944383]},"properties":{"access_code":"public","access_days_time":"Tue 10:00am - 5:00pm; Wed 10:00am - 5:00pm; Thu 10:00am - 5:00pm; Fri 10:00am - 5:00pm; Sat 10:00am - 5:00pm; Sun 10:00am - 5:00pm","access_detail_code":null,"cards_accepted":null,"date_last_confirmed":"2025-04-23","expected_date":null,"fuel_type_code":"ELEC","groups_with_access_code":"Public","id":374206,"maximum_vehicle_class":null,"open_date":"2024-12-20","owner_type_code":null,"restricted_access":null,"status_code":"E","funding_sources":null,"facility_type":null,"station_name":"HILLWOOD MUSEUM PARKING_DECK","station_phone":"888-758-4389","updated_at":"2025-04-23T02:18:48Z","geocode_status":"GPS","city":"Washington","country":"US","intersection_directions":"Visitor Center Parking spaces 1 and 2","plus4":null,"state":"DC","street_address":"4155 Linnean Ave NW","zip":"20008","bd_blends":null,"cng_dispenser_num":null,"cng_fill_type_code":null,"cng_has_rng":null,"cng_psi":null,"cng_renewable_source":null,"cng_total_compression":null,"cng_total_storage":null,"cng_vehicle_class":null,"e85_blender_pump":null,"e85_other_ethanol_blends":null,"ev_connector_types":["J1772"],"ev_dc_fast_num":null,"ev_level1_evse_num":null,"ev_level2_evse_num":2,"ev_network":"ChargePoint Network","ev_network_web":"https://www.chargepoint.com","ev_other_evse":null,"ev_pricing":null,"ev_renewable_source":null,"ev_workplace_charging":false,"hy_is_retail":null,"hy_pressures":null,"hy_standards":null,"hy_status_link":null,"lng_has_rng":null,"lng_renewable_source":null,"lng_vehicle_class":null,"lpg_nozzle_types":null,"lpg_primary":null,"ng_fill_type_code":null,"ng_psi":null,"ng_vehicle_class":null,"rd_blended_with_biodiesel":null,"rd_blends":null,"rd_blends_fr":null,"rd_max_biodiesel_level":null,"nps_unit_name":null,"access_days_time_fr":null,"intersection_directions_fr":null,"bd_blends_fr":null,"groups_with_access_code_fr":"Public","ev_pricing_fr":null,"ev_network_ids":{"station":["USCPIL16071251"],"posts":["25742211","25742221"]}}},{"type":"Feature","geometry":{"type":"Point","coordinates":[-77.04328190535307,38.90452627168111]},"properties":{"access_code":"public","access_days_time":"Mon 7:00am - 11:00pm; Tue 7:00am - 11:00pm; Wed 7:00am - 11:00pm; Thu 7:00am - 11:00pm; Fri 7:00am - 11:00pm; Sat 7:00am - 11:00pm; Sun 7:00am - 11:00pm","access_detail_code":null,"cards_accepted":"A D M V","date_last_confirmed":"2025-04-23","expected_date":null,"fuel_type_code":"ELEC","groups_with_access_code":"Public","id":374511,"maximum_vehicle_class":null,"open_date":"2024-12-22","owner_type_code":null,"restricted_access":null,"status_code":"E","funding_sources":null,"facility_type":"PUBLIC","station_name":"1111 19th St. NW. Garage","station_phone":"855-223-5351","updated_at":"2025-04-23T03:23:23Z","geocode_status":"GPS","city":"Washington","country":"US","intersection_directions":null,"plus4":null,"state":"DC","street_address":"1111 19th St. NW.","zip":"20036","bd_blends":null,"cng_dispenser_num":null,"cng_fill_type_code":null,"cng_has_rng":null,"cng_psi":null,"cng_renewable_source":null,"cng_total_compression":null,"cng_total_storage":null,"cng_vehicle_class":null,"e85_blender_pump":null,"e85_other_ethanol_blends":null,"ev_connector_types":["J1772"],"ev_dc_fast_num":null,"ev_level1_evse_num":null,"ev_level2_evse_num":2,"ev_network":"FLASH","ev_network_web":"https://www.flashparking.com/products/diversify-parking-revenue/ev-charging-as-a-revenue-stream/","ev_other_evse":null,"ev_pricing":null,"ev_renewable_source":null,"ev_workplace_charging":false,"hy_is_retail":null,"hy_pressures":null,"hy_standards":null,"hy_status_link":null,"lng_has_rng":null,"lng_renewable_source":null,"lng_vehicle_class":null,"lpg_nozzle_types":null,"lpg_primary":null,"ng_fill_type_code":null,"ng_psi":null,"ng_vehicle_class":null,"rd_blended_with_biodiesel":null,"rd_blends":null,"rd_blends_fr":null,"rd_max_biodiesel_level":null,"nps_unit_name":null,"access_days_time_fr":null,"intersection_directions_fr":null,"bd_blends_fr":null,"groups_with_access_code_fr":"Public","ev_pricing_fr":null,"ev_network_ids":{"station":["45314"],"posts":["AX80-APKP","AX80-ASZT"]}}},{"type":"Feature","geometry":{"type":"Point","coordinates":[-77.04045,38.903332]},"properties":{"access_code":"public","access_days_time":"24 hours daily","access_detail_code":null,"cards_accepted":null,"date_last_confirmed":"2025-04-23","expected_date":null,"fuel_type_code":"ELEC","groups_with_access_code":"Public","id":374700,"maximum_vehicle_class":null,"open_date":"2024-12-30","owner_type_code":null,"restricted_access":null,"status_code":"E","funding_sources":null,"facility_type":null,"station_name":"Washington Square - Central Parking (Series)","station_phone":"888-998-2546","updated_at":"2025-04-23T00:05:15Z","geocode_status":"GPS","city":"Washington","country":"US","intersection_directions":null,"plus4":null,"state":"DC","street_address":"1050 Connecticut Ave NW","zip":"20036","bd_blends":null,"cng_dispenser_num":null,"cng_fill_type_code":null,"cng_has_rng":null,"cng_psi":null,"cng_renewable_source":null,"cng_total_compression":null,"cng_total_storage":null,"cng_vehicle_class":null,"e85_blender_pump":null,"e85_other_ethanol_blends":null,"ev_connector_types":["J1772"],"ev_dc_fast_num":null,"ev_level1_evse_num":null,"ev_level2_evse_num":4,"ev_network":"Blink Network","ev_network_web":"https://blinkcharging.com","ev_other_evse":null,"ev_pricing":null,"ev_renewable_source":null,"ev_workplace_charging":false,"hy_is_retail":null,"hy_pressures":null,"hy_standards":null,"hy_status_link":null,"lng_has_rng":null,"lng_renewable_source":null,"lng_vehicle_class":null,"lpg_nozzle_types":null,"lpg_primary":null,"ng_fill_type_code":null,"ng_psi":null,"ng_vehicle_class":null,"rd_blended_with_biodiesel":null,"rd_blends":null,"rd_blends_fr":null,"rd_max_biodiesel_level":null,"nps_unit_name":null,"access_days_time_fr":null,"intersection_directions_fr":null,"bd_blends_fr":null,"groups_with_access_code_fr":"Public","ev_pricing_fr":null,"ev_network_ids":{"station":["c60f978a-25f8-414d-afd1-339cd9b87d29"],"posts":["2e75ef2e-b1f2-4639-a9cc-ef0fa5058777","8d75c750-3ebe-43bf-b07b-011f93ebc679","d05563ea-ccc5-4594-9a27-90734cea275f","dbd238b0-d543-4779-bafa-f5a6d109d854"]}}},{"type":"Feature","geometry":{"type":"Point","coordinates":[-77.0252236,38.9019902]},"properties":{"access_code":"public","access_days_time":"24 hours daily","access_detail_code":null,"cards_accepted":null,"date_last_confirmed":"2025-04-23","expected_date":null,"fuel_type_code":"ELEC","groups_with_access_code":"Public","id":375191,"maximum_vehicle_class":null,"open_date":"2024-12-18","owner_type_code":null,"restricted_access":null,"status_code":"E","funding_sources":null,"facility_type":null,"station_name":"NYA90 - Open Access","station_phone":"888-998-2546","updated_at":"2025-04-23T00:06:21Z","geocode_status":"GPS","city":"Washington","country":"US","intersection_directions":null,"plus4":null,"state":"DC","street_address":"901 New York Ave. NW","zip":"20001","bd_blends":null,"cng_dispenser_num":null,"cng_fill_type_code":null,"cng_has_rng":null,"cng_psi":null,"cng_renewable_source":null,"cng_total_compression":null,"cng_total_storage":null,"cng_vehicle_class":null,"e85_blender_pump":null,"e85_other_ethanol_blends":null,"ev_connector_types":["J1772"],"ev_dc_fast_num":null,"ev_level1_evse_num":null,"ev_level2_evse_num":8,"ev_network":"Blink Network","ev_network_web":"https://blinkcharging.com","ev_other_evse":null,"ev_pricing":null,"ev_renewable_source":null,"ev_workplace_charging":false,"hy_is_retail":null,"hy_pressures":null,"hy_standards":null,"hy_status_link":null,"lng_has_rng":null,"lng_renewable_source":null,"lng_vehicle_class":null,"lpg_nozzle_types":null,"lpg_primary":null,"ng_fill_type_code":null,"ng_psi":null,"ng_vehicle_class":null,"rd_blended_with_biodiesel":null,"rd_blends":null,"rd_blends_fr":null,"rd_max_biodiesel_level":null,"nps_unit_name":null,"access_days_time_fr":null,"intersection_directions_fr":null,"bd_blends_fr":null,"groups_with_access_code_fr":"Public","ev_pricing_fr":null,"ev_network_ids":{"station":["4f9d0281-77d6-471c-99be-2c29e512bc85"],"posts":["0539faed-0dbb-4228-bc1e-df0e3f894577","1316a751-5b77-45cb-87cb-2712560eac87","4147a9b6-b223-42e9-85f8-a18b8f7f3e64","51656fe4-b817-48e2-95a2-b67229973efe","8a525de9-c2b4-42da-a53b-89d713157247","bc4baeb9-8fa0-4ab8-b97a-3ed52105d529","dd0b7da4-a939-485f-82a1-4d84ddb55b41","fac61b6c-64a8-4dfd-8340-783a111d6765"]}}},{"type":"Feature","geometry":{"type":"Point","coordinates":[-77.00024299724926,38.87541780792223]},"properties":{"access_code":"public","access_days_time":"24 hours daily","access_detail_code":null,"cards_accepted":null,"date_last_confirmed":"2025-04-23","expected_date":"2025-01-29","fuel_type_code":"ELEC","groups_with_access_code":"TEMPORARILY UNAVAILABLE (Public)","id":376619,"maximum_vehicle_class":null,"open_date":"2020-03-30","owner_type_code":null,"restricted_access":null,"status_code":"T","funding_sources":null,"facility_type":null,"station_name":"1212 4th Street Se","station_phone":"888-998-2546","updated_at":"2025-04-23T00:07:10Z","geocode_status":"GPS","city":"Washington","country":"US","intersection_directions":null,"plus4":null,"state":"DC","street_address":"1212 4th Street Southeast","zip":"20003","bd_blends":null,"cng_dispenser_num":null,"cng_fill_type_code":null,"cng_has_rng":null,"cng_psi":null,"cng_renewable_source":null,"cng_total_compression":null,"cng_total_storage":null,"cng_vehicle_class":null,"e85_blender_pump":null,"e85_other_ethanol_blends":null,"ev_connector_types":["J1772"],"ev_dc_fast_num":null,"ev_level1_evse_num":null,"ev_level2_evse_num":3,"ev_network":"Blink Network","ev_network_web":"https://blinkcharging.com","ev_other_evse":null,"ev_pricing":null,"ev_renewable_source":null,"ev_workplace_charging":false,"hy_is_retail":null,"hy_pressures":null,"hy_standards":null,"hy_status_link":null,"lng_has_rng":null,"lng_renewable_source":null,"lng_vehicle_class":null,"lpg_nozzle_types":null,"lpg_primary":null,"ng_fill_type_code":null,"ng_psi":null,"ng_vehicle_class":null,"rd_blended_with_biodiesel":null,"rd_blends":null,"rd_blends_fr":null,"rd_max_biodiesel_level":null,"nps_unit_name":null,"access_days_time_fr":null,"intersection_directions_fr":null,"bd_blends_fr":null,"groups_with_access_code_fr":"TEMPORAIREMENT SUSPENDU (Public)","ev_pricing_fr":null,"ev_network_ids":{"station":["1823828c-c01a-404d-8468-888e6fb66c31"],"posts":["1a06b10d-014a-434d-ac6c-afca023b75a6","6dd18bef-f1f1-482d-a49d-6a3e1ea36866","ffd975e6-47d6-4de2-8f40-0b86c3363bef"]}}},{"type":"Feature","geometry":{"type":"Point","coordinates":[-77.002888,38.874416]},"properties":{"access_code":"public","access_days_time":"24 hours daily","access_detail_code":null,"cards_accepted":null,"date_last_confirmed":"2025-04-23","expected_date":"2025-01-29","fuel_type_code":"ELEC","groups_with_access_code":"TEMPORARILY UNAVAILABLE (Public)","id":376624,"maximum_vehicle_class":null,"open_date":"2022-10-16","owner_type_code":null,"restricted_access":null,"status_code":"T","funding_sources":null,"facility_type":null,"station_name":"Estate The Yards","station_phone":"888-998-2546","updated_at":"2025-04-23T00:16:25Z","geocode_status":"GPS","city":"Washington","country":"US","intersection_directions":null,"plus4":null,"state":"DC","street_address":"3 Tingey Square SE","zip":"20003","bd_blends":null,"cng_dispenser_num":null,"cng_fill_type_code":null,"cng_has_rng":null,"cng_psi":null,"cng_renewable_source":null,"cng_total_compression":null,"cng_total_storage":null,"cng_vehicle_class":null,"e85_blender_pump":null,"e85_other_ethanol_blends":null,"ev_connector_types":["J1772"],"ev_dc_fast_num":null,"ev_level1_evse_num":null,"ev_level2_evse_num":1,"ev_network":"Blink Network","ev_network_web":"https://blinkcharging.com","ev_other_evse":null,"ev_pricing":null,"ev_renewable_source":null,"ev_workplace_charging":false,"hy_is_retail":null,"hy_pressures":null,"hy_standards":null,"hy_status_link":null,"lng_has_rng":null,"lng_renewable_source":null,"lng_vehicle_class":null,"lpg_nozzle_types":null,"lpg_primary":null,"ng_fill_type_code":null,"ng_psi":null,"ng_vehicle_class":null,"rd_blended_with_biodiesel":null,"rd_blends":null,"rd_blends_fr":null,"rd_max_biodiesel_level":null,"nps_unit_name":null,"access_days_time_fr":null,"intersection_directions_fr":null,"bd_blends_fr":null,"groups_with_access_code_fr":"TEMPORAIREMENT SUSPENDU (Public)","ev_pricing_fr":null,"ev_network_ids":{"station":["8be7da9d-0cd4-4270-b718-626785ecf9f6"],"posts":["5a343bc0-46d3-4ec6-9d3a-06c9635e35ab"]}}},{"type":"Feature","geometry":{"type":"Point","coordinates":[-77.04177450388671,38.90473917368964]},"properties":{"access_code":"public","access_days_time":"24 hours daily","access_detail_code":null,"cards_accepted":"A D M V","date_last_confirmed":"2025-04-23","expected_date":null,"fuel_type_code":"ELEC","groups_with_access_code":"Public","id":377517,"maximum_vehicle_class":null,"open_date":"2025-01-31","owner_type_code":null,"restricted_access":null,"status_code":"E","funding_sources":null,"facility_type":"PUBLIC","station_name":"1800 M St. NW. Garage","station_phone":"855-223-5351","updated_at":"2025-04-23T03:23:26Z","geocode_status":"GPS","city":"Washington","country":"US","intersection_directions":null,"plus4":null,"state":"DC","street_address":"1152 18th St. NW.","zip":"20036","bd_blends":null,"cng_dispenser_num":null,"cng_fill_type_code":null,"cng_has_rng":null,"cng_psi":null,"cng_renewable_source":null,"cng_total_compression":null,"cng_total_storage":null,"cng_vehicle_class":null,"e85_blender_pump":null,"e85_other_ethanol_blends":null,"ev_connector_types":["J1772"],"ev_dc_fast_num":null,"ev_level1_evse_num":null,"ev_level2_evse_num":4,"ev_network":"FLASH","ev_network_web":"https://www.flashparking.com/products/diversify-parking-revenue/ev-charging-as-a-revenue-stream/","ev_other_evse":null,"ev_pricing":null,"ev_renewable_source":null,"ev_workplace_charging":false,"hy_is_retail":null,"hy_pressures":null,"hy_standards":null,"hy_status_link":null,"lng_has_rng":null,"lng_renewable_source":null,"lng_vehicle_class":null,"lpg_nozzle_types":null,"lpg_primary":null,"ng_fill_type_code":null,"ng_psi":null,"ng_vehicle_class":null,"rd_blended_with_biodiesel":null,"rd_blends":null,"rd_blends_fr":null,"rd_max_biodiesel_level":null,"nps_unit_name":null,"access_days_time_fr":null,"intersection_directions_fr":null,"bd_blends_fr":null,"groups_with_access_code_fr":"Public","ev_pricing_fr":null,"ev_network_ids":{"station":["44550"],"posts":["AX48-AJOJ","AX48-ALLM","AX48-AMXP","AX48-ANJG"]}}},{"type":"Feature","geometry":{"type":"Point","coordinates":[-77.045227,38.906169]},"properties":{"access_code":"public","access_days_time":"24 hours daily","access_detail_code":null,"cards_accepted":null,"date_last_confirmed":"2025-04-23","expected_date":null,"fuel_type_code":"ELEC","groups_with_access_code":"Public","id":380738,"maximum_vehicle_class":null,"open_date":"2016-05-24","owner_type_code":null,"restricted_access":null,"status_code":"E","funding_sources":null,"facility_type":null,"station_name":"2001 M St.","station_phone":"888-998-2546","updated_at":"2025-04-23T00:16:44Z","geocode_status":"GPS","city":"Washington","country":"US","intersection_directions":null,"plus4":null,"state":"DC","street_address":"2001 M Street, NW","zip":"20036","bd_blends":null,"cng_dispenser_num":null,"cng_fill_type_code":null,"cng_has_rng":null,"cng_psi":null,"cng_renewable_source":null,"cng_total_compression":null,"cng_total_storage":null,"cng_vehicle_class":null,"e85_blender_pump":null,"e85_other_ethanol_blends":null,"ev_connector_types":["J1772"],"ev_dc_fast_num":null,"ev_level1_evse_num":null,"ev_level2_evse_num":5,"ev_network":"Blink Network","ev_network_web":"https://blinkcharging.com","ev_other_evse":null,"ev_pricing":null,"ev_renewable_source":null,"ev_workplace_charging":false,"hy_is_retail":null,"hy_pressures":null,"hy_standards":null,"hy_status_link":null,"lng_has_rng":null,"lng_renewable_source":null,"lng_vehicle_class":null,"lpg_nozzle_types":null,"lpg_primary":null,"ng_fill_type_code":null,"ng_psi":null,"ng_vehicle_class":null,"rd_blended_with_biodiesel":null,"rd_blends":null,"rd_blends_fr":null,"rd_max_biodiesel_level":null,"nps_unit_name":null,"access_days_time_fr":null,"intersection_directions_fr":null,"bd_blends_fr":null,"groups_with_access_code_fr":"Public","ev_pricing_fr":null,"ev_network_ids":{"station":["d0e864cf-fb2a-3dbf-1307-c00000001482"],"posts":["9059675f-9ddc-4cbe-8555-69dba0ea590a","d9ac0aa1-4972-3e61-1307-300000035211","d9ac0aa1-4972-3e61-1307-300000035221","d9ac0aa1-4972-3e61-1307-300000039531","d9ac0aa1-4972-3e61-1307-300000040281"]}}},{"type":"Feature","geometry":{"type":"Point","coordinates":[-77.03376,38.908596]},"properties":{"access_code":"public","access_days_time":"24 hours daily","access_detail_code":null,"cards_accepted":null,"date_last_confirmed":"2025-04-23","expected_date":null,"fuel_type_code":"ELEC","groups_with_access_code":"Public","id":384415,"maximum_vehicle_class":null,"open_date":"2025-02-15","owner_type_code":null,"restricted_access":null,"status_code":"E","funding_sources":null,"facility_type":null,"station_name":"1441 EV CHARGER #1","station_phone":"888-758-4389","updated_at":"2025-04-23T02:28:03Z","geocode_status":"GPS","city":"Washington","country":"US","intersection_directions":"G3 parking level","plus4":null,"state":"DC","street_address":"1441 Rhode Island Ave NW","zip":"20005","bd_blends":null,"cng_dispenser_num":null,"cng_fill_type_code":null,"cng_has_rng":null,"cng_psi":null,"cng_renewable_source":null,"cng_total_compression":null,"cng_total_storage":null,"cng_vehicle_class":null,"e85_blender_pump":null,"e85_other_ethanol_blends":null,"ev_connector_types":["J1772"],"ev_dc_fast_num":null,"ev_level1_evse_num":null,"ev_level2_evse_num":1,"ev_network":"ChargePoint Network","ev_network_web":"https://www.chargepoint.com","ev_other_evse":null,"ev_pricing":null,"ev_renewable_source":null,"ev_workplace_charging":false,"hy_is_retail":null,"hy_pressures":null,"hy_standards":null,"hy_status_link":null,"lng_has_rng":null,"lng_renewable_source":null,"lng_vehicle_class":null,"lpg_nozzle_types":null,"lpg_primary":null,"ng_fill_type_code":null,"ng_psi":null,"ng_vehicle_class":null,"rd_blended_with_biodiesel":null,"rd_blends":null,"rd_blends_fr":null,"rd_max_biodiesel_level":null,"nps_unit_name":null,"access_days_time_fr":null,"intersection_directions_fr":null,"bd_blends_fr":null,"groups_with_access_code_fr":"Public","ev_pricing_fr":null,"ev_network_ids":{"station":["USCPIL16987441"],"posts":["26821531"]}}},{"type":"Feature","geometry":{"type":"Point","coordinates":[-76.99128,38.84785]},"properties":{"access_code":"public","access_days_time":"24 hours daily","access_detail_code":null,"cards_accepted":null,"date_last_confirmed":"2025-04-23","expected_date":null,"fuel_type_code":"ELEC","groups_with_access_code":"Public","id":384731,"maximum_vehicle_class":null,"open_date":"2025-02-22","owner_type_code":null,"restricted_access":null,"status_code":"E","funding_sources":null,"facility_type":null,"station_name":"ST. ELIZABETH P CHARGER-003","station_phone":"888-758-4389","updated_at":"2025-04-23T01:39:08Z","geocode_status":"GPS","city":"Washington","country":"US","intersection_directions":"P-1","plus4":null,"state":"DC","street_address":"1100 Oak Dr SE","zip":"20020","bd_blends":null,"cng_dispenser_num":null,"cng_fill_type_code":null,"cng_has_rng":null,"cng_psi":null,"cng_renewable_source":null,"cng_total_compression":null,"cng_total_storage":null,"cng_vehicle_class":null,"e85_blender_pump":null,"e85_other_ethanol_blends":null,"ev_connector_types":["J1772"],"ev_dc_fast_num":null,"ev_level1_evse_num":null,"ev_level2_evse_num":2,"ev_network":"ChargePoint Network","ev_network_web":"https://www.chargepoint.com","ev_other_evse":null,"ev_pricing":null,"ev_renewable_source":null,"ev_workplace_charging":false,"hy_is_retail":null,"hy_pressures":null,"hy_standards":null,"hy_status_link":null,"lng_has_rng":null,"lng_renewable_source":null,"lng_vehicle_class":null,"lpg_nozzle_types":null,"lpg_primary":null,"ng_fill_type_code":null,"ng_psi":null,"ng_vehicle_class":null,"rd_blended_with_biodiesel":null,"rd_blends":null,"rd_blends_fr":null,"rd_max_biodiesel_level":null,"nps_unit_name":null,"access_days_time_fr":null,"intersection_directions_fr":null,"bd_blends_fr":null,"groups_with_access_code_fr":"Public","ev_pricing_fr":null,"ev_network_ids":{"station":["USCPIL12424611"],"posts":["23185551","23185561"]}}},{"type":"Feature","geometry":{"type":"Point","coordinates":[-76.99124,38.84781]},"properties":{"access_code":"public","access_days_time":"24 hours daily","access_detail_code":null,"cards_accepted":null,"date_last_confirmed":"2025-04-23","expected_date":null,"fuel_type_code":"ELEC","groups_with_access_code":"Public","id":384732,"maximum_vehicle_class":null,"open_date":"2025-02-22","owner_type_code":null,"restricted_access":null,"status_code":"E","funding_sources":null,"facility_type":null,"station_name":"ST. ELIZABETH P CHARGER-002","station_phone":"888-758-4389","updated_at":"2025-04-23T01:39:08Z","geocode_status":"GPS","city":"Washington","country":"US","intersection_directions":"P-1","plus4":null,"state":"DC","street_address":"1100 Oak Dr SE","zip":"20020","bd_blends":null,"cng_dispenser_num":null,"cng_fill_type_code":null,"cng_has_rng":null,"cng_psi":null,"cng_renewable_source":null,"cng_total_compression":null,"cng_total_storage":null,"cng_vehicle_class":null,"e85_blender_pump":null,"e85_other_ethanol_blends":null,"ev_connector_types":["J1772"],"ev_dc_fast_num":null,"ev_level1_evse_num":null,"ev_level2_evse_num":2,"ev_network":"ChargePoint Network","ev_network_web":"https://www.chargepoint.com","ev_other_evse":null,"ev_pricing":null,"ev_renewable_source":null,"ev_workplace_charging":false,"hy_is_retail":null,"hy_pressures":null,"hy_standards":null,"hy_status_link":null,"lng_has_rng":null,"lng_renewable_source":null,"lng_vehicle_class":null,"lpg_nozzle_types":null,"lpg_primary":null,"ng_fill_type_code":null,"ng_psi":null,"ng_vehicle_class":null,"rd_blended_with_biodiesel":null,"rd_blends":null,"rd_blends_fr":null,"rd_max_biodiesel_level":null,"nps_unit_name":null,"access_days_time_fr":null,"intersection_directions_fr":null,"bd_blends_fr":null,"groups_with_access_code_fr":"Public","ev_pricing_fr":null,"ev_network_ids":{"station":["USCPIL12424641"],"posts":["21549021","21549031"]}}},{"type":"Feature","geometry":{"type":"Point","coordinates":[-77.03037224583444,38.8998342896937]},"properties":{"access_code":"public","access_days_time":"24 hours daily","access_detail_code":null,"cards_accepted":null,"date_last_confirmed":"2025-04-23","expected_date":null,"fuel_type_code":"ELEC","groups_with_access_code":"Public","id":387079,"maximum_vehicle_class":null,"open_date":"2025-02-28","owner_type_code":null,"restricted_access":null,"status_code":"E","funding_sources":null,"facility_type":null,"station_name":"InterAmerican Development Bank","station_phone":"888-998-2546","updated_at":"2025-04-23T00:08:31Z","geocode_status":"GPS","city":"Washington","country":"US","intersection_directions":null,"plus4":null,"state":"DC","street_address":"1300 New York Avenue Northwest","zip":"20577","bd_blends":null,"cng_dispenser_num":null,"cng_fill_type_code":null,"cng_has_rng":null,"cng_psi":null,"cng_renewable_source":null,"cng_total_compression":null,"cng_total_storage":null,"cng_vehicle_class":null,"e85_blender_pump":null,"e85_other_ethanol_blends":null,"ev_connector_types":["J1772"],"ev_dc_fast_num":null,"ev_level1_evse_num":null,"ev_level2_evse_num":8,"ev_network":"Blink Network","ev_network_web":"https://blinkcharging.com","ev_other_evse":null,"ev_pricing":null,"ev_renewable_source":null,"ev_workplace_charging":false,"hy_is_retail":null,"hy_pressures":null,"hy_standards":null,"hy_status_link":null,"lng_has_rng":null,"lng_renewable_source":null,"lng_vehicle_class":null,"lpg_nozzle_types":null,"lpg_primary":null,"ng_fill_type_code":null,"ng_psi":null,"ng_vehicle_class":null,"rd_blended_with_biodiesel":null,"rd_blends":null,"rd_blends_fr":null,"rd_max_biodiesel_level":null,"nps_unit_name":null,"access_days_time_fr":null,"intersection_directions_fr":null,"bd_blends_fr":null,"groups_with_access_code_fr":"Public","ev_pricing_fr":null,"ev_network_ids":{"station":["0d7fbb07-a190-4bc8-a18b-75a7966a84e9"],"posts":["00a4783d-03c0-4d30-b520-67146a0035d9","2b24ac9d-8686-46ba-b925-b4739ff1d698","58ecf719-2ec7-4e11-b90c-a6fd032f6850","5fd61e43-fd03-48fe-8cc7-aaf6e63a4209","7b8da779-9e1e-46a7-b647-6f1759a1e156","be3f92df-ce7d-491b-a672-340fcd5e0ee7","cd50dc57-2dae-4a76-9e9d-3785140db23b","d808382a-c38d-47a3-984a-a98344b89788"]}}},{"type":"Feature","geometry":{"type":"Point","coordinates":[-77.0387573,38.90671171]},"properties":{"access_code":"public","access_days_time":"24 hours daily","access_detail_code":null,"cards_accepted":null,"date_last_confirmed":"2025-04-23","expected_date":"2025-03-18","fuel_type_code":"ELEC","groups_with_access_code":"TEMPORARILY UNAVAILABLE (Public)","id":387852,"maximum_vehicle_class":null,"open_date":"2019-01-14","owner_type_code":null,"restricted_access":null,"status_code":"T","funding_sources":null,"facility_type":null,"station_name":"1701 Rhode Island","station_phone":"888-998-2546","updated_at":"2025-04-23T00:09:47Z","geocode_status":"GPS","city":"Washington","country":"US","intersection_directions":null,"plus4":null,"state":"DC","street_address":"1701 Rhode Island Avenue Northwest","zip":"20036","bd_blends":null,"cng_dispenser_num":null,"cng_fill_type_code":null,"cng_has_rng":null,"cng_psi":null,"cng_renewable_source":null,"cng_total_compression":null,"cng_total_storage":null,"cng_vehicle_class":null,"e85_blender_pump":null,"e85_other_ethanol_blends":null,"ev_connector_types":["J1772"],"ev_dc_fast_num":null,"ev_level1_evse_num":null,"ev_level2_evse_num":2,"ev_network":"Blink Network","ev_network_web":"https://blinkcharging.com","ev_other_evse":null,"ev_pricing":null,"ev_renewable_source":null,"ev_workplace_charging":false,"hy_is_retail":null,"hy_pressures":null,"hy_standards":null,"hy_status_link":null,"lng_has_rng":null,"lng_renewable_source":null,"lng_vehicle_class":null,"lpg_nozzle_types":null,"lpg_primary":null,"ng_fill_type_code":null,"ng_psi":null,"ng_vehicle_class":null,"rd_blended_with_biodiesel":null,"rd_blends":null,"rd_blends_fr":null,"rd_max_biodiesel_level":null,"nps_unit_name":null,"access_days_time_fr":null,"intersection_directions_fr":null,"bd_blends_fr":null,"groups_with_access_code_fr":"TEMPORAIREMENT SUSPENDU (Public)","ev_pricing_fr":null,"ev_network_ids":{"station":["0a222665-533b-43e0-be26-9515e6a6d1f6"],"posts":["39b088ab-1b66-42f3-a138-278c25eb5723","886576ac-d980-46ab-b2cd-9e76521d4ece"]}}},{"type":"Feature","geometry":{"type":"Point","coordinates":[-77.01307,38.864132]},"properties":{"access_code":"public","access_days_time":"24 hours daily","access_detail_code":null,"cards_accepted":null,"date_last_confirmed":"2025-04-23","expected_date":null,"fuel_type_code":"ELEC","groups_with_access_code":"Public","id":388979,"maximum_vehicle_class":null,"open_date":"2025-04-01","owner_type_code":null,"restricted_access":null,"status_code":"E","funding_sources":null,"facility_type":null,"station_name":"BERKSHIRE GRP STATION 7","station_phone":"888-758-4389","updated_at":"2025-04-23T01:23:54Z","geocode_status":"GPS","city":"Washington","country":"US","intersection_directions":"G1 thru gate","plus4":null,"state":"DC","street_address":"2100 2nd St SW","zip":"20593","bd_blends":null,"cng_dispenser_num":null,"cng_fill_type_code":null,"cng_has_rng":null,"cng_psi":null,"cng_renewable_source":null,"cng_total_compression":null,"cng_total_storage":null,"cng_vehicle_class":null,"e85_blender_pump":null,"e85_other_ethanol_blends":null,"ev_connector_types":["J1772"],"ev_dc_fast_num":null,"ev_level1_evse_num":null,"ev_level2_evse_num":2,"ev_network":"ChargePoint Network","ev_network_web":"https://www.chargepoint.com","ev_other_evse":null,"ev_pricing":null,"ev_renewable_source":null,"ev_workplace_charging":false,"hy_is_retail":null,"hy_pressures":null,"hy_standards":null,"hy_status_link":null,"lng_has_rng":null,"lng_renewable_source":null,"lng_vehicle_class":null,"lpg_nozzle_types":null,"lpg_primary":null,"ng_fill_type_code":null,"ng_psi":null,"ng_vehicle_class":null,"rd_blended_with_biodiesel":null,"rd_blends":null,"rd_blends_fr":null,"rd_max_biodiesel_level":null,"nps_unit_name":null,"access_days_time_fr":null,"intersection_directions_fr":null,"bd_blends_fr":null,"groups_with_access_code_fr":"Public","ev_pricing_fr":null,"ev_network_ids":{"station":["USCPIL5480621"],"posts":["9096581","9096591"]}}},{"type":"Feature","geometry":{"type":"Point","coordinates":[-77.01303,38.864136]},"properties":{"access_code":"public","access_days_time":"24 hours daily","access_detail_code":null,"cards_accepted":null,"date_last_confirmed":"2025-04-23","expected_date":null,"fuel_type_code":"ELEC","groups_with_access_code":"Public","id":388980,"maximum_vehicle_class":null,"open_date":"2025-04-01","owner_type_code":null,"restricted_access":null,"status_code":"E","funding_sources":null,"facility_type":null,"station_name":"BERKSHIRE GRP STATION 4","station_phone":"888-758-4389","updated_at":"2025-04-23T01:23:55Z","geocode_status":"GPS","city":"Washington","country":"US","intersection_directions":"G1 Res side of gate","plus4":null,"state":"DC","street_address":"2100 2nd St SW","zip":"20593","bd_blends":null,"cng_dispenser_num":null,"cng_fill_type_code":null,"cng_has_rng":null,"cng_psi":null,"cng_renewable_source":null,"cng_total_compression":null,"cng_total_storage":null,"cng_vehicle_class":null,"e85_blender_pump":null,"e85_other_ethanol_blends":null,"ev_connector_types":["J1772"],"ev_dc_fast_num":null,"ev_level1_evse_num":null,"ev_level2_evse_num":2,"ev_network":"ChargePoint Network","ev_network_web":"https://www.chargepoint.com","ev_other_evse":null,"ev_pricing":null,"ev_renewable_source":null,"ev_workplace_charging":false,"hy_is_retail":null,"hy_pressures":null,"hy_standards":null,"hy_status_link":null,"lng_has_rng":null,"lng_renewable_source":null,"lng_vehicle_class":null,"lpg_nozzle_types":null,"lpg_primary":null,"ng_fill_type_code":null,"ng_psi":null,"ng_vehicle_class":null,"rd_blended_with_biodiesel":null,"rd_blends":null,"rd_blends_fr":null,"rd_max_biodiesel_level":null,"nps_unit_name":null,"access_days_time_fr":null,"intersection_directions_fr":null,"bd_blends_fr":null,"groups_with_access_code_fr":"Public","ev_pricing_fr":null,"ev_network_ids":{"station":["USCPIL5480641"],"posts":["9096621","9096631"]}}},{"type":"Feature","geometry":{"type":"Point","coordinates":[-77.013084,38.86418]},"properties":{"access_code":"public","access_days_time":"24 hours daily","access_detail_code":null,"cards_accepted":null,"date_last_confirmed":"2025-04-23","expected_date":null,"fuel_type_code":"ELEC","groups_with_access_code":"Public","id":388981,"maximum_vehicle_class":null,"open_date":"2025-04-01","owner_type_code":null,"restricted_access":null,"status_code":"E","funding_sources":null,"facility_type":null,"station_name":"BERKSHIRE GRP STATION 3","station_phone":"888-758-4389","updated_at":"2025-04-23T01:23:55Z","geocode_status":"GPS","city":"Washington","country":"US","intersection_directions":"G1 Res side of gate","plus4":null,"state":"DC","street_address":"2100 2nd St SW","zip":"20593","bd_blends":null,"cng_dispenser_num":null,"cng_fill_type_code":null,"cng_has_rng":null,"cng_psi":null,"cng_renewable_source":null,"cng_total_compression":null,"cng_total_storage":null,"cng_vehicle_class":null,"e85_blender_pump":null,"e85_other_ethanol_blends":null,"ev_connector_types":["J1772"],"ev_dc_fast_num":null,"ev_level1_evse_num":null,"ev_level2_evse_num":2,"ev_network":"ChargePoint Network","ev_network_web":"https://www.chargepoint.com","ev_other_evse":null,"ev_pricing":null,"ev_renewable_source":null,"ev_workplace_charging":false,"hy_is_retail":null,"hy_pressures":null,"hy_standards":null,"hy_status_link":null,"lng_has_rng":null,"lng_renewable_source":null,"lng_vehicle_class":null,"lpg_nozzle_types":null,"lpg_primary":null,"ng_fill_type_code":null,"ng_psi":null,"ng_vehicle_class":null,"rd_blended_with_biodiesel":null,"rd_blends":null,"rd_blends_fr":null,"rd_max_biodiesel_level":null,"nps_unit_name":null,"access_days_time_fr":null,"intersection_directions_fr":null,"bd_blends_fr":null,"groups_with_access_code_fr":"Public","ev_pricing_fr":null,"ev_network_ids":{"station":["USCPIL5480651"],"posts":["25476841","25476851"]}}},{"type":"Feature","geometry":{"type":"Point","coordinates":[-77.013306,38.864075]},"properties":{"access_code":"public","access_days_time":"24 hours daily","access_detail_code":null,"cards_accepted":null,"date_last_confirmed":"2025-04-23","expected_date":null,"fuel_type_code":"ELEC","groups_with_access_code":"Public","id":388982,"maximum_vehicle_class":null,"open_date":"2025-04-01","owner_type_code":null,"restricted_access":null,"status_code":"E","funding_sources":null,"facility_type":null,"station_name":"BERKSHIRE GRP STATION 5","station_phone":"888-758-4389","updated_at":"2025-04-23T01:23:55Z","geocode_status":"GPS","city":"Washington","country":"US","intersection_directions":"G1 bottom of ramp across garage by gate","plus4":null,"state":"DC","street_address":"2100 2nd St SW","zip":"20593","bd_blends":null,"cng_dispenser_num":null,"cng_fill_type_code":null,"cng_has_rng":null,"cng_psi":null,"cng_renewable_source":null,"cng_total_compression":null,"cng_total_storage":null,"cng_vehicle_class":null,"e85_blender_pump":null,"e85_other_ethanol_blends":null,"ev_connector_types":["J1772"],"ev_dc_fast_num":null,"ev_level1_evse_num":null,"ev_level2_evse_num":2,"ev_network":"ChargePoint Network","ev_network_web":"https://www.chargepoint.com","ev_other_evse":null,"ev_pricing":null,"ev_renewable_source":null,"ev_workplace_charging":false,"hy_is_retail":null,"hy_pressures":null,"hy_standards":null,"hy_status_link":null,"lng_has_rng":null,"lng_renewable_source":null,"lng_vehicle_class":null,"lpg_nozzle_types":null,"lpg_primary":null,"ng_fill_type_code":null,"ng_psi":null,"ng_vehicle_class":null,"rd_blended_with_biodiesel":null,"rd_blends":null,"rd_blends_fr":null,"rd_max_biodiesel_level":null,"nps_unit_name":null,"access_days_time_fr":null,"intersection_directions_fr":null,"bd_blends_fr":null,"groups_with_access_code_fr":"Public","ev_pricing_fr":null,"ev_network_ids":{"station":["USCPIL5480661"],"posts":["9096661","9096671"]}}},{"type":"Feature","geometry":{"type":"Point","coordinates":[-77.01304,38.864136]},"properties":{"access_code":"public","access_days_time":"24 hours daily","access_detail_code":null,"cards_accepted":null,"date_last_confirmed":"2025-04-23","expected_date":null,"fuel_type_code":"ELEC","groups_with_access_code":"Public","id":388983,"maximum_vehicle_class":null,"open_date":"2025-04-01","owner_type_code":null,"restricted_access":null,"status_code":"E","funding_sources":null,"facility_type":null,"station_name":"BERKSHIRE GRP STATION 1","station_phone":"888-758-4389","updated_at":"2025-04-23T01:23:55Z","geocode_status":"GPS","city":"Washington","country":"US","intersection_directions":"G1 Res side of Gate","plus4":null,"state":"DC","street_address":"2100 2nd St SW","zip":"20024","bd_blends":null,"cng_dispenser_num":null,"cng_fill_type_code":null,"cng_has_rng":null,"cng_psi":null,"cng_renewable_source":null,"cng_total_compression":null,"cng_total_storage":null,"cng_vehicle_class":null,"e85_blender_pump":null,"e85_other_ethanol_blends":null,"ev_connector_types":["J1772"],"ev_dc_fast_num":null,"ev_level1_evse_num":null,"ev_level2_evse_num":2,"ev_network":"ChargePoint Network","ev_network_web":"https://www.chargepoint.com","ev_other_evse":null,"ev_pricing":null,"ev_renewable_source":null,"ev_workplace_charging":false,"hy_is_retail":null,"hy_pressures":null,"hy_standards":null,"hy_status_link":null,"lng_has_rng":null,"lng_renewable_source":null,"lng_vehicle_class":null,"lpg_nozzle_types":null,"lpg_primary":null,"ng_fill_type_code":null,"ng_psi":null,"ng_vehicle_class":null,"rd_blended_with_biodiesel":null,"rd_blends":null,"rd_blends_fr":null,"rd_max_biodiesel_level":null,"nps_unit_name":null,"access_days_time_fr":null,"intersection_directions_fr":null,"bd_blends_fr":null,"groups_with_access_code_fr":"Public","ev_pricing_fr":null,"ev_network_ids":{"station":["USCPIL5480701"],"posts":["9096741","9096751"]}}},{"type":"Feature","geometry":{"type":"Point","coordinates":[-77.013115,38.864174]},"properties":{"access_code":"public","access_days_time":"24 hours daily","access_detail_code":null,"cards_accepted":null,"date_last_confirmed":"2025-04-23","expected_date":"2025-04-01","fuel_type_code":"ELEC","groups_with_access_code":"TEMPORARILY UNAVAILABLE (Public)","id":388984,"maximum_vehicle_class":null,"open_date":"2025-04-01","owner_type_code":null,"restricted_access":null,"status_code":"T","funding_sources":null,"facility_type":null,"station_name":"BERKSHIRE GRP STATION 6","station_phone":"888-758-4389","updated_at":"2025-04-23T01:23:56Z","geocode_status":"GPS","city":"Washington","country":"US","intersection_directions":"G1 bottom ramp on left","plus4":null,"state":"DC","street_address":"2100 2nd St SW","zip":"20593","bd_blends":null,"cng_dispenser_num":null,"cng_fill_type_code":null,"cng_has_rng":null,"cng_psi":null,"cng_renewable_source":null,"cng_total_compression":null,"cng_total_storage":null,"cng_vehicle_class":null,"e85_blender_pump":null,"e85_other_ethanol_blends":null,"ev_connector_types":["J1772"],"ev_dc_fast_num":null,"ev_level1_evse_num":null,"ev_level2_evse_num":2,"ev_network":"ChargePoint Network","ev_network_web":"https://www.chargepoint.com","ev_other_evse":null,"ev_pricing":null,"ev_renewable_source":null,"ev_workplace_charging":false,"hy_is_retail":null,"hy_pressures":null,"hy_standards":null,"hy_status_link":null,"lng_has_rng":null,"lng_renewable_source":null,"lng_vehicle_class":null,"lpg_nozzle_types":null,"lpg_primary":null,"ng_fill_type_code":null,"ng_psi":null,"ng_vehicle_class":null,"rd_blended_with_biodiesel":null,"rd_blends":null,"rd_blends_fr":null,"rd_max_biodiesel_level":null,"nps_unit_name":null,"access_days_time_fr":null,"intersection_directions_fr":null,"bd_blends_fr":null,"groups_with_access_code_fr":"TEMPORAIREMENT SUSPENDU (Public)","ev_pricing_fr":null,"ev_network_ids":{"station":["USCPIL5480741"],"posts":["9096821","9096831"]}}},{"type":"Feature","geometry":{"type":"Point","coordinates":[-77.013054,38.86413]},"properties":{"access_code":"public","access_days_time":"24 hours daily","access_detail_code":null,"cards_accepted":null,"date_last_confirmed":"2025-04-23","expected_date":null,"fuel_type_code":"ELEC","groups_with_access_code":"Public","id":388985,"maximum_vehicle_class":null,"open_date":"2025-04-01","owner_type_code":null,"restricted_access":null,"status_code":"E","funding_sources":null,"facility_type":null,"station_name":"BERKSHIRE GRP STATION 2","station_phone":"888-758-4389","updated_at":"2025-04-23T01:24:51Z","geocode_status":"GPS","city":"Washington","country":"US","intersection_directions":"G1","plus4":null,"state":"DC","street_address":"2100 2nd St SW","zip":"20593","bd_blends":null,"cng_dispenser_num":null,"cng_fill_type_code":null,"cng_has_rng":null,"cng_psi":null,"cng_renewable_source":null,"cng_total_compression":null,"cng_total_storage":null,"cng_vehicle_class":null,"e85_blender_pump":null,"e85_other_ethanol_blends":null,"ev_connector_types":["J1772"],"ev_dc_fast_num":null,"ev_level1_evse_num":null,"ev_level2_evse_num":2,"ev_network":"ChargePoint Network","ev_network_web":"https://www.chargepoint.com","ev_other_evse":null,"ev_pricing":null,"ev_renewable_source":null,"ev_workplace_charging":false,"hy_is_retail":null,"hy_pressures":null,"hy_standards":null,"hy_status_link":null,"lng_has_rng":null,"lng_renewable_source":null,"lng_vehicle_class":null,"lpg_nozzle_types":null,"lpg_primary":null,"ng_fill_type_code":null,"ng_psi":null,"ng_vehicle_class":null,"rd_blended_with_biodiesel":null,"rd_blends":null,"rd_blends_fr":null,"rd_max_biodiesel_level":null,"nps_unit_name":null,"access_days_time_fr":null,"intersection_directions_fr":null,"bd_blends_fr":null,"groups_with_access_code_fr":"Public","ev_pricing_fr":null,"ev_network_ids":{"station":["USCPIL5517691"],"posts":["9144391","9144401"]}}},{"type":"Feature","geometry":{"type":"Point","coordinates":[-77.047898,38.901206]},"properties":{"access_code":"public","access_days_time":"24 hours daily","access_detail_code":null,"cards_accepted":"A D Debit M V","date_last_confirmed":null,"expected_date":null,"fuel_type_code":"ELEC","groups_with_access_code":"Public","id":390299,"maximum_vehicle_class":"LD","open_date":"2024-01-24","owner_type_code":"P","restricted_access":false,"status_code":"E","funding_sources":null,"facility_type":"PAY_GARAGE","station_name":"2112 Penn - Lot 948","station_phone":"844-765-0150","updated_at":"2025-04-18T20:31:01Z","geocode_status":"GPS","city":"Washington","country":"US","intersection_directions":null,"plus4":null,"state":"DC","street_address":"2112 Pennsylvania Ave NW","zip":"20037","bd_blends":null,"cng_dispenser_num":null,"cng_fill_type_code":null,"cng_has_rng":null,"cng_psi":null,"cng_renewable_source":null,"cng_total_compression":null,"cng_total_storage":null,"cng_vehicle_class":null,"e85_blender_pump":null,"e85_other_ethanol_blends":null,"ev_connector_types":["J1772"],"ev_dc_fast_num":null,"ev_level1_evse_num":null,"ev_level2_evse_num":2,"ev_network":"AUTEL","ev_network_web":"https://autelenergy.us","ev_other_evse":null,"ev_pricing":"$0.00 per kWh","ev_renewable_source":null,"ev_workplace_charging":false,"hy_is_retail":null,"hy_pressures":null,"hy_standards":null,"hy_status_link":null,"lng_has_rng":null,"lng_renewable_source":null,"lng_vehicle_class":null,"lpg_nozzle_types":null,"lpg_primary":null,"ng_fill_type_code":null,"ng_psi":null,"ng_vehicle_class":null,"rd_blended_with_biodiesel":null,"rd_blends":null,"rd_blends_fr":null,"rd_max_biodiesel_level":null,"nps_unit_name":null,"access_days_time_fr":null,"intersection_directions_fr":null,"bd_blends_fr":null,"groups_with_access_code_fr":"Public","ev_pricing_fr":null}}]}